match_type,coh,match_key,match_delta,offered_trial_index,offered_choice_type,offered_correct,offered_evidence_axis,offered_sure_axis,offered_confidence_near_ts,matched_no_sure_trial_index,matched_no_sure_correct,matched_no_sure_evidence_axis,matched_no_sure_sure_axis,matched_no_sure_confidence_near_ts,sure_trial_index,waived_trial_index,sure_axis_delta_sure_minus_waived,confidence_delta_sure_minus_waived
offered_to_no_sure,0.0,evidence_axis,0.007345895804236599,0,sure,False,0.00047558908814152013,0.13792785651949274,0.5946571230888367,360,False,0.00782148489237812,0.04485563685096491,0.40722447633743286,,,,
offered_to_no_sure,0.064,evidence_axis,0.004421568588618224,1,sure,False,0.13662156140100998,0.07350043986555306,0.206516295671463,100,True,0.1410431299896282,0.0762902433737376,0.8113960027694702,,,,
offered_to_no_sure,0.032,evidence_axis,0.0013611265729282507,3,sure,False,0.07202551609174052,0.06855063619784937,0.46208739280700684,128,False,0.07338664266466877,-0.00954679149934289,0.5434894561767578,,,,
offered_to_no_sure,0.0,evidence_axis,0.0002691879680070657,6,sure,False,0.009813065916948936,0.1136356556523258,0.13448697328567505,254,True,0.00954387794894187,0.08534723885617361,0.1720474362373352,,,,
offered_to_no_sure,0.512,evidence_axis,0.004823291451440781,8,direction,True,0.45588000517878097,-0.061788590564842934,0.9197088479995728,359,True,0.4510567137273402,-0.03220417766509112,1.2725461721420288,,,,
offered_to_no_sure,0.0,evidence_axis,0.0014526138122659404,9,sure,False,0.061153006511107846,0.06762981222705454,0.17002001404762268,181,True,0.059700392698841906,-0.038884937941810784,0.8764283061027527,,,,
offered_to_no_sure,0.128,evidence_axis,0.002612055467335478,10,sure,False,0.22394696715010054,0.02621599557883248,0.9454072117805481,51,True,0.22655902261743602,0.11497391455928577,0.8867581486701965,,,,
offered_to_no_sure,0.032,evidence_axis,0.001074417375737366,14,sure,False,0.12058127614251667,0.0229840885324336,0.06627517938613892,76,True,0.1195068587667793,-0.013123922708022881,0.41556939482688904,,,,
offered_to_no_sure,0.128,evidence_axis,0.004106512384715044,15,sure,False,0.21328314612763571,0.06714037839341079,0.6803285479545593,98,True,0.20917663374292067,-0.00235532773414442,0.899841845035553,,,,
offered_to_no_sure,0.128,evidence_axis,0.004944668105561406,16,direction,True,0.16024813034803903,-0.0919495049930153,0.8422288298606873,221,True,0.15530346224247762,-0.040641972558497975,0.7825876474380493,,,,
offered_to_no_sure,0.256,evidence_axis,0.011185561974758396,21,direction,True,0.40053397258495443,-0.06686470297289103,1.139516830444336,274,True,0.41171953455971283,-0.029139227372420928,1.1995640993118286,,,,
offered_to_no_sure,0.064,evidence_axis,0.012438269844865693,22,sure,False,0.10946368470693627,0.04214717415773593,0.212027907371521,388,True,0.12190195455180196,0.12259490876540194,0.7781838774681091,,,,
offered_to_no_sure,0.064,evidence_axis,0.0020900131536052136,23,sure,False,0.138953116836023,0.10677393786050297,0.48468247056007385,100,True,0.1410431299896282,0.0762902433737376,0.8113960027694702,,,,
offered_to_no_sure,0.032,evidence_axis,0.002096948757883077,24,direction,True,0.12277615419178248,-0.09836456982609701,0.8170849084854126,60,False,0.12487310294966555,0.022580887606094596,0.12990444898605347,,,,
offered_to_no_sure,0.128,evidence_axis,0.00015846781409267763,26,direction,True,0.27256907741614556,-0.07442370259170832,0.8987525701522827,120,True,0.27272754523023823,-0.015657910744603928,1.0366454124450684,,,,
offered_to_no_sure,0.512,evidence_axis,0.007754176713270389,27,direction,True,0.5734452817597565,-0.04352313890409022,1.0624128580093384,206,True,0.5656911050464861,-0.024558407956706805,1.1524447202682495,,,,
offered_to_no_sure,0.512,evidence_axis,0.0015894365748762018,28,direction,True,0.40598790709556076,-0.0059879620138396945,0.9463774561882019,332,True,0.40439847052068456,-0.07922201265546139,1.4614324569702148,,,,
offered_to_no_sure,0.128,evidence_axis,3.7137989679358885e-05,30,sure,False,0.22652188462775666,0.06618083152749213,0.6351488828659058,51,True,0.22655902261743602,0.11497391455928577,0.8867581486701965,,,,
offered_to_no_sure,0.256,evidence_axis,0.009437897775829818,32,direction,True,0.3224594990848857,-0.06148966284369002,0.9904776215553284,116,True,0.3318973968607155,-0.009745770192992899,1.0234123468399048,,,,
offered_to_no_sure,0.032,evidence_axis,0.009786706052819089,34,sure,False,0.09593825343229363,0.11129515725785269,0.2543676793575287,17,True,0.08615154737947454,-0.02538141848323731,0.8905899524688721,,,,
offered_to_no_sure,0.064,evidence_axis,0.001244335981760436,35,sure,False,0.17335813411947146,0.04595536973804302,0.6544570922851562,45,True,0.17211379813771102,-0.00962699816564273,0.6324023008346558,,,,
offered_to_no_sure,0.0,evidence_axis,0.006044424402279863,38,sure,False,0.0017770604900982567,0.04637631925850674,0.2227250635623932,360,False,0.00782148489237812,0.04485563685096491,0.40722447633743286,,,,
offered_to_no_sure,0.064,evidence_axis,0.001160503049881606,39,sure,False,0.14826618719441598,-0.01861445183915087,0.567012369632721,211,True,0.14942669024429758,-0.06716066698820136,0.5740200281143188,,,,
offered_to_no_sure,0.128,evidence_axis,0.0037976732793686407,44,direction,True,0.18154562129659568,-0.0054245254496439735,0.7395356893539429,88,True,0.17774794801722704,0.0003912993743770018,0.7937297821044922,,,,
offered_to_no_sure,0.128,evidence_axis,0.011158336841804437,50,direction,True,0.07653798541435913,-0.07506279134253573,0.7547812461853027,316,True,0.08769632225616357,-0.004195782502453127,0.8245546817779541,,,,
offered_to_no_sure,0.032,evidence_axis,0.00028389197461874127,53,sure,False,0.11979075074139804,-0.006378745260893813,0.06492656469345093,76,True,0.1195068587667793,-0.013123922708022881,0.41556939482688904,,,,
offered_to_no_sure,0.512,evidence_axis,0.0902363858588695,62,direction,True,0.6958023616194577,0.01820605413795473,1.112361192703247,271,True,0.6055659757605882,0.1334080732111607,1.309319019317627,,,,
offered_to_no_sure,0.032,evidence_axis,0.003236045486427183,63,sure,False,0.07662268815109595,0.07298097297476973,0.3820871114730835,128,False,0.07338664266466877,-0.00954679149934289,0.5434894561767578,,,,
offered_to_no_sure,0.256,evidence_axis,0.002015426304767476,64,direction,True,0.3755252373388985,0.003653532631704699,0.9639065861701965,33,True,0.373509811034131,-0.010513608287760939,1.2474339008331299,,,,
offered_to_no_sure,0.256,evidence_axis,0.010279061810395396,65,direction,True,0.40144047274931743,0.04825376547311228,1.0250649452209473,274,True,0.41171953455971283,-0.029139227372420928,1.1995640993118286,,,,
offered_to_no_sure,0.512,evidence_axis,0.013412582823035812,66,direction,True,0.618978558583624,0.04182970494526306,1.399477481842041,271,True,0.6055659757605882,0.1334080732111607,1.309319019317627,,,,
offered_to_no_sure,0.128,evidence_axis,0.001700924150099703,68,direction,True,0.24123616755991806,-0.07932335092559135,0.9576583504676819,107,True,0.24293709171001776,0.07876851308759836,0.9917370080947876,,,,
offered_to_no_sure,0.0,evidence_axis,0.0018007184324040758,69,sure,False,0.011834780914905946,-0.08680155583853437,0.5228780508041382,186,True,0.013635499347310022,-0.04390255207595748,0.18613064289093018,,,,
offered_to_no_sure,0.128,evidence_axis,0.0025638813097833835,72,direction,True,0.22399514130765263,-0.07726452223190393,0.7909809350967407,51,True,0.22655902261743602,0.11497391455928577,0.8867581486701965,,,,
offered_to_no_sure,0.512,evidence_axis,0.02153617414162201,73,direction,True,0.5249971912678336,0.013816126792004313,1.4154874086380005,357,True,0.5465333654094556,0.07333828864814734,1.0743447542190552,,,,
offered_to_no_sure,0.032,evidence_axis,0.01102823991660519,75,sure,False,0.1057736445424548,-0.03681155099262722,0.48685160279273987,43,False,0.11680188445905999,-0.02562049756428847,0.14072474837303162,,,,
offered_to_no_sure,0.256,evidence_axis,0.005517680448800133,77,direction,True,0.14813234717537463,-0.09748536149628502,0.8263635635375977,42,True,0.15365002762417476,0.021364663349376624,0.8731002807617188,,,,
offered_to_no_sure,0.064,evidence_axis,0.0004543539948046113,78,sure,False,0.06284635773349041,-0.029228830577115807,0.42383328080177307,161,True,0.0623920037386858,0.009021266389948098,0.5783761143684387,,,,
offered_to_no_sure,0.512,evidence_axis,0.0046972000396826585,79,direction,True,0.3838674450304375,0.05909059095280094,1.2217172384262085,13,True,0.37917024499075486,-0.007891765145533632,1.1879619359970093,,,,
offered_to_no_sure,0.256,evidence_axis,0.004979024700006607,81,direction,True,0.20908761377996063,0.020987884326975396,0.8381404876708984,37,True,0.21406663847996724,-0.050430380512115264,1.109898567199707,,,,
offered_to_no_sure,0.128,evidence_axis,0.0008714860138001046,82,direction,True,0.19989441169457628,-0.014519547411577346,0.8959273099899292,94,True,0.19902292568077617,-0.10470694306841968,0.8939051628112793,,,,
offered_to_no_sure,0.032,evidence_axis,0.00137349896128576,86,sure,False,0.060085843336183845,0.0027621925519305916,0.5634161233901978,260,True,0.058712344374898084,-0.06322798718185134,0.5944964289665222,,,,
offered_to_no_sure,0.256,evidence_axis,0.007622306513558275,91,direction,True,0.4580315329948878,-0.01992810377985231,1.1238839626312256,280,True,0.4656538395084461,-0.05095632984218959,0.9362893104553223,,,,
offered_to_no_sure,0.128,evidence_axis,0.0005533627517498585,92,sure,False,0.08714295950441371,0.015447256950249339,0.43448707461357117,316,True,0.08769632225616357,-0.004195782502453127,0.8245546817779541,,,,
offered_to_no_sure,0.128,evidence_axis,0.0013550367490991755,95,direction,True,0.16495158282729794,-0.1315100684896717,0.7302943468093872,115,True,0.1663066195763971,-0.08589527287990914,0.8144739866256714,,,,
offered_to_no_sure,0.256,evidence_axis,0.0006074917841998873,101,direction,True,0.2820704305289479,-0.0618487857465716,0.6704730987548828,67,True,0.28146293874474804,-0.10773313689947292,1.0998284816741943,,,,
offered_to_no_sure,0.512,evidence_axis,0.01472514758536414,102,direction,True,0.6202911233459524,-0.01031371598684645,1.1267995834350586,271,True,0.6055659757605882,0.1334080732111607,1.309319019317627,,,,
offered_to_no_sure,0.064,evidence_axis,0.0007904913274490305,103,sure,False,0.0401458955938802,0.0036938988923265505,0.17324915528297424,41,True,0.04093638692132923,0.07274735512126616,0.6003861427307129,,,,
offered_to_no_sure,0.128,evidence_axis,0.0015910795477581674,105,sure,False,0.1568945417902358,0.08232559173178147,0.7932265400886536,221,True,0.15530346224247762,-0.040641972558497975,0.7825876474380493,,,,
offered_to_no_sure,0.064,evidence_axis,0.002716687337878332,106,direction,True,0.18436974475390253,-0.0704200311276158,0.8428778648376465,258,True,0.18708643209178086,-0.037484913210229606,0.9274024963378906,,,,
offered_to_no_sure,0.256,evidence_axis,0.000358982286878029,108,sure,False,0.27611742006707163,-0.013587468843306732,0.9241170883178711,230,True,0.27647640235394966,-0.07084567582095962,0.9496257305145264,,,,
offered_to_no_sure,0.256,evidence_axis,0.01242439276791013,111,direction,True,0.3992951417918027,-0.05105188438761726,0.9221086502075195,274,True,0.41171953455971283,-0.029139227372420928,1.1995640993118286,,,,
offered_to_no_sure,0.128,evidence_axis,0.010880629635022357,122,sure,False,0.09958965256988268,0.09372255764547362,0.6808445453643799,151,True,0.08870902293486033,-0.027745901346610903,0.8359900712966919,,,,
offered_to_no_sure,0.256,evidence_axis,0.0029399446242724947,123,direction,True,0.4627138948841736,0.08183334576343675,1.296584963798523,280,True,0.4656538395084461,-0.05095632984218959,0.9362893104553223,,,,
offered_to_no_sure,0.064,evidence_axis,0.005569679807165814,126,sure,False,0.03229288151119704,0.004060424775459988,0.698939859867096,162,True,0.03786256131836285,0.15098449621211438,0.011130154132843018,,,,
offered_to_no_sure,0.0,evidence_axis,0.00045622262121138013,129,sure,False,0.021646017909297068,0.10883263511287503,0.19372767210006714,391,True,0.02210224053050845,0.012231467007593845,0.39366430044174194,,,,
offered_to_no_sure,0.0,evidence_axis,0.0005415658768583419,130,sure,False,0.010085443825800212,-0.00813044970840443,0.06602334976196289,254,True,0.00954387794894187,0.08534723885617361,0.1720474362373352,,,,
offered_to_no_sure,0.256,evidence_axis,0.0025371604962070304,133,direction,True,0.24701953655260026,-0.13481347784367556,0.7654334306716919,380,True,0.24955669704880729,0.01729086123003028,1.0091603994369507,,,,
offered_to_no_sure,0.256,evidence_axis,0.0007816390091311964,134,direction,True,0.2249052031939468,-0.04815801103385722,0.9345384240150452,154,True,0.2241235641848156,-0.01622433926129913,0.7638933062553406,,,,
offered_to_no_sure,0.256,evidence_axis,0.002427122960510786,136,direction,True,0.30485984492584656,-0.11471285366379283,1.040425181388855,145,True,0.30728696788635734,0.016112663076782906,0.8942881226539612,,,,
offered_to_no_sure,0.064,evidence_axis,0.0010616729681944305,142,sure,False,0.003593943478091363,0.04657734248499744,0.7651392817497253,302,True,0.0046556164462857935,0.01325226656032978,0.15426358580589294,,,,
offered_to_no_sure,0.512,evidence_axis,0.0003032389855508466,143,direction,True,0.4486863225701518,-0.014570921953549587,0.9108240604400635,131,True,0.44838308358460094,-0.06386906927144226,1.1028289794921875,,,,
offered_to_no_sure,0.064,evidence_axis,0.0008617757898126965,146,direction,True,0.15233311322789359,-0.04846326615518364,0.882063627243042,83,True,0.15319488901770628,0.054281202920348236,0.364971399307251,,,,
offered_to_no_sure,0.064,evidence_axis,0.013415275877856125,147,sure,False,0.10342416286314758,-0.031190422565951954,0.7131878137588501,61,True,0.09000888698529146,-0.01880104933385606,0.5322180390357971,,,,
offered_to_no_sure,0.064,evidence_axis,0.009509399556603487,149,direction,True,0.11239255499519847,-0.08330680052855904,0.8542773127555847,388,True,0.12190195455180196,0.12259490876540194,0.7781838774681091,,,,
offered_to_no_sure,0.512,evidence_axis,0.033361204036628345,150,direction,True,0.6389271797972166,-0.007376731687060528,1.2709052562713623,271,True,0.6055659757605882,0.1334080732111607,1.309319019317627,,,,
offered_to_no_sure,0.256,evidence_axis,0.008892038955709058,152,direction,True,0.32019928783824475,-0.054701436839673906,1.0442745685577393,84,True,0.3113072488825357,-0.025792321178808135,1.0278754234313965,,,,
offered_to_no_sure,0.256,evidence_axis,0.002389175347840722,155,direction,True,0.22173438883697488,-0.10816549455694457,1.0616284608840942,154,True,0.2241235641848156,-0.01622433926129913,0.7638933062553406,,,,
offered_to_no_sure,0.064,evidence_axis,0.0005040515903280487,156,sure,False,0.053654878059851106,-0.021493547056206246,0.43149980902671814,174,True,0.05315082646952306,0.0017659560543186851,0.3755478858947754,,,,
offered_to_no_sure,0.064,evidence_axis,0.006983703872074309,158,direction,True,0.20132143621139933,0.02563062088017466,0.7572059035301208,119,True,0.19433773233932503,-0.01797392211780438,0.9262434244155884,,,,
offered_to_no_sure,0.032,evidence_axis,0.0013163763964090247,163,direction,True,0.13909593798458503,-0.046323875109528824,0.5919761657714844,204,True,0.137779561588176,0.006051384600668079,0.684172511100769,,,,
offered_to_no_sure,0.256,evidence_axis,0.0016276783344720824,164,direction,True,0.2658925631739658,-0.013448352962099503,0.8634863495826721,109,True,0.2675202415084379,0.034973792542462745,0.9052599668502808,,,,
offered_to_no_sure,0.256,evidence_axis,0.029835261617241593,167,direction,True,0.49548910112568767,-0.06065831328334054,1.2862491607666016,280,True,0.4656538395084461,-0.05095632984218959,0.9362893104553223,,,,
offered_to_no_sure,0.064,evidence_axis,0.0002819054420265116,169,sure,False,0.04065448147930272,-0.015852286444259258,0.8261268734931946,41,True,0.04093638692132923,0.07274735512126616,0.6003861427307129,,,,
offered_to_no_sure,0.032,evidence_axis,0.00018290672553894494,170,sure,False,0.06306404529184924,0.06404130147930337,0.32965150475502014,196,True,0.06324695201738818,0.03715010880513086,0.5455051064491272,,,,
offered_to_no_sure,0.0,evidence_axis,0.0006232843939679017,171,sure,False,0.04579211563845918,-0.07182140091578502,0.38878995180130005,244,False,0.04516883124449128,0.0074319119064375164,0.5208731293678284,,,,
offered_to_no_sure,0.0,evidence_axis,0.001786101988852859,173,sure,False,0.07723207891327404,0.0722237671855917,0.1898956000804901,297,True,0.07544597692442118,-0.07128781321688675,0.5570166110992432,,,,
offered_to_no_sure,0.0,evidence_axis,0.0006094300749359474,175,sure,False,0.008934447874005923,0.021670607569819138,0.5951899290084839,254,True,0.00954387794894187,0.08534723885617361,0.1720474362373352,,,,
offered_to_no_sure,0.128,evidence_axis,0.0020143013866292248,178,direction,True,0.32503748545006295,0.008834451855905036,0.9160236716270447,208,True,0.32705178683669217,-0.043407107084073145,0.941100537776947,,,,
offered_to_no_sure,0.064,evidence_axis,0.0005076403855306753,179,sure,False,0.014972585273454906,0.004167577819070283,0.3540498614311218,132,True,0.015480225658985582,0.024999368136448617,0.4464030861854553,,,,
offered_to_no_sure,0.256,evidence_axis,0.004329868035165357,180,direction,True,0.18953662539257432,-0.011092927875320104,0.8513548374176025,300,True,0.18520675735740896,0.012454905072935936,0.8147361278533936,,,,
offered_to_no_sure,0.512,evidence_axis,0.0038448265075744503,183,direction,True,0.4005536440131101,-0.020411276115575402,0.7372520565986633,332,True,0.40439847052068456,-0.07922201265546139,1.4614324569702148,,,,
offered_to_no_sure,0.128,evidence_axis,0.00046684647340622387,185,sure,False,0.08722947578275735,-0.024586694257490438,0.7531251311302185,316,True,0.08769632225616357,-0.004195782502453127,0.8245546817779541,,,,
offered_to_no_sure,0.128,evidence_axis,0.014805699346566892,189,direction,True,0.10351472228142722,0.026036013879804004,0.6257724761962891,151,True,0.08870902293486033,-0.027745901346610903,0.8359900712966919,,,,
offered_to_no_sure,0.256,evidence_axis,0.014197947885830231,192,direction,True,0.4798517873942763,0.05456857148127485,1.1261118650436401,280,True,0.4656538395084461,-0.05095632984218959,0.9362893104553223,,,,
offered_to_no_sure,0.0,evidence_axis,0.0019142612836389947,194,sure,False,0.011721238063671027,0.009030434426443596,0.05372875928878784,186,True,0.013635499347310022,-0.04390255207595748,0.18613064289093018,,,,
offered_to_no_sure,0.512,evidence_axis,0.08705947662613989,195,direction,True,0.6926254523867281,0.0032693907933502675,1.5716711282730103,271,True,0.6055659757605882,0.1334080732111607,1.309319019317627,,,,
offered_to_no_sure,0.512,evidence_axis,0.04650806896924664,197,direction,True,0.6520740447298349,0.08689871879883423,1.2916855812072754,271,True,0.6055659757605882,0.1334080732111607,1.309319019317627,,,,
offered_to_no_sure,0.0,evidence_axis,3.5087838693085086e-05,198,sure,False,0.009578965787634956,0.10030385961600481,0.2510901689529419,254,True,0.00954387794894187,0.08534723885617361,0.1720474362373352,,,,
offered_to_no_sure,0.256,evidence_axis,0.0007492320626013016,200,direction,True,0.27572717029134836,-0.1109204228759099,0.9367355108261108,230,True,0.27647640235394966,-0.07084567582095962,0.9496257305145264,,,,
offered_to_no_sure,0.128,evidence_axis,0.00336886969985839,202,direction,True,0.2976322913055691,-0.013891901226708284,0.796630322933197,12,True,0.29426342160571073,-0.08354717977904295,0.8690622448921204,,,,
offered_to_no_sure,0.128,evidence_axis,0.002376502518569912,203,direction,True,0.17537144549865713,-0.06601243294424645,0.9658656120300293,88,True,0.17774794801722704,0.0003912993743770018,0.7937297821044922,,,,
offered_to_no_sure,0.512,evidence_axis,0.0018450080299372562,205,direction,True,0.36276929152747295,-0.049888167696337145,1.1612582206726074,191,True,0.3609242834975357,-0.07659933740794077,1.0266642570495605,,,,
offered_to_no_sure,0.064,evidence_axis,0.000124400653898106,210,sure,False,0.06251640439258391,0.023545850572521367,0.5046842694282532,161,True,0.0623920037386858,0.009021266389948098,0.5783761143684387,,,,
offered_to_no_sure,0.0,evidence_axis,0.0015591166920850275,212,sure,False,0.012076382655224994,0.07702297518770003,0.48058587312698364,186,True,0.013635499347310022,-0.04390255207595748,0.18613064289093018,,,,
offered_to_no_sure,0.256,evidence_axis,0.0006431381613992981,213,direction,True,0.18584989551880826,-0.04344378397325553,0.6318380832672119,300,True,0.18520675735740896,0.012454905072935936,0.8147361278533936,,,,
offered_to_no_sure,0.064,evidence_axis,0.005873246674062277,214,sure,False,0.13414304054326945,-0.06521590260366464,0.5451656579971313,193,True,0.12826979386920717,-0.009042970578963522,0.8458569049835205,,,,
offered_to_no_sure,0.0,evidence_axis,0.0005084816735460296,217,sure,False,0.049597864928996406,0.05472792720358873,0.1647399663925171,168,False,0.050106346602542436,0.052483390299382496,0.28965526819229126,,,,
offered_to_no_sure,0.128,evidence_axis,0.0003785271395900791,218,direction,True,0.2616293097117536,-0.08700319394534906,0.9432073831558228,97,True,0.2612507825721635,-0.022613457101438438,0.867102324962616,,,,
offered_to_no_sure,0.512,evidence_axis,0.012184868583250186,220,direction,True,0.5007294172387581,-0.014658027543147998,1.477965235710144,350,True,0.4885445486555079,-0.017319455142372767,1.161162257194519,,,,
offered_to_no_sure,0.064,evidence_axis,0.003594934795915661,222,sure,False,0.07246799443500591,-0.012451814907896763,0.6164090633392334,157,True,0.07606292923092157,0.04972461084138502,0.2527640461921692,,,,
offered_to_no_sure,0.032,evidence_axis,6.715809434765588e-05,223,direction,True,0.02515343869138911,0.01845328999152744,0.8311539888381958,114,True,0.025220596785736765,-0.009361109296115342,0.4262392222881317,,,,
offered_to_no_sure,0.0,evidence_axis,0.0015631453791608574,226,sure,False,0.12229093019180903,0.0016391623976016007,0.42481759190559387,4,True,0.12072778481264818,0.015703987346077326,0.16102010011672974,,,,
offered_to_no_sure,0.512,evidence_axis,0.04183771155468452,227,direction,True,0.6474036873152728,0.00026361520762512567,1.2974172830581665,271,True,0.6055659757605882,0.1334080732111607,1.309319019317627,,,,
offered_to_no_sure,0.0,evidence_axis,0.0010635636228413514,229,sure,False,0.12710101442373883,0.0875624674347598,0.11735954880714417,176,False,0.12816457804658019,0.005469726966241582,0.8287057876586914,,,,
offered_to_no_sure,0.0,evidence_axis,0.0013683729276171615,232,sure,False,0.010912250876559032,-0.03228198560907834,0.1864229142665863,254,True,0.00954387794894187,0.08534723885617361,0.1720474362373352,,,,
offered_to_no_sure,0.032,evidence_axis,0.0032014299092020665,233,direction,True,0.08935297728867661,-0.0532260946021617,0.7702829241752625,17,True,0.08615154737947454,-0.02538141848323731,0.8905899524688721,,,,
offered_to_no_sure,0.512,evidence_axis,0.0018037434397686902,234,direction,True,0.4903482920952766,0.03717925551245575,0.9695781469345093,350,True,0.4885445486555079,-0.017319455142372767,1.161162257194519,,,,
offered_to_no_sure,0.032,evidence_axis,0.0028877835947582198,236,sure,False,0.13489177799341778,-0.07714543910618755,0.5093319416046143,204,True,0.137779561588176,0.006051384600668079,0.684172511100769,,,,
offered_to_no_sure,0.128,evidence_axis,0.0053186636896376815,238,sure,False,0.16098795588675943,-0.013196985244943322,0.8685880899429321,115,True,0.1663066195763971,-0.08589527287990914,0.8144739866256714,,,,
offered_to_no_sure,0.0,evidence_axis,0.00024513207636695997,239,sure,False,0.01619608961955824,-0.026408358568057143,0.20931950211524963,366,True,0.0164412216959252,0.16611273953375677,0.35367441177368164,,,,
offered_to_no_sure,0.0,evidence_axis,0.0008025537876381814,240,sure,False,0.04597138503212946,-0.08637881278430129,0.5144333839416504,244,False,0.04516883124449128,0.0074319119064375164,0.5208731293678284,,,,
offered_to_no_sure,0.0,evidence_axis,8.803385974022471e-05,241,sure,False,0.05161061145868198,-0.016279276518926456,0.37618112564086914,216,True,0.05152257759894176,0.039798841794230815,0.5938630700111389,,,,
offered_to_no_sure,0.512,evidence_axis,0.007106535353444965,246,direction,True,0.2914136113094007,-0.05256947058662562,0.7898028492927551,278,True,0.2843070759559557,-0.09517183073348844,1.1895965337753296,,,,
offered_to_no_sure,0.128,evidence_axis,0.005308828779781116,247,direction,True,0.23186785139721713,-0.05041839857699453,0.84346604347229,51,True,0.22655902261743602,0.11497391455928577,0.8867581486701965,,,,
offered_to_no_sure,0.512,evidence_axis,0.005862620675230246,248,direction,True,0.4425204629093707,0.006212981191264077,1.0876296758651733,131,True,0.44838308358460094,-0.06386906927144226,1.1028289794921875,,,,
offered_to_no_sure,0.064,evidence_axis,0.0029156534615807092,250,sure,False,0.007571269907866503,0.020823922046550335,0.5828105807304382,302,True,0.0046556164462857935,0.01325226656032978,0.15426358580589294,,,,
offered_to_no_sure,0.0,evidence_axis,0.002215113779811345,251,sure,False,0.10248684848063923,0.06610963524227141,0.4104870557785034,266,False,0.10027173470082788,-0.05395742043766138,0.7802658677101135,,,,
offered_to_no_sure,0.512,evidence_axis,0.015590278936344126,252,direction,True,0.5899756968242441,0.07341237536498828,1.398331642150879,271,True,0.6055659757605882,0.1334080732111607,1.309319019317627,,,,
offered_to_no_sure,0.512,evidence_axis,0.0023810347787059927,253,direction,True,0.4608017452256389,-0.14293855752404613,0.9512873888015747,187,True,0.4631827800043449,0.013195819320891432,1.228419303894043,,,,
offered_to_no_sure,0.0,evidence_axis,0.00792341940911008,257,sure,False,0.0923483152917178,-0.015788133831082487,0.5663122534751892,266,False,0.10027173470082788,-0.05395742043766138,0.7802658677101135,,,,
offered_to_no_sure,0.064,evidence_axis,3.702204419916977e-05,259,direction,True,0.12830681591340634,-0.10114771761001426,0.6740596890449524,193,True,0.12826979386920717,-0.009042970578963522,0.8458569049835205,,,,
offered_to_no_sure,0.0,evidence_axis,0.0011317761004788467,262,sure,False,0.010675654049420717,0.07690613987453554,0.28012219071388245,254,True,0.00954387794894187,0.08534723885617361,0.1720474362373352,,,,
offered_to_no_sure,0.064,evidence_axis,0.006062854613372859,263,direction,True,0.13433264848258003,-0.053643073461489776,0.8955484628677368,193,True,0.12826979386920717,-0.009042970578963522,0.8458569049835205,,,,
offered_to_no_sure,0.064,evidence_axis,0.00013488313653360617,264,direction,True,0.12176707141526835,0.015277398582922682,0.4647403359413147,388,True,0.12190195455180196,0.12259490876540194,0.7781838774681091,,,,
offered_to_no_sure,0.256,evidence_axis,0.0026738891945249643,265,direction,True,0.22144967499029064,0.04102873519297479,0.890241801738739,154,True,0.2241235641848156,-0.01622433926129913,0.7638933062553406,,,,
offered_to_no_sure,0.0,evidence_axis,0.009523877741556178,267,sure,False,0.0907478569592717,0.024428413306697854,0.3103056252002716,266,False,0.10027173470082788,-0.05395742043766138,0.7802658677101135,,,,
offered_to_no_sure,0.256,evidence_axis,0.0005970012594779806,268,sure,False,0.27791181350977356,0.013839356655955757,0.7583104372024536,153,True,0.2773148122502956,0.15026588334024418,1.0198912620544434,,,,
offered_to_no_sure,0.0,evidence_axis,0.00727131942134235,269,sure,False,0.0005501654710357692,0.007253459440421719,0.49206411838531494,360,False,0.00782148489237812,0.04485563685096491,0.40722447633743286,,,,
offered_to_no_sure,0.512,evidence_axis,0.26320565510572236,270,direction,True,0.8687716308663106,0.056229874168444535,1.8181231021881104,271,True,0.6055659757605882,0.1334080732111607,1.309319019317627,,,,
offered_to_no_sure,0.064,evidence_axis,0.0015271720877809702,272,sure,False,0.08848171489751049,0.010950765133880007,0.5093845725059509,61,True,0.09000888698529146,-0.01880104933385606,0.5322180390357971,,,,
offered_to_no_sure,0.032,evidence_axis,0.0003036870053996811,275,sure,False,0.008123830324524356,0.03144607989688706,0.3502638638019562,54,True,0.007820143319124674,0.07057344688286048,0.5451996326446533,,,,
offered_to_no_sure,0.064,evidence_axis,0.0016726382496560221,281,sure,False,0.09168152523494748,0.018692900955479066,0.733357846736908,61,True,0.09000888698529146,-0.01880104933385606,0.5322180390357971,,,,
offered_to_no_sure,0.256,evidence_axis,0.007513207117561427,284,sure,False,0.1927199644749704,0.006153431693084387,0.518018364906311,300,True,0.18520675735740896,0.012454905072935936,0.8147361278533936,,,,
offered_to_no_sure,0.0,evidence_axis,0.004284252157025289,288,sure,False,0.0035372327353528307,0.05093848468118812,4.139542579650879e-05,360,False,0.00782148489237812,0.04485563685096491,0.40722447633743286,,,,
offered_to_no_sure,0.512,evidence_axis,0.11496349434745956,290,direction,True,0.7205294701080478,0.04353400401562898,1.492616057395935,271,True,0.6055659757605882,0.1334080732111607,1.309319019317627,,,,
offered_to_no_sure,0.512,evidence_axis,0.010501780014852025,292,direction,True,0.6160677557754403,0.013623653049324252,0.9419558644294739,271,True,0.6055659757605882,0.1334080732111607,1.309319019317627,,,,
offered_to_no_sure,0.128,evidence_axis,0.0009268406558617381,293,direction,True,0.25029826516406956,-0.08651793445343826,1.0213415622711182,140,True,0.2512251058199313,0.011142245171580457,0.9255563616752625,,,,
offered_to_no_sure,0.032,evidence_axis,0.0047510078087409265,294,sure,False,0.018871616258805374,0.007448520849909845,0.5504618883132935,393,True,0.0236226240675463,0.08199681651233293,0.6923152804374695,,,,
offered_to_no_sure,0.256,evidence_axis,0.012505670982487171,295,direction,True,0.3937492839498265,-0.039537540570074754,0.9696375131607056,396,True,0.38124361296733933,0.05031130589350503,0.9917923808097839,,,,
offered_to_no_sure,0.256,evidence_axis,0.0032985118336899544,299,direction,True,0.25815724426716286,-0.031802723291663816,0.8455886840820312,25,True,0.2614557561008528,0.0669630259313623,0.9630498886108398,,,,
offered_to_no_sure,0.0,evidence_axis,0.00010351210894622709,301,sure,False,0.04154675456099624,-0.06479366498717462,0.3708725869655609,125,False,0.041443242452050014,0.03133297224591147,0.14315247535705566,,,,
offered_to_no_sure,0.064,evidence_axis,0.0028807628524225026,303,sure,False,0.049080963851324586,0.03472082480330374,0.5802567601203918,283,True,0.04620020099890208,0.07184854564739632,0.8944722414016724,,,,
offered_to_no_sure,0.032,evidence_axis,0.03519890813565116,304,sure,False,0.28229603405454906,0.06395138888735696,0.9489487409591675,228,True,0.2470971259188979,0.013896925189102126,0.6753881573677063,,,,
offered_to_no_sure,0.512,evidence_axis,2.0658183379484996e-06,305,direction,True,0.45105464790900224,0.0012746956537314006,0.8667734861373901,359,True,0.4510567137273402,-0.03220417766509112,1.2725461721420288,,,,
offered_to_no_sure,0.128,evidence_axis,0.002203442497608038,306,sure,False,0.1328813928757933,0.06932576236636143,0.505410373210907,87,True,0.13067795037818528,-0.02078822609127463,1.0676312446594238,,,,
offered_to_no_sure,0.032,evidence_axis,0.0017120311019175674,308,sure,False,0.03788306469293714,0.051392411074464614,0.29799598455429077,124,False,0.03959509579485471,0.05660920701269818,0.20635758340358734,,,,
offered_to_no_sure,0.256,evidence_axis,0.004651172512669888,310,direction,True,0.3159584213952056,-0.05415041267287029,0.8982803225517273,84,True,0.3113072488825357,-0.025792321178808135,1.0278754234313965,,,,
offered_to_no_sure,0.064,evidence_axis,0.0022820186773664097,313,sure,False,0.07988507549992856,0.133595730118113,0.03452381491661072,71,False,0.07760305682256215,0.06671555495662836,0.08770188689231873,,,,
offered_to_no_sure,0.032,evidence_axis,0.003115481996258662,314,sure,False,0.0892670293757332,0.08060710313079528,0.35292506217956543,17,True,0.08615154737947454,-0.02538141848323731,0.8905899524688721,,,,
offered_to_no_sure,0.064,evidence_axis,0.005813528026904546,315,sure,False,0.16630027011080648,-0.016441966644264512,0.8481786847114563,45,True,0.17211379813771102,-0.00962699816564273,0.6324023008346558,,,,
offered_to_no_sure,0.128,evidence_axis,0.004229479110948925,319,sure,False,0.2032524047917251,0.034021086939062965,0.9103221297264099,94,True,0.19902292568077617,-0.10470694306841968,0.8939051628112793,,,,
offered_to_no_sure,0.0,evidence_axis,0.001035352666788808,320,sure,False,0.04620418391128009,0.08140533150642297,0.03554125130176544,244,False,0.04516883124449128,0.0074319119064375164,0.5208731293678284,,,,
offered_to_no_sure,0.0,evidence_axis,0.001212772451683719,321,sure,False,0.13917430478970547,-0.027040998395438214,0.006280392408370972,80,False,0.13796153233802175,0.06246683138958288,0.24764910340309143,,,,
offered_to_no_sure,0.256,evidence_axis,0.004499396874910577,324,direction,True,0.32739799998580493,-0.07649422083815044,1.0665291547775269,116,True,0.3318973968607155,-0.009745770192992899,1.0234123468399048,,,,
offered_to_no_sure,0.032,evidence_axis,0.0014747726936174485,325,sure,False,0.0029184738060169767,-0.09583875621564139,0.6895236372947693,177,True,0.0014437011123995282,0.0037731592028843095,0.7520254850387573,,,,
offered_to_no_sure,0.256,evidence_axis,0.0245639535056833,326,direction,True,0.43628348806539613,0.02637039822249666,1.166951060295105,274,True,0.41171953455971283,-0.029139227372420928,1.1995640993118286,,,,
offered_to_no_sure,0.032,evidence_axis,0.0007012652079168933,327,sure,False,0.011969509461472932,0.11208538886614146,0.01610499620437622,40,True,0.012670774669389826,0.09669976039395409,0.45638638734817505,,,,
offered_to_no_sure,0.256,evidence_axis,0.009033250051670272,328,direction,True,0.40268628450804256,0.037641641002941977,0.9506107568740845,274,True,0.41171953455971283,-0.029139227372420928,1.1995640993118286,,,,
offered_to_no_sure,0.0,evidence_axis,0.0005785620729731739,330,sure,False,0.06504380453315163,-0.0008853958104601462,0.030952244997024536,296,True,0.0656223666061248,-0.01351097119968043,0.597416877746582,,,,
offered_to_no_sure,0.064,evidence_axis,0.012290376602536707,331,sure,False,0.10961157794926525,-0.07769276569038107,0.8716861009597778,388,True,0.12190195455180196,0.12259490876540194,0.7781838774681091,,,,
offered_to_no_sure,0.064,evidence_axis,0.014065398084300434,333,sure,False,0.10407428506959189,0.028776983706213448,0.2954994738101959,61,True,0.09000888698529146,-0.01880104933385606,0.5322180390357971,,,,
offered_to_no_sure,0.128,evidence_axis,0.0011361432281121325,336,sure,False,0.08656017902805144,-0.01013440185525273,0.6621044874191284,316,True,0.08769632225616357,-0.004195782502453127,0.8245546817779541,,,,
offered_to_no_sure,0.032,evidence_axis,0.0036599679325308235,337,sure,False,0.05051098934912654,0.03469613031963574,0.12045072019100189,117,True,0.046851021416595716,0.14879795939706777,0.38003432750701904,,,,
offered_to_no_sure,0.0,evidence_axis,0.0006762346850587783,338,sure,False,0.04296901181396297,0.0822140847864116,0.2490794062614441,273,True,0.043645246499021746,0.06493900278376001,0.29186907410621643,,,,
offered_to_no_sure,0.512,evidence_axis,0.002213311238034976,340,direction,True,0.3769569337527199,-0.08591438457756578,1.0439869165420532,13,True,0.37917024499075486,-0.007891765145533632,1.1879619359970093,,,,
offered_to_no_sure,0.064,evidence_axis,0.0003095160675635131,341,sure,False,0.041245902988892746,0.019853033328426927,0.8257677555084229,41,True,0.04093638692132923,0.07274735512126616,0.6003861427307129,,,,
offered_to_no_sure,0.128,evidence_axis,0.0019884877176780946,343,sure,False,0.13266643809586337,-0.05943756412199632,0.906825602054596,87,True,0.13067795037818528,-0.02078822609127463,1.0676312446594238,,,,
offered_to_no_sure,0.032,evidence_axis,0.0008390113182948633,345,sure,False,0.13694055026988114,-0.04473073114912272,0.5208488702774048,204,True,0.137779561588176,0.006051384600668079,0.684172511100769,,,,
offered_to_no_sure,0.256,evidence_axis,0.005102404808983385,346,sure,False,0.3370055417363652,0.05904257171655308,1.119523286819458,286,True,0.3421079465453486,-0.0042862093403184245,1.1430823802947998,,,,
offered_to_no_sure,0.064,evidence_axis,0.007066906914757601,347,sure,False,0.11483504763704436,0.007811346879475429,0.6618549823760986,388,True,0.12190195455180196,0.12259490876540194,0.7781838774681091,,,,
offered_to_no_sure,0.512,evidence_axis,0.006223098541391303,349,direction,True,0.42126066242168914,0.015996732696982534,1.210850715637207,188,True,0.42748376096308044,0.033672617161621114,1.3545829057693481,,,,
offered_to_no_sure,0.256,evidence_axis,0.0021409513936659352,352,sure,False,0.24741574565514135,0.06970848718402517,1.1764168739318848,380,True,0.24955669704880729,0.01729086123003028,1.0091603994369507,,,,
offered_to_no_sure,0.0,evidence_axis,0.0007553051207357178,353,sure,False,0.017196526816660916,0.03405765252057493,0.24323049187660217,366,True,0.0164412216959252,0.16611273953375677,0.35367441177368164,,,,
offered_to_no_sure,0.256,evidence_axis,0.00020129743700564307,354,direction,True,0.2683286020904372,-0.03908469266196806,0.958594024181366,386,True,0.26852989952744283,0.041762997180553936,0.9350864291191101,,,,
offered_to_no_sure,0.512,evidence_axis,0.113210543963988,355,direction,True,0.7187765197245762,-0.05655231635799599,1.6630151271820068,271,True,0.6055659757605882,0.1334080732111607,1.309319019317627,,,,
offered_to_no_sure,0.256,evidence_axis,0.00024244415651369922,358,direction,True,0.27623395819743596,-0.04607586893867908,1.1940771341323853,230,True,0.27647640235394966,-0.07084567582095962,0.9496257305145264,,,,
offered_to_no_sure,0.256,evidence_axis,0.0005995133739832847,361,direction,True,0.2669207281344546,-0.06710455286529327,1.0186200141906738,109,True,0.2675202415084379,0.034973792542462745,0.9052599668502808,,,,
offered_to_no_sure,0.0,evidence_axis,0.0006318728812704857,362,sure,False,0.0420751153333205,0.045141773466575746,0.3379058241844177,125,False,0.041443242452050014,0.03133297224591147,0.14315247535705566,,,,
offered_to_no_sure,0.0,evidence_axis,0.0023063659858926916,363,sure,False,0.11842141882675548,0.03214332181729907,0.2132929265499115,4,True,0.12072778481264818,0.015703987346077326,0.16102010011672974,,,,
offered_to_no_sure,0.512,evidence_axis,0.059874620441644266,364,direction,True,0.6654405962022325,-0.050747690852140794,1.3101683855056763,271,True,0.6055659757605882,0.1334080732111607,1.309319019317627,,,,
offered_to_no_sure,0.064,evidence_axis,0.004130751545105678,367,sure,False,0.028225244772207708,0.007779147630429063,0.07913492619991302,166,True,0.02409449322710203,-0.01963839463796079,0.2966279685497284,,,,
offered_to_no_sure,0.128,evidence_axis,0.0078068428509838195,369,direction,True,0.23513024885903394,-0.051374311532599665,0.9715864658355713,107,True,0.24293709171001776,0.07876851308759836,0.9917370080947876,,,,
offered_to_no_sure,0.256,evidence_axis,0.006341902374271902,370,direction,True,0.38758551534161123,0.010870146864929302,1.0724071264266968,396,True,0.38124361296733933,0.05031130589350503,0.9917923808097839,,,,
offered_to_no_sure,0.064,evidence_axis,0.0015184387240279873,372,direction,True,0.15491978169742435,-0.05494830763753126,0.8717775940895081,289,True,0.15340134297339636,0.02964342379266128,0.8988986015319824,,,,
offered_to_no_sure,0.512,evidence_axis,0.0002784366528244542,373,direction,True,0.3292376446411748,-0.02090551227362285,1.2563908100128174,344,True,0.3289592079883503,-0.09707646996992106,1.178547978401184,,,,
offered_to_no_sure,0.064,evidence_axis,0.003560746338266828,376,sure,False,0.034301814980096025,0.026395426601249078,0.16108918190002441,162,True,0.03786256131836285,0.15098449621211438,0.011130154132843018,,,,
offered_to_no_sure,0.256,evidence_axis,0.0006729526680055442,377,direction,True,0.2807899860767425,-0.10124524034838008,1.017288327217102,67,True,0.28146293874474804,-0.10773313689947292,1.0998284816741943,,,,
offered_to_no_sure,0.032,evidence_axis,0.023577336414038724,378,direction,True,0.22351978950485918,-0.08635781568762446,0.8636490702629089,228,True,0.2470971259188979,0.013896925189102126,0.6753881573677063,,,,
offered_to_no_sure,0.128,evidence_axis,0.0005063389930299311,379,direction,True,0.3275581258297221,-0.10292483096474592,1.0539629459381104,208,True,0.32705178683669217,-0.043407107084073145,0.941100537776947,,,,
offered_to_no_sure,0.064,evidence_axis,0.0011614316676670684,383,direction,True,0.01983198767670824,-0.06108755296161876,0.5527414679527283,356,True,0.02099341934437531,0.008842003059632834,0.7662992477416992,,,,
offered_to_no_sure,0.0,evidence_axis,0.0031004514292860413,384,sure,False,0.11762733338336213,0.08645982155297154,0.23546460270881653,4,True,0.12072778481264818,0.015703987346077326,0.16102010011672974,,,,
offered_to_no_sure,0.128,evidence_axis,0.0031082693924226468,387,direction,True,0.2758358146226609,-0.07647151443007283,0.8531216382980347,120,True,0.27272754523023823,-0.015657910744603928,1.0366454124450684,,,,
offered_to_no_sure,0.0,evidence_axis,0.0003370556555795795,389,sure,False,0.0751089212688416,0.03129881547476985,0.32486820220947266,297,True,0.07544597692442118,-0.07128781321688675,0.5570166110992432,,,,
offered_to_no_sure,0.256,evidence_axis,0.004532038627045987,390,direction,True,0.34908450075855013,-0.033648826386173177,1.159447193145752,348,True,0.3536165393855961,0.022701034729200202,0.8914439082145691,,,,
offered_to_no_sure,0.256,evidence_axis,0.004473666332757864,392,direction,True,0.4161932008924707,-0.13320733631178147,1.2472989559173584,274,True,0.41171953455971283,-0.029139227372420928,1.1995640993118286,,,,
offered_to_no_sure,0.128,evidence_axis,0.0040406568873397886,394,direction,True,0.1873207264801712,-0.08142595288371691,0.876206636428833,279,True,0.191361383367511,-0.024466704939027823,1.0375653505325317,,,,
offered_to_no_sure,0.032,evidence_axis,0.0026387788364614327,398,sure,False,0.027859375622198198,0.05741474056276781,0.2911045551300049,114,True,0.025220596785736765,-0.009361109296115342,0.4262392222881317,,,,
sure_to_waived,0.064,evidence_axis,0.0022889129184299473,,,,0.13662156140100998,,,,,0.13433264848258003,,,1,263,0.12714351332704282,-0.6890321671962738
sure_to_waived,0.032,evidence_axis,0.017327461196936095,,,,0.07202551609174052,,,,,0.08935297728867661,,,3,233,0.12177673080001107,-0.3081955313682556
sure_to_waived,0.128,evidence_axis,4.817415755209442e-05,,,,0.22394696715010054,,,,,0.22399514130765263,,,10,72,0.10348051781073642,0.15442627668380737
sure_to_waived,0.032,evidence_axis,0.002194878049265811,,,,0.12058127614251667,,,,,0.12277615419178248,,,14,24,0.1213486583585306,-0.7508097290992737
sure_to_waived,0.128,evidence_axis,0.01071199518001692,,,,0.21328314612763571,,,,,0.22399514130765263,,,15,72,0.14440490062531472,-0.1106523871421814
sure_to_waived,0.064,evidence_axis,0.002928870288262206,,,,0.10946368470693627,,,,,0.11239255499519847,,,22,149,0.125453974686295,-0.6422494053840637
sure_to_waived,0.064,evidence_axis,0.004620468353442958,,,,0.138953116836023,,,,,0.13433264848258003,,,23,263,0.16041701132199276,-0.41086599230766296
sure_to_waived,0.128,evidence_axis,0.0025267433201040246,,,,0.22652188462775666,,,,,0.22399514130765263,,,30,72,0.14344535375939604,-0.15583205223083496
sure_to_waived,0.032,evidence_axis,0.006585276143617022,,,,0.09593825343229363,,,,,0.08935297728867661,,,34,233,0.16452125186001437,-0.5159152448177338
sure_to_waived,0.064,evidence_axis,0.011011610634431068,,,,0.17335813411947146,,,,,0.18436974475390253,,,35,106,0.11637540086565881,-0.18842077255249023
sure_to_waived,0.064,evidence_axis,0.004066926033477608,,,,0.14826618719441598,,,,,0.15233311322789359,,,39,146,0.02984881431603277,-0.31505125761032104
sure_to_waived,0.032,evidence_axis,0.0029854034503844357,,,,0.11979075074139804,,,,,0.12277615419178248,,,53,24,0.0919858245652032,-0.7521583437919617
sure_to_waived,0.032,evidence_axis,0.012730289137580661,,,,0.07662268815109595,,,,,0.08935297728867661,,,63,233,0.12620706757693143,-0.38819581270217896
sure_to_waived,0.032,evidence_axis,0.016420667253778193,,,,0.1057736445424548,,,,,0.08935297728867661,,,75,233,0.016414543609534475,-0.2834313213825226
sure_to_waived,0.064,evidence_axis,0.04301437005678217,,,,0.06284635773349041,,,,,0.01983198767670824,,,78,383,0.03185872238450295,-0.1289081871509552
sure_to_waived,0.032,evidence_axis,0.029267133952492766,,,,0.060085843336183845,,,,,0.08935297728867661,,,86,233,0.05598828715409229,-0.2068668007850647
sure_to_waived,0.128,evidence_axis,0.010604974090054578,,,,0.08714295950441371,,,,,0.07653798541435913,,,92,50,0.09051004829278507,-0.32029417157173157
sure_to_waived,0.064,evidence_axis,0.020313907917171962,,,,0.0401458955938802,,,,,0.01983198767670824,,,103,383,0.06478145185394531,-0.37949231266975403
sure_to_waived,0.128,evidence_axis,0.0033535885578032387,,,,0.1568945417902358,,,,,0.16024813034803903,,,105,16,0.17427509672479677,-0.04900228977203369
sure_to_waived,0.256,evidence_axis,0.0001165381303643298,,,,0.27611742006707163,,,,,0.27623395819743596,,,108,358,0.03248840009537235,-0.26996004581451416
sure_to_waived,0.128,evidence_axis,0.003925069711544535,,,,0.09958965256988268,,,,,0.10351472228142722,,,122,189,0.06768654376566961,0.05507206916809082
sure_to_waived,0.064,evidence_axis,0.012460893834488798,,,,0.03229288151119704,,,,,0.01983198767670824,,,126,383,0.06514797773707875,0.14619839191436768
sure_to_waived,0.064,evidence_axis,0.016238044198616877,,,,0.003593943478091363,,,,,0.01983198767670824,,,142,383,0.1076648954466162,0.21239781379699707
sure_to_waived,0.064,evidence_axis,0.00896839213205089,,,,0.10342416286314758,,,,,0.11239255499519847,,,147,149,0.05211637796260709,-0.14108949899673462
sure_to_waived,0.064,evidence_axis,0.033822890383142866,,,,0.053654878059851106,,,,,0.01983198767670824,,,156,383,0.03959400590541251,-0.12124165892601013
sure_to_waived,0.064,evidence_axis,0.02082249380259448,,,,0.04065448147930272,,,,,0.01983198767670824,,,169,383,0.0452352665173595,0.2733854055404663
sure_to_waived,0.032,evidence_axis,0.026288931996827372,,,,0.06306404529184924,,,,,0.08935297728867661,,,170,233,0.11726739608146507,-0.4406314194202423
sure_to_waived,0.064,evidence_axis,0.004859402403253334,,,,0.014972585273454906,,,,,0.01983198767670824,,,179,383,0.06525513078068905,-0.19869160652160645
sure_to_waived,0.128,evidence_axis,0.010691490368398213,,,,0.08722947578275735,,,,,0.07653798541435913,,,185,50,0.05047609708504529,-0.0016561150550842285
sure_to_waived,0.064,evidence_axis,0.04268441671587567,,,,0.06251640439258391,,,,,0.01983198767670824,,,210,383,0.08463340353414013,-0.0480571985244751
sure_to_waived,0.064,evidence_axis,0.00018960793931058206,,,,0.13414304054326945,,,,,0.13433264848258003,,,214,263,-0.011572829142174862,-0.35038280487060547
sure_to_waived,0.064,evidence_axis,0.03992456056019256,,,,0.07246799443500591,,,,,0.11239255499519847,,,222,149,0.07085498562066228,-0.23786824941635132
sure_to_waived,0.032,evidence_axis,0.0042041599911672445,,,,0.13489177799341778,,,,,0.13909593798458503,,,236,163,-0.03082156399665873,-0.08264422416687012
sure_to_waived,0.128,evidence_axis,0.0007398255387204011,,,,0.16098795588675943,,,,,0.16024813034803903,,,238,16,0.07875251974807197,0.026359260082244873
sure_to_waived,0.064,evidence_axis,0.012260717768841738,,,,0.007571269907866503,,,,,0.01983198767670824,,,250,383,0.08191147500816909,0.03006911277770996
sure_to_waived,0.256,evidence_axis,0.001677855312337606,,,,0.27791181350977356,,,,,0.27623395819743596,,,268,358,0.05991522559463484,-0.43576669692993164
sure_to_waived,0.064,evidence_axis,0.023910840097687985,,,,0.08848171489751049,,,,,0.11239255499519847,,,272,149,0.09425756566243905,-0.3448927402496338
sure_to_waived,0.032,evidence_axis,0.017029608366864755,,,,0.008123830324524356,,,,,0.02515343869138911,,,275,223,0.012992789905359618,-0.4808901250362396
sure_to_waived,0.064,evidence_axis,0.020711029760250993,,,,0.09168152523494748,,,,,0.11239255499519847,,,281,149,0.10199970148403811,-0.12091946601867676
sure_to_waived,0.256,evidence_axis,0.0031833390823960694,,,,0.1927199644749704,,,,,0.18953662539257432,,,284,180,0.01724635956840449,-0.3333364725112915
sure_to_waived,0.032,evidence_axis,0.006281822432583736,,,,0.018871616258805374,,,,,0.02515343869138911,,,294,223,-0.011004769141617597,-0.28069210052490234
sure_to_waived,0.064,evidence_axis,0.029248976174616345,,,,0.049080963851324586,,,,,0.01983198767670824,,,303,383,0.0958083777649225,0.027515292167663574
sure_to_waived,0.032,evidence_axis,0.05877624454968988,,,,0.28229603405454906,,,,,0.22351978950485918,,,304,378,0.15030920457498143,0.08529967069625854
sure_to_waived,0.128,evidence_axis,0.027366737472245717,,,,0.1328813928757933,,,,,0.16024813034803903,,,306,16,0.16127526735937672,-0.3368184566497803
sure_to_waived,0.032,evidence_axis,0.01272962600154803,,,,0.03788306469293714,,,,,0.02515343869138911,,,308,223,0.03293912108293717,-0.533158004283905
sure_to_waived,0.064,evidence_axis,0.032507479495269914,,,,0.07988507549992856,,,,,0.11239255499519847,,,313,149,0.21690253064667203,-0.819753497838974
sure_to_waived,0.032,evidence_axis,8.594791294340431e-05,,,,0.0892670293757332,,,,,0.08935297728867661,,,314,233,0.133833197732957,-0.417357861995697
sure_to_waived,0.064,evidence_axis,0.011380488413382128,,,,0.16630027011080648,,,,,0.15491978169742435,,,315,372,0.03850634099326675,-0.023598909378051758
sure_to_waived,0.128,evidence_axis,0.0033579930971488203,,,,0.2032524047917251,,,,,0.19989441169457628,,,319,82,0.04854063435064031,0.014394819736480713
sure_to_waived,0.032,evidence_axis,0.022234964885372133,,,,0.0029184738060169767,,,,,0.02515343869138911,,,325,223,-0.11429204620716883,-0.1416303515434265
sure_to_waived,0.032,evidence_axis,0.013183929229916177,,,,0.011969509461472932,,,,,0.02515343869138911,,,327,223,0.09363209887461402,-0.8150489926338196
sure_to_waived,0.064,evidence_axis,0.0027809770459332195,,,,0.10961157794926525,,,,,0.11239255499519847,,,331,149,0.005614034838177975,0.017408788204193115
sure_to_waived,0.064,evidence_axis,0.00831826992560658,,,,0.10407428506959189,,,,,0.11239255499519847,,,333,149,0.1120837842347725,-0.5587778389453888
sure_to_waived,0.128,evidence_axis,0.010022193613692304,,,,0.08656017902805144,,,,,0.07653798541435913,,,336,50,0.064928389487283,-0.09267675876617432
sure_to_waived,0.032,evidence_axis,0.02535755065773743,,,,0.05051098934912654,,,,,0.02515343869138911,,,337,223,0.0162428403281083,-0.7107032686471939
sure_to_waived,0.064,evidence_axis,0.021413915312184506,,,,0.041245902988892746,,,,,0.01983198767670824,,,341,383,0.08094058629004569,0.2730262875556946
sure_to_waived,0.128,evidence_axis,0.02758169225217566,,,,0.13266643809586337,,,,,0.16024813034803903,,,343,16,0.032511940871018975,0.06459677219390869
sure_to_waived,0.032,evidence_axis,0.002155387714703888,,,,0.13694055026988114,,,,,0.13909593798458503,,,345,163,0.001593143960406107,-0.07112729549407959
sure_to_waived,0.256,evidence_axis,0.009607541750560278,,,,0.3370055417363652,,,,,0.32739799998580493,,,346,324,0.13553679255470352,0.05299413204193115
sure_to_waived,0.064,evidence_axis,0.0024424926418458864,,,,0.11483504763704436,,,,,0.11239255499519847,,,347,149,0.09111814740803448,-0.19242233037948608
sure_to_waived,0.256,evidence_axis,0.0003962091025410952,,,,0.24741574565514135,,,,,0.24701953655260026,,,352,133,0.20452196502770073,0.41098344326019287
sure_to_waived,0.064,evidence_axis,0.008393257095499467,,,,0.028225244772207708,,,,,0.01983198767670824,,,367,383,0.06886670059204783,-0.47360654175281525
sure_to_waived,0.064,evidence_axis,0.014469827303387785,,,,0.034301814980096025,,,,,0.01983198767670824,,,376,383,0.08748297956286784,-0.39165228605270386
sure_to_waived,0.032,evidence_axis,0.0027059369308090886,,,,0.027859375622198198,,,,,0.02515343869138911,,,398,223,0.03896145057124037,-0.5400494337081909
