model,model_group,coh,n_trials,n_sure_offered,p_sure,no_sure_accuracy,waived_sure_accuracy,n_waived_sure
original,single,0.0,60,48,0.9583333333333334,0.5,0.5,2
original,single,0.032,67,54,0.8333333333333334,0.8461538461538461,1.0,8
original,single,0.064,74,59,0.7288135593220338,1.0,1.0,14
original,single,0.128,63,49,0.46938775510204084,1.0,1.0,24
original,single,0.256,65,56,0.2857142857142857,1.0,1.0,39
original,single,0.512,71,55,0.21818181818181817,1.0,1.0,38
baseline_timed,main,0.0,71,36,1.0,0.45714285714285713,,0
baseline_timed,main,0.032,55,24,0.7916666666666666,0.7741935483870968,1.0,5
baseline_timed,main,0.064,79,37,0.7567567567567568,0.9761904761904762,1.0,9
baseline_timed,main,0.128,63,31,0.3870967741935484,1.0,1.0,19
baseline_timed,main,0.256,77,40,0.125,1.0,1.0,35
baseline_timed,main,0.512,55,30,0.0,1.0,1.0,30
student_75k,parameter,0.0,71,36,0.9444444444444444,0.6571428571428571,0.5,2
student_75k,parameter,0.032,55,24,0.875,0.8709677419354839,1.0,3
student_75k,parameter,0.064,79,37,0.8378378378378378,0.9761904761904762,1.0,6
student_75k,parameter,0.128,63,31,0.6129032258064516,1.0,1.0,12
student_75k,parameter,0.256,77,40,0.25,1.0,1.0,30
student_75k,parameter,0.512,55,30,0.06666666666666667,1.0,1.0,28
reward_057,parameter,0.0,70,38,1.0,0.5625,,0
reward_057,parameter,0.032,57,22,0.9545454545454546,0.8285714285714286,1.0,1
reward_057,parameter,0.064,78,39,0.7435897435897436,0.9487179487179487,1.0,10
reward_057,parameter,0.128,67,28,0.6785714285714286,1.0,1.0,9
reward_057,parameter,0.256,71,33,0.48484848484848486,1.0,1.0,17
reward_057,parameter,0.512,57,32,0.25,1.0,1.0,24
temp_012,parameter,0.0,70,38,0.7368421052631579,0.4375,0.5,10
temp_012,parameter,0.032,57,22,0.6363636363636364,0.7142857142857143,0.875,8
temp_012,parameter,0.064,78,39,0.5897435897435898,0.9743589743589743,1.0,16
temp_012,parameter,0.128,67,28,0.42857142857142855,1.0,1.0,16
temp_012,parameter,0.256,71,33,0.5151515151515151,1.0,1.0,16
temp_012,parameter,0.512,57,32,0.59375,1.0,1.0,13
blend_090,parameter,0.0,70,38,1.0,0.5,,0
blend_090,parameter,0.032,57,22,0.9545454545454546,0.8857142857142857,1.0,1
blend_090,parameter,0.064,78,39,0.7692307692307693,1.0,1.0,9
blend_090,parameter,0.128,67,28,0.6071428571428571,1.0,1.0,11
blend_090,parameter,0.256,71,33,0.3333333333333333,1.0,1.0,22
blend_090,parameter,0.512,57,32,0.03125,1.0,1.0,31
