bin_index,n_trials,internal_margin_min,internal_margin_max,internal_margin_mean,p_correct_proxy_mean,expected_direction_value_mean,sure_target_mean,external_sensory_margin_mean,external_sure_strength_mean,coherence_mean,sure_available_rate
0,100,0.0059049129486083984,0.2540268898010254,0.12285392623394728,0.053299304953802536,0.053299304953802536,0.8715754869254224,1.3872336307913065,0.7099449728976113,0.019200000000000002,0.75
1,100,0.2553173527121544,0.49226418882608414,0.37864053033059464,0.15956800626397918,0.15956800626397918,0.844830233132973,1.7115914233028888,0.5511476590615417,0.022400000000000003,0.58
2,100,0.49231404066085815,0.6290799230337143,0.5688430782186333,0.3163593182025367,0.3163593182025367,0.7574752385244792,3.8488073045015336,0.3064081499992547,0.049920000000000006,0.54
3,100,0.6296937391161919,0.7020393908023834,0.6680729647977569,0.4268572966780724,0.4268572966780724,0.6541049646674556,5.628880407810211,0.248206092111833,0.07136,0.46
4,100,0.702130526304245,0.7573881261050701,0.7291187716962304,0.5001740003811458,0.5001740003811458,0.5631331985478674,8.106752240210772,0.1908313523921482,0.10464000000000002,0.49
5,100,0.7585440650582314,0.8163838237524033,0.7876547103223857,0.5705574958286337,0.5705574958286337,0.47303274533188283,14.579641209840775,0.15372783231881537,0.18752000000000002,0.58
6,100,0.8164130821824074,0.8801510110497475,0.8456677036813925,0.6375971327295946,0.6375971327295946,0.3864670296597327,15.805411295890808,0.14354354785915807,0.2102400000000001,0.46
7,100,0.8801737129688263,0.9616919159889221,0.9220790161611512,0.7178235650116038,0.7178235650116038,0.2906908521381138,21.37556104838848,0.13794612935001918,0.26688,0.38
8,100,0.9624656513333321,1.0384538741782308,1.00180596442151,0.7892698820893266,0.7892698820893266,0.23558406269890633,28.259448289871216,0.1379421150361477,0.32768,0.47
9,100,1.0389200076460838,1.4614108353853226,1.1410261396542773,0.8725560830323027,0.8725560830323027,0.17794396634327475,36.02918399333954,0.13794069860850547,0.40704000000000007,0.39
