condition,field,bin_index,low,high,center,n,mean_target_sure,mean_predicted_sure
legacy,coherence,0,-1e-12,0.016,0.0,50,0.3537367379665375,0.2536431725025177
legacy,coherence,1,0.016,0.048,0.03200000000000001,31,0.23176385510352351,0.24739782507381133
legacy,coherence,2,0.048,0.096,0.06400000000000002,28,0.18141410925558635,0.2191872991355402
legacy,coherence,3,0.096,0.192,0.128,26,0.15188201058369416,0.20141777995114143
legacy,coherence,4,0.192,0.384,0.25600000000000006,39,0.14701726918037122,0.17837429906313235
legacy,coherence,5,0.384,0.513,0.5120000000000001,29,0.14400099474808264,0.15427904301162423
legacy,stimulus_duration_ms,0,400.0,600.0,490.17857142857144,56,0.21162655444017478,0.23017986295744777
legacy,stimulus_duration_ms,1,600.0,800.0,691.875,48,0.19107550258437792,0.20038032194909952
legacy,stimulus_duration_ms,2,800.0,1000.0,893.6538461538462,52,0.23676116134111697,0.21799712580843614
legacy,stimulus_duration_ms,3,1000.0,1190.0,1085.3191489361702,47,0.22288201115232834,0.19812998822394845
categorical,stimulus_coherence,0,-1e-12,0.016,0.0,50,0.3537367403507233,0.35064090390932273
categorical,stimulus_coherence,1,0.016,0.048,0.03200000000000001,31,0.23176385366147564,0.30327205786573164
categorical,stimulus_coherence,2,0.048,0.096,0.06400000000000002,28,0.18141411085213935,0.23360922154566294
categorical,stimulus_coherence,3,0.096,0.192,0.128,26,0.15188201058369416,0.16814380088438283
categorical,stimulus_coherence,4,0.192,0.384,0.25600000000000006,39,0.14701726994453332,0.11967931521273953
categorical,stimulus_coherence,5,0.384,0.513,0.5120000000000001,29,0.14400099834491467,0.08405737336083205
categorical,stimulus_duration_ms,0,400.0,600.0,490.17857142857144,56,0.2116265557706356,0.27342920003035115
categorical,stimulus_duration_ms,1,600.0,800.0,691.875,48,0.19107550010085106,0.1971989152799639
categorical,stimulus_duration_ms,2,800.0,1000.0,893.6538461538462,52,0.23676116592608965,0.23420088444373613
categorical,stimulus_duration_ms,3,1000.0,1190.0,1085.3191489361702,47,0.22288201242051225,0.17011497893883187
