relative_time_ms,trailing_window_ms,n_variable_stimuli,n_repeats,confidence_predictor_sd_before_standardization,fixed_effect_beta,predicted_negative_association,familywise_negative_threshold,exceeds_familywise_threshold
-300,50,23,2300,0.11863213272806797,-0.2531739229448701,0.2531739229448701,0.11768724224992658,True
-290,50,23,2300,0.11815895916447754,-0.2597085279824174,0.2597085279824174,0.11768724224992658,True
-280,50,23,2300,0.11795097855256859,-0.2720526403825801,0.2720526403825801,0.11768724224992658,True
-270,50,23,2300,0.11809695295575949,-0.28304824265791595,0.28304824265791595,0.11768724224992658,True
-260,50,23,2300,0.11830315374530058,-0.2897596019306175,0.2897596019306175,0.11768724224992658,True
-250,50,23,2300,0.11898630407955803,-0.29813022712143517,0.29813022712143517,0.11768724224992658,True
-240,50,23,2300,0.11976372365897886,-0.3096171061530026,0.3096171061530026,0.11768724224992658,True
-230,50,23,2300,0.12034920511928039,-0.3193985482867657,0.3193985482867657,0.11768724224992658,True
-220,50,23,2300,0.1208717843504934,-0.33092668149667637,0.33092668149667637,0.11768724224992658,True
-210,50,23,2300,0.12146582487419591,-0.3432611809219458,0.3432611809219458,0.11768724224992658,True
-200,50,23,2300,0.12187702582865674,-0.3593846318738616,0.3593846318738616,0.11768724224992658,True
-190,50,23,2300,0.12271309324516336,-0.3659060594284439,0.3659060594284439,0.11768724224992658,True
-180,50,23,2300,0.12323514099874504,-0.3710108660128237,0.3710108660128237,0.11768724224992658,True
-170,50,23,2300,0.12373727172841939,-0.37383516854264404,0.37383516854264404,0.11768724224992658,True
-160,50,23,2300,0.1237916248870345,-0.3780169890951429,0.3780169890951429,0.11768724224992658,True
-150,50,23,2300,0.12383484033358025,-0.373876783477402,0.373876783477402,0.11768724224992658,True
-140,50,23,2300,0.12336298672611834,-0.3744106079081997,0.3744106079081997,0.11768724224992658,True
-130,50,23,2300,0.12312420156299425,-0.37510103115847165,0.37510103115847165,0.11768724224992658,True
-120,50,23,2300,0.12283678905314524,-0.3725002442423513,0.3725002442423513,0.11768724224992658,True
-110,50,23,2300,0.12304838158541695,-0.3750759594234703,0.3750759594234703,0.11768724224992658,True
-100,50,23,2300,0.12353296656854076,-0.3811840579721506,0.3811840579721506,0.11768724224992658,True
-90,50,23,2300,0.12461412443883704,-0.3833642915405091,0.3833642915405091,0.11768724224992658,True
-80,50,23,2300,0.12564732048714206,-0.3795755879627731,0.3795755879627731,0.11768724224992658,True
-70,50,23,2300,0.12648461174151782,-0.3803946053880024,0.3803946053880024,0.11768724224992658,True
-60,50,23,2300,0.12697734648119138,-0.37759714283743384,0.37759714283743384,0.11768724224992658,True
-50,50,23,2300,0.12700605147431357,-0.3705643911792566,0.3705643911792566,0.11768724224992658,True
-40,50,23,2300,0.12714180734833172,-0.36309700252015986,0.36309700252015986,0.11768724224992658,True
-30,50,23,2300,0.1271451231475583,-0.3638034718731741,0.3638034718731741,0.11768724224992658,True
-20,50,23,2300,0.12720972177405027,-0.36580006511218244,0.36580006511218244,0.11768724224992658,True
-10,50,23,2300,0.1271915291535586,-0.37426067466022184,0.37426067466022184,0.11768724224992658,True
0,50,23,2300,0.12759227942878426,-0.3848615533344622,0.3848615533344622,0.11768724224992658,True
