trial_index,dataset_index,student_action_objective,true_direction,dir_choice,sure_available,teacher_sure_strength,target_fixation,target_left,target_right,target_sure,teacher_preferred_action,target_action_margin,raw_post_go_fixation,raw_post_go_left,raw_post_go_right,raw_post_go_sure,predicted_fixation,predicted_left,predicted_right,predicted_sure,p_left,p_right,p_sure,predicted_correct_direction,predicted_incorrect_direction,predicted_action_margin,final_argmax_choice,action_argmax_choice,stimulus_coherence,stimulus_duration_ms,internal_margin,empirical_p_correct,delta_value,split,direction_correct,chose_sure
0,469,categorical_soft,0,0,True,0.14064335230656688,0.0,0.8593566417694092,0.0,0.14064335823059082,1,-0.7187132835388184,0.30010434687137605,0.9202340841293335,-3.139136481285095,-0.047469402104616164,0.30010434687137605,0.7155896365642548,0.012368959654122592,0.2720413953065872,0.7155896365642548,0.012368959654122592,0.2720413953065872,0.7155896365642548,0.012368959654122592,-0.44354824125766756,1,1,0.064,910.0,1.009787067770958,0.9891454406295453,-0.4391454406295453,test,True,False
1,209,categorical_soft,0,0,True,0.14118864567241024,0.0,0.8588113784790039,0.0,0.14118865132331848,1,-0.7176227271556854,0.17993154115974902,0.9505463600158691,-3.392021322250366,-0.14266213178634643,0.17993154115974902,0.7415928959846496,0.009663284290581942,0.24874383807182313,0.7415928959846496,0.009663284290581942,0.24874383807182313,0.7415928959846496,0.009663284290581942,-0.4928490579128265,1,1,0.128,920.0,0.9757032729685307,0.9870385860373436,-0.4370385860373436,test,True,False
2,266,categorical_soft,0,0,True,0.18279476550159074,0.0,0.8172052502632141,0.0,0.18279476463794708,1,-0.634410485625267,0.32054594680666926,-0.3629807323217392,0.002788686752319336,0.008932586014270782,0.32054594680666926,0.25692084729671477,0.37042197287082673,0.37265717685222627,0.25692084729671477,0.37042197287082673,0.37265717685222627,0.25692084729671477,0.37042197287082673,0.1157363295555115,3,3,0.0,1070.0,0.5245995223522186,0.8738495799116713,-0.3238495799116713,test,False,True
3,575,categorical_soft,1,1,True,0.34840037805009744,0.0,0.0,0.651599645614624,0.34840038418769836,2,-0.30319926142692566,0.26051470208913086,-0.7860279202461242,0.8723655104637146,0.6280140697956085,0.26051470208913086,0.09651207774877549,0.5066430628299713,0.3968448549509048,0.09651207774877549,0.5066430628299713,0.3968448549509048,0.5066430628299713,0.09651207774877549,-0.10979820787906647,2,2,0.032,720.0,0.1886429339647293,0.6696670882824889,-0.11966708828248884,test,True,False
4,836,categorical_soft,1,1,False,0.0,0.0,0.0,1.0,0.0,2,-1.0,0.42296102941036223,0.30317759811878203,0.8898572206497193,-0.5530152142047882,0.42296102941036223,0.309905669093132,0.5571997284889221,0.13289460092782973,0.309905669093132,0.5571997284889221,0.13289460092782973,0.5571997284889221,0.309905669093132,-0.42430512756109234,2,2,0.0,970.0,0.05611538887023926,0.4388393258610803,0.11116067413891972,test,True,False
5,97,categorical_soft,0,0,False,0.0,0.0,1.0,0.0,0.0,1,-1.0,0.3582615852355957,2.831409382820129,-1.9758913397789002,-4.255377578735351,0.3582615852355957,0.9910349607467651,0.008099190145730972,0.0008658473496325314,0.9910349607467651,0.008099190145730972,0.0008658473496325314,0.9910349607467651,0.008099190145730972,-0.9901691133971325,1,1,0.128,850.0,0.8069951236248016,0.9730954313510861,-0.42309543135108607,test,True,False
6,89,categorical_soft,0,0,True,0.13867979422016208,0.0,0.8613201975822449,0.0,0.13867978751659393,1,-0.7226404100656509,0.22270296532660722,0.9509047985076904,-3.325713586807251,-0.14697094559669494,0.22270296532660722,0.7420387864112854,0.010327413771301508,0.24763380140066146,0.7420387864112854,0.010327413771301508,0.24763380140066146,0.7420387864112854,0.010327413771301508,-0.4944049850106239,1,1,0.512,550.0,1.1821235120296478,0.9969605032899925,-0.4469605032899925,test,True,False
7,171,categorical_soft,1,1,True,0.15684755429634534,0.0,0.0,0.8431524634361267,0.15684755146503448,2,-0.6863049119710922,0.2766848124563694,-1.1437822818756103,2.011122000217438,1.1595792770385742,0.2766848124563694,0.029011448472738267,0.6803773880004883,0.29061115682125094,0.029011448472738267,0.6803773880004883,0.29061115682125094,0.6803773880004883,0.029011448472738267,-0.38976623117923737,2,2,0.128,750.0,0.5967523828148842,0.9355792000910905,-0.3855792000910905,test,True,False
8,470,categorical_soft,0,0,True,0.44600820301308286,0.0,0.5539917945861816,0.0,0.44600820541381836,1,-0.10798358917236328,0.47198758870363233,0.18994213193655013,-0.7067265629768371,-0.374043744802475,0.47198758870363233,0.5053507328033447,0.20694946646690368,0.28769979178905486,0.5053507328033447,0.20694946646690368,0.28769979178905486,0.5053507328033447,0.20694946646690368,-0.2176509410142899,1,1,0.064,430.0,0.04836295545101166,0.5907424969990557,-0.04074249699905563,test,True,False
9,473,categorical_soft,1,1,True,0.14647628443595762,0.0,0.0,0.8535237312316895,0.14647628366947174,2,-0.7070474475622177,0.2266389848664403,-1.5174249291419983,2.4228084802627565,1.5649105548858642,0.2266389848664403,0.013471033051609993,0.6926284074783325,0.2939005851745605,0.013471033051609993,0.6926284074783325,0.2939005851745605,0.6926284074783325,0.013471033051609993,-0.398727822303772,2,2,0.512,540.0,0.6937314942479134,0.9678727481623438,-0.41787274816234377,test,True,False
10,272,categorical_soft,1,1,True,0.15029517023535793,0.0,0.0,0.8497048020362854,0.1502951681613922,2,-0.6994096338748932,0.3470817169174552,-0.4262136727571487,0.5909943461418152,0.22526617497205734,0.3470817169174552,0.17600193470716477,0.486422124505043,0.3375759541988373,0.17600193470716477,0.486422124505043,0.3375759541988373,0.486422124505043,0.17600193470716477,-0.14884617030620573,2,2,0.032,840.0,0.6972966487519443,0.9552655773150365,-0.40526557731503643,test,True,False
11,328,categorical_soft,1,1,True,0.1610820202706162,0.0,0.0,0.8389179706573486,0.16108201444149017,2,-0.6778359562158585,0.4154518708586693,-0.7014581680297851,1.2724501609802246,0.6214533030986786,0.4154518708586693,0.08362893164157867,0.6021265804767608,0.3142444878816605,0.08362893164157867,0.6021265804767608,0.3142444878816605,0.6021265804767608,0.08362893164157867,-0.28788209259510034,2,2,0.032,1080.0,0.6413864023052156,0.9239454056477846,-0.37394540564778456,test,True,False
12,620,categorical_soft,1,1,True,0.1509123447053392,0.0,0.0,0.849087655544281,0.150912344455719,2,-0.698175311088562,0.36991247683763506,-1.1322980999946595,2.589552879333496,1.3237047910690307,0.36991247683763506,0.018519822880625723,0.7654943227767944,0.21598585247993468,0.018519822880625723,0.7654943227767944,0.21598585247993468,0.7654943227767944,0.018519822880625723,-0.5495084702968598,2,2,0.128,890.0,0.7004512683488429,0.9533125875538562,-0.40331258755385613,test,True,False
13,32,categorical_soft,1,1,True,0.15878169880904897,0.0,0.0,0.8412182927131653,0.15878169238567352,2,-0.6824366003274918,0.38919150829315186,-1.9083313584327697,3.7613106250762938,2.2753336429595947,0.38919150829315186,0.002806157968007028,0.8131078898906707,0.18408597856760026,0.002806157968007028,0.8131078898906707,0.18408597856760026,0.8131078898906707,0.002806157968007028,-0.6290219113230705,2,2,0.512,1110.0,0.6674912087619305,0.930169693553761,-0.38016969355376096,test,True,False
14,636,categorical_soft,0,0,False,0.0,0.0,1.0,0.0,0.0,1,-1.0,0.5274270564317703,1.288471794128418,-0.2721051201224327,-2.078084349632263,0.5274270564317703,0.8030564188957214,0.16866279542446136,0.028280757181346417,0.8030564188957214,0.16866279542446136,0.028280757181346417,0.8030564188957214,0.16866279542446136,-0.7747756617143751,1,1,0.032,510.0,0.4568299204111099,0.907001772137821,-0.3570017721378209,test,True,False
15,502,categorical_soft,0,0,False,0.0,0.0,1.0,0.0,0.0,1,-1.0,0.4454589933156967,3.1967479467391966,-4.265067291259766,-1.8529054403305054,0.4454589933156967,0.9929703891277313,0.0005734627658966929,0.006456132605671882,0.9929703891277313,0.0005734627658966929,0.006456132605671882,0.9929703891277313,0.0005734627658966929,-0.9865142565220594,1,1,0.512,960.0,1.115258052945137,0.9931061125585006,-0.4431061125585005,test,True,False
16,182,categorical_soft,1,1,False,0.0,0.0,0.0,1.0,0.0,2,-1.0,0.5279434233903885,0.5210551232099533,1.4051636457443237,-0.6466317296028137,0.5279434233903885,0.26801462173461915,0.6485199093818664,0.08346546292304993,0.26801462173461915,0.6485199093818664,0.08346546292304993,0.6485199093818664,0.26801462173461915,-0.5650544464588165,2,2,0.0,620.0,0.32470835000276566,0.8169446782905361,-0.26694467829053603,test,True,False
17,768,categorical_soft,1,1,False,0.0,0.0,0.0,1.0,0.0,2,-1.0,0.34968221485614776,-0.09892052412033081,3.195100498199463,0.2223412036895752,0.34968221485614776,0.0341184064745903,0.9188378572463989,0.047043721005320546,0.0341184064745903,0.9188378572463989,0.047043721005320546,0.9188378572463989,0.0341184064745903,-0.8717941362410784,2,2,0.064,1020.0,0.8400351703166962,0.9719572389507132,-0.42195723895071313,test,True,False
18,98,categorical_soft,0,0,False,0.0,0.0,1.0,0.0,0.0,1,-1.0,0.3476416029036045,2.7715336799621584,-3.803411436080933,-1.6138117432594299,0.3476416029036045,0.9861473798751831,0.0013880925020202995,0.012464533466845751,0.9861473798751831,0.0013880925020202995,0.012464533466845751,0.9861473798751831,0.0013880925020202995,-0.9736828464083374,1,1,0.256,1130.0,0.940323144197464,0.980270773974937,-0.43027077397493696,test,True,False
19,508,categorical_soft,1,1,False,0.0,0.0,0.0,1.0,0.0,2,-1.0,0.4554385632276535,-0.20520943105220796,3.784913158416748,0.28533022105693817,0.4554385632276535,0.01765456423163414,0.9531721472740173,0.02917327955365181,0.01765456423163414,0.9531721472740173,0.02917327955365181,0.9531721472740173,0.01765456423163414,-0.9239988677203655,2,2,0.512,480.0,0.8548667505383492,0.9862036089133772,-0.43620360891337717,test,True,False
20,22,categorical_soft,1,1,True,0.17070501334162702,0.0,0.0,0.8292949795722961,0.17070502042770386,2,-0.6585899591445923,0.2977956861257553,-1.4876622796058654,2.4584991216659544,1.5781113147735595,0.2977956861257553,0.013474472612142564,0.6971693158149719,0.28935620188713074,0.013474472612142564,0.6971693158149719,0.28935620188713074,0.6971693158149719,0.013474472612142564,-0.40781311392784114,2,2,0.256,810.0,0.5141643323004246,0.9000342722994452,-0.35003427229944517,test,True,False
21,604,categorical_soft,1,1,True,0.49585492013777327,0.0,0.0,0.504145085811615,0.495854914188385,2,-0.00829017162322998,0.4305991992354393,-0.23603655248880387,-0.14137435033917428,-0.11766888946294785,0.4305991992354393,0.3101149260997772,0.3407958000898361,0.3490892857313156,0.3101149260997772,0.3407958000898361,0.3490892857313156,0.3407958000898361,0.3101149260997772,0.00829348564147947,3,3,0.0,480.0,0.029329851269721985,0.5531089211842547,-0.003108921184254654,test,False,True
22,38,categorical_soft,0,0,True,0.13969023630715088,0.0,0.8603097796440125,0.0,0.13969023525714874,1,-0.7206195443868637,0.2758315034210682,0.8340867638587952,-2.6519213914871216,-0.2535847142338753,0.2758315034210682,0.7309725403785705,0.022447952441871165,0.24657950699329376,0.7309725403785705,0.022447952441871165,0.24657950699329376,0.7309725403785705,0.022447952441871165,-0.48439303338527673,1,1,0.128,420.0,0.9765269681811333,0.9928931070173358,-0.44289310701733575,test,True,False
23,644,categorical_soft,0,0,False,0.0,0.0,1.0,0.0,0.0,1,-1.0,0.5402505576610566,2.249771499633789,-2.3048637390136717,-1.9991606235504151,0.5402505576610566,0.9754295170307159,0.010274686664342881,0.0142957903444767,0.9754295170307159,0.010274686664342881,0.0142957903444767,0.9754295170307159,0.010274686664342881,-0.9611337266862392,1,1,0.128,770.0,0.6094888597726822,0.9378592473091714,-0.3878592473091713,test,True,False
24,95,categorical_soft,1,1,False,0.0,0.0,0.0,1.0,0.0,2,-1.0,0.5836945414543152,1.6481331825256347,3.3024739742279055,-2.0095338463783263,0.5836945414543152,0.1604759782552719,0.8354004323482513,0.0041235909331589935,0.1604759782552719,0.8354004323482513,0.0041235909331589935,0.8354004323482513,0.1604759782552719,-0.8312768414150924,2,2,0.128,600.0,0.7799523025751114,0.9771726121679656,-0.42717261216796554,test,True,False
25,353,categorical_soft,0,0,True,0.4211503580432464,0.0,0.5788496136665344,0.0,0.4211503565311432,1,-0.15769925713539124,0.29867521598935126,-0.5580408573150635,0.09886623919010162,0.1777937114238739,0.29867521598935126,0.19942587018013,0.3844984948635101,0.4160756319761276,0.19942587018013,0.3844984948635101,0.4160756319761276,0.19942587018013,0.3844984948635101,0.21664976179599763,3,3,0.0,610.0,0.1087988018989563,0.6099215844506183,-0.05992158445061824,test,False,True
26,547,categorical_soft,0,0,False,0.0,0.0,1.0,0.0,0.0,1,-1.0,0.4340681418776512,0.5042312234640122,1.4958267688751221,-0.7928474247455597,0.4340681418776512,0.25204530358314514,0.6787415742874146,0.06921311765909195,0.25204530358314514,0.6787415742874146,0.06921311765909195,0.25204530358314514,0.6787415742874146,-0.1828321859240532,2,2,0.0,970.0,0.6236785091459751,0.9270887493048869,-0.3770887493048869,test,False,False
27,264,categorical_soft,1,1,False,0.0,0.0,0.0,1.0,0.0,2,-1.0,0.5128618091344833,0.9927778482437134,1.570977556705475,-1.1413009643554688,0.5128618091344833,0.3448892831802368,0.6143349945545197,0.04077572263777256,0.3448892831802368,0.6143349945545197,0.04077572263777256,0.6143349945545197,0.3448892831802368,-0.5735592719167472,2,2,0.032,640.0,0.5525830592960119,0.9303007074070531,-0.380300707407053,test,True,False
28,339,categorical_soft,1,1,True,0.1604912039489657,0.0,0.0,0.8395087718963623,0.1604911983013153,2,-0.679017573595047,0.17439712807536126,-1.0413103342056274,1.3988330721855164,0.936372709274292,0.17439712807536126,0.050766657665371896,0.5824369668960572,0.3667963832616806,0.050766657665371896,0.5824369668960572,0.3667963832616806,0.5824369668960572,0.050766657665371896,-0.21564058363437655,2,2,0.128,700.0,0.5527637246996164,0.9255232317218494,-0.3755232317218493,test,True,False
29,419,categorical_soft,1,1,False,0.0,0.0,0.0,1.0,0.0,2,-1.0,0.5896538630127907,1.4357335329055787,0.5679681539535523,-1.6947466492652894,0.5896538630127907,0.6828496217727661,0.28713937401771544,0.03001100365072489,0.6828496217727661,0.28713937401771544,0.03001100365072489,0.28713937401771544,0.6828496217727661,-0.25712837036699054,1,1,0.0,410.0,0.17980632185935974,0.7382676972455773,-0.18826769724557724,test,False,False
30,85,categorical_soft,1,1,False,0.0,0.0,0.0,1.0,0.0,2,-1.0,0.39227254390716554,-0.4850169748067856,3.2496364593505858,0.8193138837814331,0.39227254390716554,0.021487678959965707,0.8993274748325348,0.07918487191200256,0.021487678959965707,0.8993274748325348,0.07918487191200256,0.8993274748325348,0.021487678959965707,-0.8201426029205323,2,2,0.256,930.0,0.8126536016352475,0.9712387698232933,-0.4212387698232932,test,True,False
31,369,categorical_soft,0,0,True,0.549994792500617,0.0,0.4500052034854889,0.0,0.5499947667121887,3,0.09998956322669983,0.46980839520692824,0.14564258866012098,-0.7345090746879578,-0.22449209094047545,0.46980839520692824,0.47492884695529936,0.1972012460231781,0.3278698980808258,0.47492884695529936,0.1972012460231781,0.3278698980808258,0.47492884695529936,0.1972012460231781,-0.14705894887447357,1,1,0.0,670.0,0.04256966710090637,0.5123068033698828,0.037693196630117276,test,True,False
32,726,categorical_soft,1,1,True,0.6097372978431729,0.0,0.0,0.3902626931667328,0.6097372770309448,3,0.21947458386421204,0.25070769973099233,-0.39984104633331297,-0.08187007494270801,-0.04882563650608063,0.25070769973099233,0.2635822668671608,0.3621270626783371,0.3742906779050827,0.2635822668671608,0.3621270626783371,0.3742906779050827,0.3621270626783371,0.2635822668671608,0.012163615226745583,3,3,0.0,1080.0,0.10504268109798431,0.4655336337542983,0.08446636624570175,test,False,True
33,269,categorical_soft,1,1,True,0.19538686710282,0.0,0.0,0.8046131134033203,0.1953868716955185,2,-0.6092262417078018,0.4036757040768862,0.040879004448652265,-0.7304592132568359,-0.23130546510219574,0.4036757040768862,0.4492881178855896,0.20899393111467363,0.3417179673910141,0.4492881178855896,0.20899393111467363,0.3417179673910141,0.20899393111467363,0.4492881178855896,0.1327240362763405,1,1,0.0,780.0,0.41250117123126984,0.8499561995424352,-0.29995619954243513,test,False,False
34,418,categorical_soft,0,0,True,0.13907735712375402,0.0,0.860922634601593,0.0,0.1390773504972458,1,-0.7218452841043472,0.31824951320886613,1.4294732213020325,-2.750009632110596,-0.3924047738313675,0.31824951320886613,0.8493940651416778,0.013056477811187506,0.1375494658946991,0.8493940651416778,0.013056477811187506,0.1375494658946991,0.8493940651416778,0.013056477811187506,-0.7118445992469787,1,1,0.256,450.0,1.0706493556499481,0.9953482754807915,-0.4453482754807915,test,True,False
35,401,categorical_soft,1,1,False,0.0,0.0,0.0,1.0,0.0,2,-1.0,0.41804279088974,-0.9930745005607605,3.9419504404067993,1.5903320550918578,0.41804279088974,0.006526687787845731,0.9070967435836792,0.08637656047940254,0.006526687787845731,0.9070967435836792,0.08637656047940254,0.9070967435836792,0.006526687787845731,-0.8207201831042766,2,2,0.256,1180.0,0.9689126767189009,0.9817634488063983,-0.4317634488063983,test,True,False
36,733,categorical_soft,0,0,False,0.0,0.0,1.0,0.0,0.0,1,-1.0,0.3869907185435295,2.729044771194458,-3.120493936538696,-2.2010926485061644,0.3869907185435295,0.9898524820804596,0.0028740823501721023,0.007273411052301526,0.9898524820804596,0.0028740823501721023,0.007273411052301526,0.9898524820804596,0.0028740823501721023,-0.9825790710281581,1,1,0.128,880.0,0.978863924741745,0.9878293692635131,-0.437829369263513,test,True,False
37,229,categorical_soft,1,1,False,0.0,0.0,0.0,1.0,0.0,2,-1.0,0.4187783718109131,0.518008628487587,2.0473244190216064,-0.5726131319999694,0.4187783718109131,0.16801952570676804,0.7752538979053497,0.05672658793628216,0.16801952570676804,0.7752538979053497,0.05672658793628216,0.7752538979053497,0.16801952570676804,-0.7185273099690676,2,2,0.064,730.0,0.7088822452351451,0.9627012144069175,-0.4127012144069174,test,True,False
38,33,categorical_soft,1,1,True,0.15452912015120251,0.0,0.0,0.8454709053039551,0.1545291244983673,2,-0.6909417808055878,0.34483563601970674,-1.1362059473991395,1.8059785962104797,1.1515103459358216,0.34483563601970674,0.03356746658682823,0.6358189404010772,0.3306135803461075,0.03356746658682823,0.6358189404010772,0.3306135803461075,0.6358189404010772,0.03356746658682823,-0.30520536005496973,2,2,0.256,590.0,0.5813465155661106,0.9422921797796965,-0.39229217977969644,test,True,False
39,789,categorical_soft,0,0,False,0.0,0.0,1.0,0.0,0.0,1,-1.0,0.535863733291626,0.522635155916214,0.8505903601646423,-0.7115518808364868,0.535863733291626,0.3728818088769913,0.5178353309631347,0.10928287208080292,0.3728818088769913,0.5178353309631347,0.10928287208080292,0.3728818088769913,0.5178353309631347,-0.2635989367961884,2,2,0.0,630.0,0.5534203890711069,0.9313419062980955,-0.3813419062980955,test,False,False
40,707,categorical_soft,0,0,False,0.0,0.0,1.0,0.0,0.0,1,-1.0,0.42904666513204576,2.805176329612732,-3.953956937789917,-1.401775324344635,0.42904666513204576,0.9841479301452637,0.0011489964555948973,0.0147030683234334,0.9841479301452637,0.0011489964555948973,0.0147030683234334,0.9841479301452637,0.0011489964555948973,-0.9694448618218303,1,1,0.256,1100.0,0.8294788151979446,0.9676190714518601,-0.41761907145186006,test,True,False
41,432,categorical_soft,0,0,False,0.0,0.0,1.0,0.0,0.0,1,-1.0,0.49785321950912476,1.0138184070587157,0.6446957111358642,-1.3508195400238037,0.49785321950912476,0.5595687031745911,0.3871106058359146,0.0533206831663847,0.5595687031745911,0.3871106058359146,0.0533206831663847,0.5595687031745911,0.3871106058359146,-0.5062480200082063,1,1,0.0,560.0,0.3176489621400833,0.8225076943945947,-0.27250769439459466,test,True,False
42,215,categorical_soft,0,0,True,0.14168217634812003,0.0,0.8583178520202637,0.0,0.14168217778205872,1,-0.716635674238205,0.3441739082336426,0.09490131922066211,-0.9697079539299012,-0.13879990726709365,0.3441739082336426,0.467794069647789,0.16199268251657487,0.37021324634552,0.467794069647789,0.16199268251657487,0.37021324634552,0.467794069647789,0.16199268251657487,-0.09758082330226903,1,1,0.0,400.0,0.8201030120253563,0.9851543467679202,-0.4351543467679202,test,True,False
43,956,categorical_soft,0,0,False,0.0,0.0,1.0,0.0,0.0,1,-1.0,0.44962510615587237,1.8850104808807373,-1.6584107398986816,-1.7445427060127259,0.44962510615587237,0.9467399597167969,0.027549768052995204,0.025710248574614524,0.9467399597167969,0.027549768052995204,0.025710248574614524,0.9467399597167969,0.027549768052995204,-0.9210297111421824,1,1,0.256,420.0,0.879043385386467,0.988576341252804,-0.438576341252804,test,True,False
44,364,categorical_soft,0,0,False,0.0,0.0,1.0,0.0,0.0,1,-1.0,0.45628316402435304,1.9360677480697632,-1.4272597908973694,-2.608268880844116,0.45628316402435304,0.9557823836803436,0.03366579189896583,0.010551799554377794,0.9557823836803436,0.03366579189896583,0.010551799554377794,0.9557823836803436,0.03366579189896583,-0.9452305841259658,1,1,0.032,530.0,0.5941829681396484,0.949229112265047,-0.399229112265047,test,True,False
45,359,categorical_soft,1,1,True,0.15313656571740325,0.0,0.0,0.8468634486198425,0.15313656628131866,2,-0.6937268823385239,0.26880435161292554,-1.1228555202484132,1.861775553226471,1.1810529828071594,0.26880435161292554,0.032489664107561114,0.6423045217990875,0.32520581483840943,0.032489664107561114,0.6423045217990875,0.32520581483840943,0.6423045217990875,0.032489664107561114,-0.31709870696067805,2,2,0.256,620.0,0.6048325188457966,0.9464525557523773,-0.39645255575237726,test,True,False
46,270,categorical_soft,1,1,False,0.0,0.0,0.0,1.0,0.0,2,-1.0,0.5398013323545456,1.502994751930237,0.6042522966861725,-1.9250370979309082,0.5398013323545456,0.6944047808647156,0.2829180359840393,0.022677185386419295,0.6944047808647156,0.2829180359840393,0.022677185386419295,0.2829180359840393,0.6944047808647156,-0.26024085059762003,1,1,0.0,480.0,0.10274922102689743,0.6396812171228674,-0.08968121712286736,test,False,False
47,941,categorical_soft,0,0,False,0.0,0.0,1.0,0.0,0.0,1,-1.0,0.4647607907652855,2.189698839187622,-1.319617795944214,-3.2361945152282714,0.4647607907652855,0.9665866196155548,0.02899286150932312,0.004420503461733461,0.9665866196155548,0.02899286150932312,0.004420503461733461,0.9665866196155548,0.02899286150932312,-0.9621661161538213,1,1,0.032,870.0,0.41358643770217896,0.8363188812429895,-0.28631888124298943,test,True,False
48,69,categorical_soft,0,0,False,0.0,0.0,1.0,0.0,0.0,1,-1.0,0.43857827931642535,2.3864716053009034,-2.574758696556091,-1.9647689580917358,0.43857827931642535,0.9799516677856446,0.006931111309677362,0.013117209635674953,0.9799516677856446,0.006931111309677362,0.013117209635674953,0.9799516677856446,0.006931111309677362,-0.9668344581499696,1,1,0.128,720.0,0.8523540496826172,0.9814357017170758,-0.4314357017170758,test,True,False
49,601,categorical_soft,1,1,True,0.1501817772019669,0.0,0.0,0.849818229675293,0.15018177032470703,2,-0.6996364593505859,0.253421887755394,-1.346123707294464,1.9838052153587342,1.2934756994247436,0.253421887755394,0.023285791836678983,0.6504704415798187,0.32624378204345705,0.023285791836678983,0.6504704415798187,0.32624378204345705,0.6504704415798187,0.023285791836678983,-0.32422665953636165,2,2,0.256,920.0,0.7186525873839855,0.9556268276050831,-0.40562682760508306,test,True,False
50,514,categorical_soft,1,1,False,0.0,0.0,0.0,1.0,0.0,2,-1.0,0.5815298229455947,0.8731161952018738,0.016104235500097274,-1.3030447483062744,0.5815298229455947,0.6489533543586731,0.27550080716609954,0.07554583661258221,0.6489533543586731,0.27550080716609954,0.07554583661258221,0.27550080716609954,0.6489533543586731,-0.19995497055351732,1,1,0.0,1000.0,0.5398425310850143,0.8903886999770996,-0.34038869997709953,test,False,False
51,19,categorical_soft,0,0,True,0.15783541674977236,0.0,0.8421645760536194,0.0,0.15783542394638062,1,-0.6843291521072388,0.4080120071768761,0.983924400806427,-2.3356228828430177,-0.2136417269706726,0.4080120071768761,0.7467355310916901,0.027098985761404036,0.2261654943227768,0.7467355310916901,0.027098985761404036,0.2261654943227768,0.7467355310916901,0.027098985761404036,-0.5205700367689133,1,1,0.064,890.0,0.6218863129615784,0.9327954541479567,-0.3827954541479567,test,True,False
52,579,categorical_soft,1,1,False,0.0,0.0,0.0,1.0,0.0,2,-1.0,0.3759169735014439,-0.182745860517025,3.247114586830139,0.298058445751667,0.3759169735014439,0.030008911341428756,0.9215462744235993,0.04844481386244297,0.030008911341428756,0.9215462744235993,0.04844481386244297,0.9215462744235993,0.030008911341428756,-0.8731014605611563,2,2,0.128,1100.0,0.8309232108294964,0.9678406989955974,-0.4178406989955974,test,True,False
53,500,categorical_soft,1,1,False,0.0,0.0,0.0,1.0,0.0,2,-1.0,0.4380597323179245,-1.4180381417274475,4.100029468536377,2.1027830839157104,0.4380597323179245,0.0035221532685682177,0.8773623466491699,0.11911550313234329,0.0035221532685682177,0.8773623466491699,0.11911550313234329,0.8773623466491699,0.0035221532685682177,-0.7582468435168266,2,2,0.512,870.0,0.9488132447004318,0.9860865478497804,-0.4360865478497804,test,True,False
54,188,categorical_soft,0,0,True,0.13887839029869398,0.0,0.8611215949058533,0.0,0.13887839019298553,1,-0.7222432047128677,0.19315754156559706,1.0625729084014892,-3.749864196777344,-0.17947881370782853,0.19315754156559706,0.7707968354225159,0.006270118989050388,0.22293304204940795,0.7707968354225159,0.006270118989050388,0.22293304204940795,0.7707968354225159,0.006270118989050388,-0.5478637933731079,1,1,0.512,820.0,1.2002649754285812,0.9961531855960688,-0.44615318559606876,test,True,False
55,112,categorical_soft,1,1,True,0.1814254125808215,0.0,0.0,0.8185746073722839,0.18142540752887726,2,-0.6371491998434067,0.26359755769371984,-0.9304274678230285,1.801587164402008,1.0497346639633178,0.26359755769371984,0.04238084070384503,0.6507459580898285,0.30687319934368135,0.04238084070384503,0.6507459580898285,0.30687319934368135,0.6507459580898285,0.04238084070384503,-0.34387275874614714,2,2,0.064,1090.0,0.5347029687836766,0.8766373137828818,-0.32663731378288174,test,True,False
56,307,categorical_soft,0,0,False,0.0,0.0,1.0,0.0,0.0,1,-1.0,0.5068895533680916,1.7512651324272155,-1.275811755657196,-2.3674364566802977,0.5068895533680916,0.9382271349430085,0.04580764882266521,0.015965191833674907,0.9382271349430085,0.04580764882266521,0.015965191833674907,0.9382271349430085,0.04580764882266521,-0.9222619431093335,1,1,0.128,430.0,0.6822309195995331,0.9701567791206914,-0.4201567791206914,test,True,False
57,478,categorical_soft,1,1,False,0.0,0.0,0.0,1.0,0.0,2,-1.0,0.37649179100990293,1.0510545134544373,2.2583649158477783,-1.211989951133728,0.37649179100990293,0.22568701952695847,0.7509591281414032,0.023353857174515723,0.22568701952695847,0.7509591281414032,0.023353857174515723,0.7509591281414032,0.22568701952695847,-0.7276052709668874,2,2,0.032,510.0,0.5967473834753036,0.9509694461824806,-0.40096944618248054,test,True,False
58,252,categorical_soft,0,0,False,0.0,0.0,1.0,0.0,0.0,1,-1.0,0.3496368214488029,0.4722371518611908,1.272296965122223,-0.7669500112533569,0.3496368214488029,0.28400618135929107,0.6320233523845673,0.08397045321762561,0.28400618135929107,0.6320233523845673,0.08397045321762561,0.28400618135929107,0.6320233523845673,-0.20003572814166545,2,2,0.0,1090.0,0.056773871183395386,0.4043661573593404,0.14563384264065965,test,False,False
59,334,categorical_soft,0,0,True,0.45591100746087365,0.0,0.5440890192985535,0.0,0.4559110105037689,1,-0.08817800879478455,0.27519208546727897,0.03760242946445942,-0.921528422832489,-0.2322728917002678,0.27519208546727897,0.46570479571819307,0.17879980355501174,0.3554954081773758,0.46570479571819307,0.17879980355501174,0.3554954081773758,0.46570479571819307,0.17879980355501174,-0.11020938754081727,1,1,0.032,500.0,0.05920746922492981,0.5832016383152792,-0.033201638315279114,test,True,False
60,975,categorical_soft,1,1,False,0.0,0.0,0.0,1.0,0.0,2,-1.0,0.5272122234106064,1.4936047434806823,1.2585395574569702,-1.8326165080070496,0.5272122234106064,0.5473806858062744,0.43295720815658567,0.01966210696846247,0.5473806858062744,0.43295720815658567,0.01966210696846247,0.43295720815658567,0.5473806858062744,-0.4132951011881232,1,1,0.032,490.0,0.2549487426877022,0.7874707432949173,-0.23747074329491724,test,False,False
61,43,categorical_soft,0,0,False,0.0,0.0,1.0,0.0,0.0,1,-1.0,0.5711975574493409,2.0265544295310973,-1.8977109432220458,-2.040602517127991,0.5711975574493409,0.9635296881198883,0.019217516761273146,0.017252835072577,0.9635296881198883,0.019217516761273146,0.017252835072577,0.9635296881198883,0.019217516761273146,-0.9462768530473112,1,1,0.064,560.0,0.5961449593305588,0.9479353693958872,-0.39793536939588714,test,True,False
62,910,categorical_soft,1,1,True,0.16386859680164612,0.0,0.0,0.8361313939094543,0.16386859118938446,2,-0.6722628027200699,0.36189066916704177,-0.45585020184516906,0.05360015854239464,0.08730286210775376,0.36189066916704177,0.2280680999159813,0.37939157485961916,0.39254034161567686,0.2280680999159813,0.37939157485961916,0.39254034161567686,0.37939157485961916,0.2280680999159813,0.013148766756057695,3,3,0.032,450.0,0.4666531588882208,0.9166871263022804,-0.3666871263022804,test,False,True
63,832,categorical_soft,1,1,True,0.19241896133249964,0.0,0.0,0.8075810670852661,0.19241896271705627,2,-0.6151621043682098,0.17778875548392534,-1.4877657771110535,2.260001373291016,1.5320977687835693,0.17778875548392534,0.01564743174239993,0.6637654542922974,0.3205871134996414,0.01564743174239993,0.6637654542922974,0.3205871134996414,0.6637654542922974,0.01564743174239993,-0.34317834079265597,2,2,0.256,800.0,0.4261107090860605,0.855327999763428,-0.30532799976342795,test,True,False
64,963,categorical_soft,1,1,False,0.0,0.0,0.0,1.0,0.0,2,-1.0,0.3621536284685135,-0.35048424899578096,3.610739803314209,0.5280238211154937,0.3621536284685135,0.017912483029067516,0.9389382481575013,0.04314927309751511,0.017912483029067516,0.9389382481575013,0.04314927309751511,0.9389382481575013,0.017912483029067516,-0.8957889750599861,2,2,0.512,490.0,0.8379102796316147,0.9848439861606756,-0.43484398616067554,test,True,False
65,66,categorical_soft,0,0,False,0.0,0.0,1.0,0.0,0.0,1,-1.0,0.33785315528512,2.7546340227127075,-3.8528122186660765,-1.5779994606971741,0.33785315528512,0.985664427280426,0.0013385104946792125,0.012997092772275209,0.985664427280426,0.0013385104946792125,0.012997092772275209,0.985664427280426,0.0013385104946792125,-0.9726673345081508,1,1,0.512,890.0,1.2261307686567307,0.9963133969089378,-0.4463133969089378,test,True,False
66,161,categorical_soft,0,0,False,0.0,0.0,1.0,0.0,0.0,1,-1.0,0.3733810484409332,3.233693838119507,-3.7677869319915773,-2.447485852241516,0.3733810484409332,0.9955650985240936,0.0009095931076444685,0.00352528509683907,0.9955650985240936,0.0009095931076444685,0.00352528509683907,0.9955650985240936,0.0009095931076444685,-0.9920398134272546,1,1,0.256,1120.0,0.8825294226408005,0.9742646649939778,-0.42426466499397775,test,True,False
67,724,categorical_soft,0,0,True,0.13820116846212682,0.0,0.8617988228797913,0.0,0.13820116221904755,1,-0.7235976606607437,0.3230720944702625,1.2629912972450257,-3.446260118484497,-0.27132913172245027,0.3230720944702625,0.8162901878356934,0.007363232551142573,0.17634656876325608,0.8162901878356934,0.007363232551142573,0.17634656876325608,0.8162901878356934,0.007363232551142573,-0.6399436190724374,1,1,0.512,690.0,1.4279310647398233,0.9989224625601053,-0.44892246256010526,test,True,False
68,937,categorical_soft,1,1,False,0.0,0.0,0.0,1.0,0.0,2,-1.0,0.3731737270951271,-0.8248830080032349,3.815592098236084,1.401375412940979,0.3731737270951271,0.008788669481873512,0.9097876489162445,0.08142367824912071,0.008788669481873512,0.9097876489162445,0.08142367824912071,0.9097876489162445,0.008788669481873512,-0.8283639706671239,2,2,0.256,1120.0,0.9724618047475815,0.9833030991517485,-0.43330309915174847,test,True,False
69,676,categorical_soft,1,1,False,0.0,0.0,0.0,1.0,0.0,2,-1.0,0.6734028160572052,0.8946823239326477,-0.4265821039676666,-1.2241946578025817,0.6734028160572052,0.7203166544437408,0.1923382118344307,0.08734511137008667,0.7203166544437408,0.1923382118344307,0.08734511137008667,0.1923382118344307,0.7203166544437408,-0.10499310046434403,1,1,0.0,880.0,0.8841263651847839,0.9807536167425195,-0.43075361674251944,test,False,False
70,829,categorical_soft,0,0,True,0.13826578542761347,0.0,0.8617342114448547,0.0,0.13826578855514526,1,-0.7234684228897095,0.5327554926276207,1.6718653798103333,-3.181702136993408,-0.3866994321346283,0.5327554926276207,0.880265188217163,0.006875001452863216,0.112859807908535,0.880265188217163,0.006875001452863216,0.112859807908535,0.880265188217163,0.006875001452863216,-0.767405380308628,1,1,0.512,400.0,1.3117841836065054,0.9986562293516524,-0.4486562293516524,test,True,False
71,788,categorical_soft,0,0,True,0.14251832396143288,0.0,0.8574816584587097,0.0,0.1425183266401291,1,-0.7149633318185806,0.3011377308517694,1.0257639288902283,-2.9796388149261475,-0.10324308499693871,0.3011377308517694,0.7452533900737762,0.013613197393715382,0.24113340824842452,0.7452533900737762,0.013613197393715382,0.24113340824842452,0.7452533900737762,0.013613197393715382,-0.5041199818253517,1,1,0.256,580.0,0.8245141059160233,0.9820096317997133,-0.4320096317997133,test,True,False
72,706,categorical_soft,1,1,True,0.14801096686022963,0.0,0.0,0.8519890308380127,0.1480109691619873,2,-0.7039780616760254,0.19130732584744692,-0.9073689937591553,1.155380654335022,0.7283818662166596,0.19130732584744692,0.07139446511864662,0.5617421567440033,0.3668633699417114,0.07139446511864662,0.5617421567440033,0.3668633699417114,0.5617421567440033,0.07139446511864662,-0.19487878680229187,2,2,0.128,400.0,0.6278717890381813,0.9626938418780225,-0.4126938418780225,test,True,False
73,903,categorical_soft,1,1,False,0.0,0.0,0.0,1.0,0.0,2,-1.0,0.5095592007040978,0.7205946207046509,3.3145684480667112,-0.8199167132377625,0.5095592007040978,0.06898561492562294,0.9163160979747772,0.014698293339461089,0.06898561492562294,0.9163160979747772,0.014698293339461089,0.9163160979747772,0.06898561492562294,-0.9016178046353162,2,2,0.064,720.0,0.7810058332979679,0.9738450036741837,-0.42384500367418365,test,True,False
74,800,categorical_soft,1,1,True,0.28433392695614684,0.0,0.0,0.7156660556793213,0.2843339145183563,2,-0.43133214116096497,0.31395882107317447,-0.5930627584457397,0.29853270649909974,0.21347107291221618,0.31395882107317447,0.17610060870647432,0.4294310539960861,0.3944683402776718,0.17610060870647432,0.4294310539960861,0.3944683402776718,0.4294310539960861,0.17610060870647432,-0.03496271371841431,2,2,0.0,630.0,0.2260872721672058,0.7308933691164324,-0.1808933691164324,test,True,False
75,391,categorical_soft,0,0,False,0.0,0.0,1.0,0.0,0.0,1,-1.0,0.48660691976547243,2.4560739517211916,-2.8286202192306518,-1.9728057980537415,0.48660691976547243,0.9828767597675323,0.005014902912080288,0.012108324375003577,0.9828767597675323,0.005014902912080288,0.012108324375003577,0.9828767597675323,0.005014902912080288,-0.9707684353925288,1,1,0.128,840.0,0.7657688558101654,0.9676319299768472,-0.41763192997684717,test,True,False
76,526,categorical_soft,1,1,True,0.15317838858594685,0.0,0.0,0.8468216061592102,0.1531783938407898,2,-0.6936432123184204,0.25818703789263964,-1.102662456035614,1.408218765258789,1.03383309841156,0.25818703789263964,0.04590200558304787,0.5653010129928588,0.3887970089912415,0.04590200558304787,0.5653010129928588,0.3887970089912415,0.5653010129928588,0.04590200558304787,-0.17650400400161737,2,2,0.032,870.0,0.6656653191894293,0.9463261398569189,-0.3963261398569189,test,True,False
77,763,categorical_soft,0,0,False,0.0,0.0,1.0,0.0,0.0,1,-1.0,0.39552142173051835,0.8638926982879639,1.6083653688430786,-1.031506985425949,0.39552142173051835,0.30739969611167905,0.6464500308036805,0.04615028351545334,0.30739969611167905,0.6464500308036805,0.04615028351545334,0.30739969611167905,0.6464500308036805,-0.2612494125962257,2,2,0.0,1160.0,0.45750169083476067,0.8171643857982723,-0.2671643857982723,test,False,False
78,908,categorical_soft,0,0,False,0.0,0.0,1.0,0.0,0.0,1,-1.0,0.5228056192398072,2.6311713218688966,-2.8841528415679933,-1.9506487488746642,0.5228056192398072,0.9855165123939514,0.00401140321046114,0.010472063487395645,0.9855165123939514,0.00401140321046114,0.010472063487395645,0.9855165123939514,0.00401140321046114,-0.9750444489065558,1,1,0.128,750.0,0.9013007879257202,0.9848144026444254,-0.4348144026444254,test,True,False
79,925,categorical_soft,0,0,False,0.0,0.0,1.0,0.0,0.0,1,-1.0,0.37839955389499663,2.5611421346664427,-2.6486834287643433,-2.192459213733673,0.37839955389499663,0.9857931911945343,0.005472909240052104,0.008733919123187661,0.9857931911945343,0.005472909240052104,0.008733919123187661,0.9857931911945343,0.005472909240052104,-0.9770592720713467,1,1,0.128,720.0,0.9003482162952423,0.9852781626198425,-0.4352781626198424,test,True,False
80,139,categorical_soft,0,0,True,0.5633984061695912,0.0,0.43660157918930054,0.0,0.5633984208106995,3,0.12679684162139893,0.43397875875234604,-0.2097044974565506,-0.22586992681026458,-0.12733276411890984,0.43397875875234604,0.3258139491081238,0.32041157484054567,0.3537744671106339,0.3258139491081238,0.32041157484054567,0.3537744671106339,0.3258139491081238,0.32041157484054567,0.027960518002510093,3,3,0.032,550.0,0.004771977663040161,0.5020469266401053,0.04795307335989474,test,False,True
81,75,categorical_soft,0,0,True,0.13853784026948351,0.0,0.8614621758460999,0.0,0.13853783905506134,1,-0.7229243367910385,0.21509994100779295,1.2811712980270387,-4.259164237976075,-0.16183696538209916,0.21509994100779295,0.806233924627304,0.003165909252129495,0.19060018658638,0.806233924627304,0.003165909252129495,0.19060018658638,0.806233924627304,0.003165909252129495,-0.615633738040924,1,1,0.512,1130.0,1.367600105702877,0.9975399784909955,-0.44753997849099547,test,True,False
82,79,categorical_soft,0,0,False,0.0,0.0,1.0,0.0,0.0,1,-1.0,0.5378961354494095,2.7055922508239747,-3.9467187881469727,-1.333384895324707,0.5378961354494095,0.9811043560504913,0.0012788102263584732,0.017616831604391335,0.9811043560504913,0.0012788102263584732,0.017616831604391335,0.9811043560504913,0.0012788102263584732,-0.9634875244461,1,1,0.512,1000.0,1.1299725770950317,0.9932690070609597,-0.4432690070609596,test,True,False
83,534,categorical_soft,1,1,False,0.0,0.0,0.0,1.0,0.0,2,-1.0,0.5452729314565659,-1.3424354672431946,4.091616773605347,2.061526584625244,0.5452729314565659,0.003857368300668895,0.8804649710655212,0.11567768007516861,0.003857368300668895,0.8804649710655212,0.11567768007516861,0.8804649710655212,0.003857368300668895,-0.7647872909903526,2,2,0.512,770.0,0.8793811872601509,0.9827118434063735,-0.4327118434063735,test,True,False
84,58,categorical_soft,1,1,True,0.3336827505310743,0.0,0.0,0.6663172245025635,0.33368274569511414,2,-0.33263447880744934,0.28112252000719307,-0.4253964602947235,0.15129889994859697,0.059438399970531464,0.28112252000719307,0.2270669922232628,0.4041899710893631,0.3687430411577225,0.2270669922232628,0.4041899710893631,0.3687430411577225,0.4041899710893631,0.2270669922232628,-0.035446929931640614,2,2,0.032,530.0,0.15421375632286072,0.6827785006137393,-0.1327785006137393,test,True,False
85,613,categorical_soft,0,0,True,0.47038887512133387,0.0,0.5296111106872559,0.0,0.47038888931274414,1,-0.05922222137451172,0.4562695540487766,0.39508198499679564,-1.2630088090896607,-0.2166600465774536,0.4562695540487766,0.5765144288539886,0.11062567979097367,0.31285991072654723,0.5765144288539886,0.11062567979097367,0.31285991072654723,0.5765144288539886,0.11062567979097367,-0.2636545181274414,1,1,0.032,640.0,0.08442014455795288,0.5722490456812103,-0.022249045681210222,test,True,False
86,365,categorical_soft,0,0,False,0.0,0.0,1.0,0.0,0.0,1,-1.0,0.3898628778755665,2.8256975173950196,-4.090927410125732,-1.4634994864463806,0.3898628778755665,0.9854170024394989,0.0009791237534955144,0.013603848591446876,0.9854170024394989,0.0009791237534955144,0.013603848591446876,0.9854170024394989,0.0009791237534955144,-0.971813153848052,1,1,0.512,1120.0,1.3508169502019882,0.9973610056548473,-0.44736100565484727,test,True,False
87,288,categorical_soft,0,0,False,0.0,0.0,1.0,0.0,0.0,1,-1.0,0.5925400972366333,2.09710031747818,-3.34407000541687,-0.824986320734024,0.5925400972366333,0.9445433259010315,0.004174919822253287,0.051281750574707984,0.9445433259010315,0.004174919822253287,0.051281750574707984,0.9445433259010315,0.004174919822253287,-0.8932615753263236,1,1,0.256,880.0,0.9866893738508224,0.9882830661053026,-0.43828306610530254,test,True,False
88,973,categorical_soft,1,1,True,0.14407408993937576,0.0,0.0,0.8559259176254272,0.14407409727573395,2,-0.7118518203496933,0.28638526648283,-1.9588922023773194,3.1723979234695436,2.1507713079452513,0.28638526648283,0.004325248207896948,0.7319961786270142,0.2636785596609116,0.004325248207896948,0.7319961786270142,0.2636785596609116,0.7319961786270142,0.004325248207896948,-0.4683176189661026,2,2,0.512,1060.0,0.885094977915287,0.9763106933112168,-0.42631069331121674,test,True,False
89,73,categorical_soft,1,1,True,0.22352256546050314,0.0,0.0,0.7764774560928345,0.22352255880832672,2,-0.5529548972845078,0.3809688717126846,-0.4682108134031296,0.2678100258111954,0.09040885865688324,0.3809688717126846,0.20677521973848342,0.43165946900844576,0.36156530380249025,0.20677521973848342,0.43165946900844576,0.36156530380249025,0.43165946900844576,0.20677521973848342,-0.07009416520595552,2,2,0.032,1070.0,0.41934990882873535,0.805071285281604,-0.25507128528160394,test,True,False
90,259,categorical_soft,0,0,True,0.18788168456132315,0.0,0.8121182918548584,0.0,0.1878816783428192,1,-0.6242366135120392,0.4242050662636757,-0.11967921555042267,-0.6076917767524719,-0.241569384932518,0.4242050662636757,0.3997305899858475,0.24619075655937195,0.35407865345478057,0.3997305899858475,0.24619075655937195,0.35407865345478057,0.3997305899858475,0.24619075655937195,-0.04565193653106692,1,1,0.032,460.0,0.3570415824651718,0.8638378982141887,-0.3138378982141886,test,True,False
91,311,categorical_soft,1,1,True,0.15569712710598393,0.0,0.0,0.8443028926849365,0.15569712221622467,2,-0.6886057704687119,0.33435893803834915,-1.3897006154060363,2.1550892114639284,1.3735980153083802,0.33435893803834915,0.019428096525371075,0.6726287364959717,0.3079431653022766,0.019428096525371075,0.6726287364959717,0.3079431653022766,0.6726287364959717,0.019428096525371075,-0.36468557119369505,2,2,0.256,650.0,0.5836306642740965,0.9388779207407766,-0.38887792074077654,test,True,False
92,671,categorical_soft,1,1,True,0.15652808452617778,0.0,0.0,0.8434719443321228,0.15652808547019958,2,-0.6869438588619232,0.4564346492290497,-0.9875250101089478,3.112004804611206,1.4718268513679504,0.4564346492290497,0.013688491098582745,0.8252681493759155,0.1610433802008629,0.013688491098582745,0.8252681493759155,0.1610433802008629,0.8252681493759155,0.013688491098582745,-0.6642247691750527,2,2,0.128,1070.0,0.6783601269125938,0.9364890108803776,-0.38648901088037757,test,True,False
93,216,categorical_soft,1,1,False,0.0,0.0,0.0,1.0,0.0,2,-1.0,0.31466464400291444,0.31612342298030854,2.7801291704177857,-0.3246437467634678,0.31466464400291444,0.07534753605723381,0.8848030626773834,0.03984942771494389,0.07534753605723381,0.8848030626773834,0.03984942771494389,0.8848030626773834,0.07534753605723381,-0.8449536349624395,2,2,0.032,1070.0,0.9571733213961124,0.9830576817710954,-0.4330576817710954,test,True,False
94,291,categorical_soft,1,1,True,0.15995708681233395,0.0,0.0,0.8400428891181946,0.15995708107948303,2,-0.6800858080387115,0.2831965180113912,-0.5844501495361328,0.22794110476970672,0.1760821282863617,0.2831965180113912,0.18544737100601197,0.4178150832653046,0.39673753678798673,0.18544737100601197,0.4178150832653046,0.39673753678798673,0.4178150832653046,0.18544737100601197,-0.021077546477317854,2,2,0.0,920.0,0.611028790473938,0.9269618633162482,-0.37696186331624815,test,True,False
95,226,categorical_soft,0,0,True,0.1528089201268638,0.0,0.8471910953521729,0.0,0.15280891954898834,1,-0.6943821758031845,0.3807818166911602,0.6678906321525574,-2.1037852644920347,-0.16524329036474228,0.3807818166911602,0.6675616443157196,0.04214643277227879,0.2902919173240662,0.6675616443157196,0.04214643277227879,0.2902919173240662,0.6675616443157196,0.04214643277227879,-0.37726972699165345,1,1,0.064,1010.0,0.7045481577515602,0.9474461245798402,-0.3974461245798402,test,True,False
96,467,categorical_soft,0,0,True,0.1380427715378778,0.0,0.8619572520256042,0.0,0.13804277777671814,1,-0.7239144742488861,0.3554410979151726,1.8764569759368896,-4.333151912689209,-0.3377319037914276,0.3554410979151726,0.8996470212936402,0.0018118535517714918,0.0985411174595356,0.8996470212936402,0.0018118535517714918,0.0985411174595356,0.8996470212936402,0.0018118535517714918,-0.8011059038341045,1,1,0.512,960.0,1.6845704540610313,0.9995768994920279,-0.44957689949202784,test,True,False
97,49,categorical_soft,1,1,False,0.0,0.0,0.0,1.0,0.0,2,-1.0,0.37465930134058,0.13272858336567878,3.387522840499878,-0.20248065367341042,0.37465930134058,0.03623187839984894,0.9377964317798615,0.025971698760986327,0.03623187839984894,0.9377964317798615,0.025971698760986327,0.9377964317798615,0.03623187839984894,-0.9118247330188751,2,2,0.128,670.0,0.8650231137871742,0.9835412539954715,-0.4335412539954715,test,True,False
98,152,categorical_soft,0,0,True,0.13982705296845277,0.0,0.8601729273796082,0.0,0.13982705771923065,1,-0.7203458696603775,0.3743589028716087,1.1023396253585815,-3.3165555953979493,-0.08862750977277756,0.3743589028716087,0.7598491728305816,0.009170664567500353,0.23098016828298568,0.7598491728305816,0.009170664567500353,0.23098016828298568,0.7598491728305816,0.009170664567500353,-0.5288690045475959,1,1,0.256,680.0,1.0252197608351707,0.9923499347600208,-0.4423499347600207,test,True,False
99,649,categorical_soft,1,1,True,0.14401299215051422,0.0,0.0,0.855987012386322,0.14401298761367798,2,-0.711974024772644,0.3235223636031151,-1.0899669170379638,2.379632329940796,1.3090442895889283,0.3235223636031151,0.022635157592594622,0.727272242307663,0.2500925943255424,0.022635157592594622,0.727272242307663,0.2500925943255424,0.727272242307663,0.022635157592594622,-0.47717964798212054,2,2,0.128,1030.0,0.8796808049082756,0.9765308986250042,-0.42653089862500415,test,True,False
100,933,categorical_soft,0,0,False,0.0,0.0,1.0,0.0,0.0,1,-1.0,0.5757558107376098,1.211885356903076,-0.8979459166526794,-1.1457260251045227,0.5757558107376098,0.8208925604820252,0.10021827593445778,0.07888914868235589,0.8208925604820252,0.10021827593445778,0.07888914868235589,0.8208925604820252,0.10021827593445778,-0.7420034117996693,1,1,0.0,960.0,0.3970257490873337,0.8086435035120988,-0.25864350351209875,test,True,False
101,481,categorical_soft,0,0,False,0.0,0.0,1.0,0.0,0.0,1,-1.0,0.495552721619606,2.770823574066162,-4.002475070953369,-1.3435582518577576,0.495552721619606,0.9826118230819703,0.0011328366119414568,0.01625533103942871,0.9826118230819703,0.0011328366119414568,0.01625533103942871,0.9826118230819703,0.0011328366119414568,-0.9663564920425416,1,1,0.512,900.0,1.1404194179922342,0.9943259635475866,-0.4443259635475866,test,True,False
102,292,categorical_soft,0,0,False,0.0,0.0,1.0,0.0,0.0,1,-1.0,0.634715124964714,1.9967166781425476,-1.8499587893486023,-2.100831425189972,0.634715124964714,0.9628115296363831,0.020563805289566518,0.01662466200068593,0.9628115296363831,0.020563805289566518,0.01662466200068593,0.9628115296363831,0.020563805289566518,-0.9461868676356971,1,1,0.064,970.0,0.7140514403581619,0.9519763772780255,-0.4019763772780255,test,True,False
103,515,categorical_soft,1,1,False,0.0,0.0,0.0,1.0,0.0,2,-1.0,0.6494908660650254,0.37526935338974,0.32127206325531005,-0.4397542327642441,0.6494908660650254,0.41770468056201937,0.39530823528766634,0.18698708415031434,0.41770468056201937,0.39530823528766634,0.18698708415031434,0.39530823528766634,0.41770468056201937,-0.208321151137352,1,1,0.0,1120.0,0.07935963571071625,0.4225049993874604,0.12749500061253966,test,False,False
104,245,categorical_soft,1,1,True,0.15085227026719744,0.0,0.0,0.8491477370262146,0.1508522629737854,2,-0.6982954740524292,0.3011022061109543,-1.3736271858215332,2.932976412773132,1.5903337359428407,0.3011022061109543,0.010573980398476124,0.7844261407852173,0.20499985963106154,0.010573980398476124,0.7844261407852173,0.20499985963106154,0.7844261407852173,0.010573980398476124,-0.5794262811541557,2,2,0.256,1000.0,0.7283073337748647,0.9535017148259897,-0.4035017148259896,test,True,False
105,296,categorical_soft,1,1,True,0.14963844126577752,0.0,0.0,0.8503615856170654,0.14963844418525696,2,-0.7007231414318085,0.14059761948883534,-1.4770898222923279,2.2491424798965456,1.4691437125205993,0.14059761948883534,0.016244971379637718,0.6745218276977539,0.309233221411705,0.016244971379637718,0.6745218276977539,0.309233221411705,0.6745218276977539,0.016244971379637718,-0.3652886062860489,2,2,0.512,510.0,0.6265748795121908,0.9573684414410254,-0.40736844144102535,test,True,False
106,249,categorical_soft,0,0,True,0.14899593500840919,0.0,0.8510040640830994,0.0,0.14899593591690063,1,-0.7020081281661987,0.30682431887835265,0.5955694615840912,-2.2877472162246706,-0.2168024942278862,0.30682431887835265,0.6666564583778382,0.037435276061296464,0.2959082633256912,0.6666564583778382,0.037435276061296464,0.2959082633256912,0.6666564583778382,0.037435276061296464,-0.37074819505214696,1,1,0.064,830.0,0.7157257348299026,0.9594510593295946,-0.4094510593295946,test,True,False
107,950,categorical_soft,1,1,False,0.0,0.0,0.0,1.0,0.0,2,-1.0,0.632260012626648,1.3866567850112914,-0.6324560880661011,-2.5085012197494505,0.632260012626648,0.8668679356575012,0.11512024030089378,0.018011800944805145,0.8668679356575012,0.11512024030089378,0.018011800944805145,0.11512024030089378,0.8668679356575012,-0.09710843935608864,1,1,0.0,860.0,0.5996116995811462,0.9280535305406392,-0.37805353054063917,test,False,False
108,838,categorical_soft,1,1,False,0.0,0.0,0.0,1.0,0.0,2,-1.0,0.43571750074625015,0.4928544253110886,1.201411736011505,-0.7098398745059967,0.43571750074625015,0.3000583708286285,0.609369945526123,0.09057169258594513,0.3000583708286285,0.609369945526123,0.09057169258594513,0.609369945526123,0.3000583708286285,-0.5187982529401779,2,2,0.032,550.0,0.38993610441684723,0.8699666340839135,-0.31996663408391346,test,True,False
109,351,categorical_soft,0,0,False,0.0,0.0,1.0,0.0,0.0,1,-1.0,0.3577513549476862,2.845216989517212,-4.116162395477295,-1.426849615573883,0.3577513549476862,0.9848654329776764,0.0009392739506438374,0.014195282012224197,0.9848654329776764,0.0009392739506438374,0.014195282012224197,0.9848654329776764,0.0009392739506438374,-0.9706701509654522,1,1,0.512,1120.0,1.1905434653162956,0.994218091239636,-0.44421809123963596,test,True,False
110,361,categorical_soft,1,1,False,0.0,0.0,0.0,1.0,0.0,2,-1.0,0.38009537756443024,0.6461809992790222,3.702220416069031,-0.6831746995449066,0.38009537756443024,0.04449554942548275,0.943716436624527,0.011788005847483874,0.04449554942548275,0.943716436624527,0.011788005847483874,0.943716436624527,0.04449554942548275,-0.9319284307770431,2,2,0.128,710.0,0.8633746355772018,0.9826042518450617,-0.4326042518450617,test,True,False
111,660,categorical_soft,1,1,False,0.0,0.0,0.0,1.0,0.0,2,-1.0,0.5692979574203492,1.4240703344345094,0.6343813061714172,-1.9233277440071106,0.5692979574203492,0.6713796436786652,0.3048268795013428,0.023793473839759827,0.6713796436786652,0.3048268795013428,0.023793473839759827,0.3048268795013428,0.6713796436786652,-0.28103340566158297,1,1,0.0,690.0,0.0957273542881012,0.571093125514092,-0.021093125514091926,test,False,False
112,413,categorical_soft,1,1,True,0.16156178441516306,0.0,0.0,0.8384382128715515,0.1615617871284485,2,-0.676876425743103,0.3792255729436874,-0.6033924102783204,1.3829656004905702,0.6192351162433625,0.3792255729436874,0.08565798699855805,0.6235745489597321,0.2907674640417099,0.08565798699855805,0.6235745489597321,0.2907674640417099,0.6235745489597321,0.08565798699855805,-0.3328070849180222,2,2,0.064,460.0,0.4856102019548416,0.9226744211922657,-0.3726744211922657,test,True,False
113,463,categorical_soft,1,1,True,0.22296809812642804,0.0,0.0,0.7770318984985352,0.22296810150146484,2,-0.5540637969970703,0.30116102397441863,-0.24949605464935304,-0.23338381797075272,-0.15689982548356057,0.30116102397441863,0.3211930632591248,0.3264679551124573,0.35233897864818575,0.3211930632591248,0.3264679551124573,0.35233897864818575,0.3264679551124573,0.3211930632591248,0.025871023535728455,3,3,0.0,460.0,0.27071672677993774,0.8058690155963876,-0.25586901559638753,test,False,True
114,47,categorical_soft,1,1,True,0.1491607895783002,0.0,0.0,0.8508391976356506,0.14916078746318817,2,-0.7016784101724625,0.12454977333545685,-1.5859907746315003,2.424819231033325,1.597387444972992,0.12454977333545685,0.012456499133259058,0.687113344669342,0.300430154800415,0.012456499133259058,0.687113344669342,0.300430154800415,0.687113344669342,0.012456499133259058,-0.386683189868927,2,2,0.512,580.0,0.6515953863272443,0.9589142773357157,-0.4089142773357156,test,True,False
115,116,categorical_soft,0,0,True,0.13828874431963267,0.0,0.8617112636566162,0.0,0.13828875124454498,1,-0.7234225124120712,0.27435187697410585,1.6091566205024719,-4.1208884716033936,-0.03794762790203095,0.27435187697410585,0.8361483216285706,0.0027222335804253815,0.16112944185733796,0.8361483216285706,0.0027222335804253815,0.16112944185733796,0.8361483216285706,0.0027222335804253815,-0.6750188797712326,1,1,0.512,690.0,1.3690884998068213,0.9985617374980715,-0.4485617374980715,test,True,False
116,201,categorical_soft,0,0,False,0.0,0.0,1.0,0.0,0.0,1,-1.0,0.3692674979567528,2.910315918922424,-2.944688558578491,-3.035314750671387,0.3692674979567528,0.994449132680893,0.002851845882833004,0.0026990267797373235,0.994449132680893,0.002851845882833004,0.0026990267797373235,0.994449132680893,0.002851845882833004,-0.9917501059011556,1,1,0.128,1160.0,0.77137890458107,0.9543255483404679,-0.40432554834046786,test,True,False
117,762,categorical_soft,0,0,True,0.15096116256924375,0.0,0.84903883934021,0.0,0.15096116065979004,1,-0.6980776786804199,0.34219650477170943,0.7817307233810424,-2.6473241567611696,-0.16846458613872528,0.34219650477170943,0.7046243667602539,0.02288785297423601,0.27248778343200686,0.7046243667602539,0.02288785297423601,0.27248778343200686,0.7046243667602539,0.02288785297423601,-0.432136583328247,1,1,0.128,650.0,0.6408639699220657,0.9531590515267827,-0.40315905152678266,test,True,False
118,17,categorical_soft,0,0,False,0.0,0.0,1.0,0.0,0.0,1,-1.0,0.4943412184715271,2.3062416076660157,-2.1490876197814943,-2.7016990900039675,0.4943412184715271,0.9818246245384217,0.011440190859138966,0.006735189957544208,0.9818246245384217,0.011440190859138966,0.006735189957544208,0.9818246245384217,0.011440190859138966,-0.9750894345808775,1,1,0.064,1160.0,0.867465652525425,0.9710154946235546,-0.4210154946235546,test,True,False
119,828,categorical_soft,1,1,True,0.16734447993658086,0.0,0.0,0.8326555490493774,0.16734448075294495,2,-0.6653110682964325,0.25852926559746264,-0.9936150670051574,1.1564714312553406,0.7392216503620148,0.25852926559746264,0.0655758611857891,0.5631082952022552,0.3713158369064331,0.0655758611857891,0.5631082952022552,0.3713158369064331,0.5631082952022552,0.0655758611857891,-0.19179245829582214,2,2,0.064,900.0,0.5550091676414013,0.9080282040686022,-0.35802820406860214,test,True,False
120,624,categorical_soft,1,1,False,0.0,0.0,0.0,1.0,0.0,2,-1.0,0.43048191666603086,-1.6187697768211364,4.543668556213379,2.3677865982055666,0.43048191666603086,0.001888905477244407,0.8961243510246277,0.10198672488331795,0.001888905477244407,0.8961243510246277,0.10198672488331795,0.8961243510246277,0.001888905477244407,-0.7941376261413098,2,2,0.512,1170.0,0.9784784838557243,0.9827912535472505,-0.43279125354725045,test,True,False
121,324,categorical_soft,1,1,True,0.406473696242102,0.0,0.0,0.593526303768158,0.40647369623184204,2,-0.18705260753631592,0.3127007082104683,-0.5949230790138245,0.22154245972633363,0.20018907487392426,0.3127007082104683,0.18261497020721434,0.4130364328622818,0.4043485879898071,0.18261497020721434,0.4130364328622818,0.4043485879898071,0.4130364328622818,0.18261497020721434,-0.008687844872474704,2,2,0.032,910.0,0.19233771413564682,0.6214666338918414,-0.07146663389184138,test,True,False
122,25,categorical_soft,0,0,True,0.13827917050404648,0.0,0.8617208003997803,0.0,0.13827916979789734,1,-0.7234416306018829,0.33116970434784887,1.5104573845863343,-2.95765905380249,-0.41117112040519715,0.33116970434784887,0.8634229302406311,0.009947822894901037,0.12662924826145172,0.8634229302406311,0.009947822894901037,0.12662924826145172,0.8634229302406311,0.009947822894901037,-0.7367936819791794,1,1,0.512,490.0,1.3256772384047508,0.9986011338836283,-0.4486011338836282,test,True,False
123,294,categorical_soft,1,1,False,0.0,0.0,0.0,1.0,0.0,2,-1.0,0.2858775071799755,-0.3882404059171677,2.777580666542053,0.6807813465595245,0.2858775071799755,0.036202538013458255,0.8581731498241425,0.10562432259321212,0.036202538013458255,0.8581731498241425,0.10562432259321212,0.8581731498241425,0.036202538013458255,-0.7525488272309304,2,2,0.128,800.0,0.8723767548799515,0.9814709344251706,-0.4314709344251706,test,True,False
124,816,categorical_soft,0,0,False,0.0,0.0,1.0,0.0,0.0,1,-1.0,0.5243302434682846,1.2840405344963073,0.7639208674430847,-1.4022880792617798,0.5243302434682846,0.6014294147491455,0.3575794458389282,0.0409911509603262,0.6014294147491455,0.3575794458389282,0.0409911509603262,0.6014294147491455,0.3575794458389282,-0.5604382637888192,1,1,0.0,590.0,0.3071356527507305,0.8093215023303788,-0.25932150233037876,test,True,False
125,417,categorical_soft,1,1,True,0.16034479186486927,0.0,0.0,0.8396552205085754,0.16034479439258575,2,-0.6793104261159897,0.15641813948750496,-0.8907893896102905,0.8706411719322205,0.5398491740226745,0.15641813948750496,0.09092068001627922,0.5290114164352417,0.38006789684295655,0.09092068001627922,0.5290114164352417,0.38006789684295655,0.5290114164352417,0.09092068001627922,-0.1489435195922852,2,2,0.064,730.0,0.5612882897257805,0.925916424653043,-0.375916424653043,test,True,False
126,916,categorical_soft,0,0,True,0.3347307890287409,0.0,0.6652691960334778,0.0,0.33473077416419983,1,-0.33053842186927795,0.36568041145801544,-0.014642276242375374,-0.6822075247764587,-0.25457716584205625,0.36568041145801544,0.4348564863204956,0.22333259731531144,0.341810929775238,0.4348564863204956,0.22333259731531144,0.341810929775238,0.4348564863204956,0.22333259731531144,-0.09304555654525759,1,1,0.032,510.0,0.1484154611825943,0.6818294227592361,-0.13182942275923604,test,True,False
127,623,categorical_soft,1,1,False,0.0,0.0,0.0,1.0,0.0,2,-1.0,0.5243197247385979,0.6880886018276214,2.939086079597473,-0.6891097068786621,0.5243197247385979,0.09326165169477463,0.8831391930580139,0.02359913885593414,0.09326165169477463,0.8831391930580139,0.02359913885593414,0.8831391930580139,0.09326165169477463,-0.8595400542020798,2,2,0.064,770.0,0.802651010453701,0.9749932825883318,-0.4249932825883318,test,True,False
128,135,categorical_soft,1,1,False,0.0,0.0,0.0,1.0,0.0,2,-1.0,0.5274210408329963,0.5572917759418488,3.3584908485412597,-0.6620223641395568,0.5274210408329963,0.05644530802965164,0.9268812775611878,0.016673421766608954,0.05644530802965164,0.9268812775611878,0.016673421766608954,0.9268812775611878,0.05644530802965164,-0.9102078557945789,2,2,0.128,550.0,0.8471453636884689,0.9844363066557632,-0.43443630665576316,test,True,False
129,608,categorical_soft,0,0,True,0.31745376486028454,0.0,0.6825462579727173,0.0,0.3174537718296051,1,-0.3650924861431122,0.3890195172280073,0.6898647785186768,-1.8674126982688903,-0.24195730984210967,0.3890195172280073,0.6795379817485809,0.05278037041425705,0.2676816493272781,0.6795379817485809,0.05278037041425705,0.2676816493272781,0.6795379817485809,0.05278037041425705,-0.4118563324213028,1,1,0.064,430.0,0.14399296045303345,0.697813345501595,-0.14781334550159497,test,True,False
130,775,categorical_soft,0,0,True,0.1388569223518452,0.0,0.8611430525779724,0.0,0.1388569176197052,1,-0.7222861349582672,0.24831714630126953,1.1412995338439942,-3.81244535446167,-0.16880908757448196,0.24831714630126953,0.7829493403434753,0.005546132894232869,0.21150452941656112,0.7829493403434753,0.005546132894232869,0.21150452941656112,0.7829493403434753,0.005546132894232869,-0.5714448109269141,1,1,0.512,640.0,1.1607781872153282,0.9962402665617822,-0.4462402665617822,test,True,False
131,761,categorical_soft,0,0,False,0.0,0.0,1.0,0.0,0.0,1,-1.0,0.5243715643882751,1.4257283091545105,0.9233508229255676,-1.8841368198394775,0.5243715643882751,0.6087918043136596,0.3688816249370575,0.022326564975082876,0.6087918043136596,0.3688816249370575,0.022326564975082876,0.6087918043136596,0.3688816249370575,-0.5864652393385767,1,1,0.0,490.0,0.14276254177093506,0.6810340161348797,-0.13103401613487964,test,True,False
132,480,categorical_soft,1,1,True,0.146467174930609,0.0,0.0,0.8535328507423401,0.1464671790599823,2,-0.7070656716823578,0.19550120756030082,-1.6135794520378113,3.122939109802246,1.8006765365600585,0.19550120756030082,0.006902909837663174,0.7840880930423737,0.2090089812874794,0.006902909837663174,0.7840880930423737,0.2090089812874794,0.7840880930423737,0.006902909837663174,-0.5750791117548943,2,2,0.512,750.0,0.7454614294692874,0.9679039649100737,-0.41790396491007364,test,True,False
133,27,categorical_soft,1,1,False,0.0,0.0,0.0,1.0,0.0,2,-1.0,0.45038051903247833,0.029647793620824814,3.667878270149231,-0.171925351023674,0.45038051903247833,0.025262119248509407,0.9541675031185151,0.020570375956594944,0.025262119248509407,0.9541675031185151,0.020570375956594944,0.9541675031185151,0.025262119248509407,-0.9335971271619201,2,2,0.256,670.0,1.0143475160002708,0.9920294334782974,-0.4420294334782974,test,True,False
134,717,categorical_soft,0,0,True,0.14076122655324275,0.0,0.8592387437820435,0.0,0.14076122641563416,1,-0.7184775173664093,0.28774131946265696,0.7693100094795227,-2.453546237945557,-0.17032256498932838,0.28774131946265696,0.698548287153244,0.027850685827434062,0.273601034283638,0.698548287153244,0.027850685827434062,0.273601034283638,0.698548287153244,0.027850685827434062,-0.424947252869606,1,1,0.032,1180.0,1.0675342753529549,0.9886877526191281,-0.43868775261912807,test,True,False
135,438,categorical_soft,0,0,False,0.0,0.0,1.0,0.0,0.0,1,-1.0,0.4182923838496208,2.739867329597473,-2.3092168092727663,-3.3474944114685057,0.4182923838496208,0.9912805438041687,0.006369145447388291,0.002350319782271981,0.9912805438041687,0.006369145447388291,0.002350319782271981,0.9912805438041687,0.006369145447388291,-0.9889302240218968,1,1,0.128,940.0,0.9625711217522621,0.9858542923962323,-0.4358542923962323,test,True,False
136,642,categorical_soft,0,0,False,0.0,0.0,1.0,0.0,0.0,1,-1.0,0.44197763353586195,2.6209106922149656,-2.834220790863037,-1.8631733536720276,0.44197763353586195,0.9842333614826202,0.004244241351261735,0.011522384686395526,0.9842333614826202,0.004244241351261735,0.011522384686395526,0.9842333614826202,0.004244241351261735,-0.9727109767962246,1,1,0.512,560.0,1.1200957894325256,0.9958322185504881,-0.44583221855048805,test,True,False
137,28,categorical_soft,1,1,True,0.15346409575472014,0.0,0.0,0.8465359210968018,0.15346409380435944,2,-0.6930718272924423,0.4972014844417572,-0.9083256006240845,3.0174594640731813,1.3614198207855224,0.4972014844417572,0.016343638766556978,0.8254309952259063,0.15822535157203674,0.016343638766556978,0.8254309952259063,0.15822535157203674,0.8254309952259063,0.016343638766556978,-0.6672056436538696,2,2,0.256,700.0,0.6205295249819756,0.945465008707168,-0.39546500870716794,test,True,False
138,972,categorical_soft,0,0,False,0.0,0.0,1.0,0.0,0.0,1,-1.0,0.4616262286901474,3.00219087600708,-3.120084524154663,-2.909612846374512,0.4616262286901474,0.9950089812278747,0.0021908727940171957,0.002800146210938692,0.9950089812278747,0.0021908727940171957,0.002800146210938692,0.9950089812278747,0.0021908727940171957,-0.992208835016936,1,1,0.256,940.0,1.0351084247231483,0.9900531638905576,-0.4400531638905576,test,True,False
139,965,categorical_soft,1,1,False,0.0,0.0,0.0,1.0,0.0,2,-1.0,0.505019736289978,0.7483945369720459,0.37637037336826323,-1.2002169609069824,0.505019736289978,0.5458433985710144,0.37626652121543885,0.07789008989930153,0.5458433985710144,0.37626652121543885,0.07789008989930153,0.37626652121543885,0.5458433985710144,-0.29837643131613734,1,1,0.0,400.0,0.014506876468658447,0.5589379693568853,-0.00893796935688529,test,False,False
140,435,categorical_soft,1,1,False,0.0,0.0,0.0,1.0,0.0,2,-1.0,0.3254691608250141,-0.28305343389511106,3.645086717605591,0.48185444474220274,0.3254691608250141,0.01856751386076212,0.9415779054164887,0.03985456004738808,0.01856751386076212,0.9415779054164887,0.03985456004738808,0.9415779054164887,0.01856751386076212,-0.9017233453691006,2,2,0.128,1030.0,0.9524739161133766,0.9834712212670612,-0.43347122126706117,test,True,False
141,412,categorical_soft,1,1,True,0.1612886021025528,0.0,0.0,0.8387113809585571,0.16128860414028168,2,-0.6774227768182755,0.5338002666831017,-0.7583414793014527,2.427430009841919,1.0405926346778869,0.5338002666831017,0.032032974809408185,0.7738117873668671,0.19415521770715713,0.032032974809408185,0.7738117873668671,0.19415521770715713,0.7738117873668671,0.032032974809408185,-0.5796565696597099,2,2,0.128,730.0,0.5539274588227272,0.9233970137153366,-0.3733970137153365,test,True,False
142,628,categorical_soft,0,0,True,0.1386578703815753,0.0,0.8613421320915222,0.0,0.13865786790847778,1,-0.7226842641830444,0.2073402814567089,1.1080836296081542,-4.279238700866699,-0.026101573556661605,0.2073402814567089,0.7537908971309661,0.003454635990783572,0.24275444746017455,0.7537908971309661,0.003454635990783572,0.24275444746017455,0.7537908971309661,0.003454635990783572,-0.5110364496707915,1,1,0.512,1080.0,1.3182558761909604,0.9970498674105693,-0.4470498674105693,test,True,False
143,541,categorical_soft,0,0,False,0.0,0.0,1.0,0.0,0.0,1,-1.0,0.3628457322716713,2.1441718101501466,-1.69338561296463,-2.8057040214538573,0.3628457322716713,0.9718570530414581,0.02098997738212347,0.007152979634702206,0.9718570530414581,0.02098997738212347,0.007152979634702206,0.9718570530414581,0.02098997738212347,-0.9647040734067559,1,1,0.064,1050.0,0.24212919175624847,0.6391430976504724,-0.08914309765047235,test,True,False
144,333,categorical_soft,1,1,False,0.0,0.0,0.0,1.0,0.0,2,-1.0,0.5173233896493912,0.8540711283683777,2.4229931116104124,-1.1614354491233825,0.5173233896493912,0.1685635894536972,0.8086046993732452,0.02283167690038681,0.1685635894536972,0.8086046993732452,0.02283167690038681,0.8086046993732452,0.1685635894536972,-0.7857730224728584,2,2,0.0,1080.0,0.817897766828537,0.9665757296194332,-0.4165757296194331,test,True,False
145,77,categorical_soft,0,0,True,0.2843102796255571,0.0,0.7156897187232971,0.0,0.2843102812767029,1,-0.43137943744659424,0.2714893341064453,-0.5467441201210022,0.058399643003940585,0.0947095200419426,0.2714893341064453,0.2113882303237915,0.3871336579322815,0.40147811770439146,0.2113882303237915,0.3871336579322815,0.40147811770439146,0.2113882303237915,0.3871336579322815,0.19008988738059995,3,3,0.0,540.0,0.20403078198432922,0.7309183744348664,-0.18091837443486636,test,False,True
146,952,categorical_soft,0,0,False,0.0,0.0,1.0,0.0,0.0,1,-1.0,0.46591475158929824,1.8605877876281738,-1.9015350937843323,-1.4232645511627198,0.46591475158929824,0.9418050408363342,0.022025861963629722,0.03616910222917795,0.9418050408363342,0.022025861963629722,0.03616910222917795,0.9418050408363342,0.022025861963629722,-0.9056359386071563,1,1,0.512,430.0,1.0600503608584404,0.9952169789983204,-0.44521697899832036,test,True,False
147,794,categorical_soft,0,0,True,0.1393564936554309,0.0,0.8606435060501099,0.0,0.13935649394989014,1,-0.7212870121002197,0.24933082461357117,1.1828042984008789,-3.6587319135665894,-0.09643955752253533,0.24933082461357117,0.7771778166294098,0.006135976733639836,0.2166861906647682,0.7771778166294098,0.006135976733639836,0.2166861906647682,0.7771778166294098,0.006135976733639836,-0.5604916259646415,1,1,0.128,1090.0,1.1834476827643812,0.9942255714448462,-0.4442255714448462,test,True,False
148,390,categorical_soft,1,1,True,0.2760299416475489,0.0,0.0,0.7239700555801392,0.27602994441986084,2,-0.4479401111602783,0.34545489847660066,0.18070249557495116,-1.278472077846527,-0.11223566010594369,0.34545489847660066,0.5049264550209045,0.11832664012908936,0.3767468839883804,0.5049264550209045,0.11832664012908936,0.3767468839883804,0.11832664012908936,0.5049264550209045,0.2584202438592911,1,1,0.0,1000.0,0.32620373368263245,0.7398172420363511,-0.18981724203635109,test,False,False
149,257,categorical_soft,1,1,True,0.33470239391383116,0.0,0.0,0.6652976274490356,0.33470240235328674,2,-0.3305952250957489,0.3618698351085186,-0.3506344437599182,0.04209256954491138,-0.017213892936706544,0.3618698351085186,0.25792738497257234,0.3820199012756348,0.36005271375179293,0.25792738497257234,0.3820199012756348,0.36005271375179293,0.3820199012756348,0.25792738497257234,-0.021967187523841858,2,2,0.0,730.0,0.20241867005825043,0.6818551039317605,-0.13185510393176048,test,True,False
