trial_index,sure_available,choice,chose_sure,pre_ts_sure_output,immediate_post_ts_sure_output,pre_go_sure_output,post_go_sure_output
0,False,1,False,-0.20897428169846535,-0.1179141417145729,-0.17585158348083496,-0.10065136402845383
1,True,2,False,-0.01169898547232151,0.07899775356054306,0.31253220736980436,0.2674599289894104
2,True,2,False,-0.15132599361240864,0.028540287911891938,0.1979999363422394,0.1845487505197525
3,False,1,False,-0.2284110367298126,-0.15470099747180938,-0.10627838298678398,-0.06159521043300629
4,False,1,False,-0.12081936728209257,-0.08099743723869324,-0.058576113730669024,-0.050426261872053145
5,True,1,False,-0.09983911421149969,-0.08166849687695503,0.22605423033237457,0.18601224049925805
6,False,1,False,-0.09972708616405726,-0.09983322545886039,-0.16583259925246238,-0.07296358793973923
7,False,2,False,0.018531377520412208,0.04547596275806427,-0.01488790437579155,0.0387489065527916
8,True,2,False,-0.12953977957367896,-0.0003484882414340973,0.1496482253074646,0.13751550018787384
9,False,1,False,-0.20621976479887963,-0.12586636170744897,-0.14183999821543694,-0.08708431348204612
10,False,2,False,-0.09846762623637914,-0.048030023276805875,-0.04932501316070557,-0.0027660660445690153
11,True,2,False,-0.0771554745733738,0.045556651428341866,0.1899494007229805,0.2082157999277115
12,False,2,False,-0.037176244892179966,-0.06438804119825363,-0.09642092287540435,-0.03209352418780327
13,False,2,False,-0.0002021760679781437,-0.031212624907493592,-0.004278293251991272,0.04507902711629867
14,False,2,False,-0.08423076942563057,-0.03789933174848557,-0.13893168047070503,-0.08927243575453758
15,False,2,False,0.0028287025168538095,-0.0535968005657196,-0.06260047554969787,-0.01632935032248497
16,False,1,False,-0.055314628034830095,-0.0698212742805481,-0.05848961770534515,0.007093282043933868
17,False,1,False,-0.09484217632561923,-0.10337167233228683,-0.0732675850391388,-0.10043799132108688
18,True,1,False,-0.03506471496075392,0.1122583195567131,0.2695636600255966,0.24005989134311675
19,True,1,False,-0.10166699308902025,0.0717483788728714,0.2264730900526047,0.18652695417404175
20,True,1,False,-0.2466417983174324,-0.04201251119375229,0.20075222849845886,0.195779050886631
21,True,1,False,-0.08765796925872564,-0.0012487977743148803,0.21072783023118974,0.17802608907222747
22,True,2,False,-0.18453527837991715,-0.05431651175022125,0.18222328573465346,0.16134498864412308
23,True,1,False,-0.017018784023821353,0.05292680487036705,0.2698979079723358,0.2710748791694641
24,True,1,False,-0.21700674146413804,-0.05150825455784798,0.13993508890271186,0.11683224961161613
25,True,1,False,-0.1614148223772645,-0.009066164866089821,0.10838574804365635,0.16594187319278716
26,False,1,False,-0.04728372134268284,-0.024232596158981323,-0.0204230971634388,-0.020274965465068816
27,False,2,False,-0.1380883665755391,-0.11299105808138847,-0.12601318210363388,-0.04124587029218674
28,True,2,False,-0.15528983790427447,-0.045721710473299024,0.12010465785861016,0.1267049565911293
29,False,2,False,-0.1515800343826413,-0.08886117935180664,-0.10467626601457596,-0.028239184617996217
30,True,1,False,-0.22243016436696053,-0.07794549316167831,0.05227513276040554,0.11863563805818558
31,True,1,False,-0.05610132962465286,-0.002975720912218094,0.23119098991155623,0.23319413661956787
32,True,2,False,-0.24166672080755233,-0.0693571150302887,0.2326252594590187,0.21435255706310272
33,True,2,False,-0.17121856547892095,0.036985991150140764,0.2632769674062729,0.22693754583597184
34,True,2,False,-0.317234905064106,-0.10037393867969513,0.17723350673913957,0.11155086532235145
35,False,2,False,-0.14284278824925423,-0.1081994615495205,-0.10453673601150512,-0.028063283115625382
36,True,2,False,0.01834122845903039,0.15191285237669944,0.2719536066055298,0.264352285861969
37,True,1,False,-0.03395012933760881,0.049887809157371524,0.21687203496694565,0.2294149100780487
38,True,1,False,-0.09076004084199667,0.007292110472917557,0.2656170532107353,0.2612668305635452
39,True,2,False,-0.2454022727906704,-0.025599917769432066,0.22287122458219527,0.16481567323207855
40,True,2,False,-0.20434232726693152,0.0013309478759765624,0.15449201688170433,0.13234416618943215
41,False,1,False,-0.16580433398485184,-0.11761462166905404,-0.11740890368819237,-0.053082259744405745
42,True,2,False,0.037516784761101006,0.09794824868440628,0.2950442969799042,0.3111626416444778
43,False,1,False,-0.035587839968502524,-0.04722460508346558,-0.08818552121520043,-0.04432465508580208
44,False,1,False,-0.06124164145439863,-0.08727881461381912,-0.11095033958554268,-0.07692402452230454
45,True,1,False,-0.036625754274427894,0.11752962917089463,0.2164003446698189,0.2187699243426323
46,True,1,False,-0.15807510036975145,0.004928270727396012,0.2114194944500923,0.15679729282855986
47,True,2,False,-0.26702252477407457,-0.06350971460342407,0.26776338517665865,0.23839097768068312
48,False,2,False,-0.1683442138135433,-0.1481374077498913,-0.128698468208313,-0.06349476873874664
49,False,2,False,-0.08538980651646852,-0.11660304963588715,-0.06184333860874176,-0.009358669817447662
50,True,1,False,-0.044445232860744,0.08143769800662995,0.2321032091975212,0.24346841722726822
51,True,2,False,-0.22413626089692115,-0.021820621192455293,0.20389550626277925,0.1821596845984459
52,True,1,False,-0.12955580931156874,-0.03703512251377106,0.2002237468957901,0.19310899302363396
53,True,2,False,-0.019665845669806004,0.08355664014816284,0.2719162330031395,0.2567709520459175
54,False,2,False,-0.08680490609258414,-0.06378956586122513,-0.05518772304058075,-0.00928834155201912
55,False,2,False,-0.059984966181218624,-0.0812429279088974,-0.12129338309168816,-0.054466383159160615
56,False,1,False,-0.2042243115603924,-0.09641937687993049,-0.1376170553267002,-0.06147117167711258
57,True,1,False,-0.03510162886232138,0.06090124547481537,0.22995940446853638,0.2196597546339035
58,True,2,False,0.01672835312783718,0.12136834524571896,0.24197234064340592,0.2228897124528885
59,False,2,False,-0.05348453298211098,-0.047975069284439086,-0.04728966951370239,0.015842186659574507
60,True,1,False,-0.15273688416928052,0.0008079346269369125,0.20321452617645264,0.20705127120018005
61,False,2,False,-0.23330040276050568,-0.19968848526477814,-0.1373341605067253,-0.06475117057561874
62,False,1,False,-0.015247283317148686,-0.02886405810713768,-0.043945835530757905,0.016219577938318252
63,True,2,False,-0.004000519402325153,0.07455782517790795,0.1693805493414402,0.18794065862894058
64,True,1,False,-0.04939577225595713,0.10666049793362617,0.2852577418088913,0.2795421779155731
65,False,2,False,0.029120737873017787,-0.06048784628510475,-0.08326200097799301,0.027801817283034325
66,False,1,False,-0.22359080519527197,-0.16047418415546416,-0.1115000382065773,0.007653797417879105
67,False,2,False,-0.13860689606517554,-0.1187899574637413,-0.14049293994903564,-0.05577726140618324
68,False,2,False,-0.17642135173082352,-0.11218290477991104,-0.14062487855553626,-0.07578137665987014
69,False,1,False,-0.12936919573694466,-0.11876917108893395,-0.12613209411501886,-0.07337197437882423
70,False,2,False,0.024080758448690176,0.08425506204366684,0.04998157992959022,0.0821365188807249
71,False,1,False,-0.0976132495328784,-0.05613979399204254,-0.07977673262357712,-0.06906473338603973
72,False,2,False,-0.1549533737823367,-0.12599851787090302,-0.1487490028142929,-0.062436579167842864
73,True,1,False,-0.04859696161001921,0.07709545306861401,0.20101722925901414,0.1847272887825966
74,False,2,False,-0.1415860278531909,-0.1263125643134117,-0.07642916142940522,-0.0027919843792915343
75,True,1,False,-0.20926008746027946,-0.03567739874124527,0.23651273250579835,0.16592070385813712
76,False,2,False,-0.11468995939940214,-0.12446442693471908,-0.027054529637098312,-0.0292590893805027
77,True,2,False,-0.018782690353691577,0.10855651944875717,0.24510442614555358,0.299588668346405
78,False,1,False,-0.013982983119785786,-0.022615326941013335,-0.05509953498840332,-0.055104981362819674
79,False,1,False,-0.22077332437038422,-0.1863378405570984,-0.09472184851765633,-0.1141449749469757
80,False,1,False,-0.10501172430813313,-0.11014479622244835,-0.06666382253170014,-0.0012428231537342071
81,False,2,False,0.07623752616345883,0.05827807374298573,-0.0207372322678566,0.04363143481314182
82,True,1,False,-0.07152429521083832,0.06805496513843537,0.22172108739614488,0.21412006467580796
83,True,1,False,-0.06842976622283459,0.06713565662503243,0.2082269549369812,0.26419469714164734
84,False,2,False,-0.016326401941478254,-0.025772207230329514,-0.0003537103533744812,0.06036038100719452
85,False,2,False,-0.18227782547473909,-0.1512480765581131,-0.11139903366565704,-0.04147017672657967
86,True,1,False,-0.09013832472264767,0.02013355977833271,0.18151978850364686,0.14253945797681808
87,True,2,False,0.0027444738894701003,0.055142789334058764,0.28012484312057495,0.27667640149593353
88,True,2,False,-0.1008409259840846,0.03878441415727139,0.197540545463562,0.1656572625041008
89,True,1,False,-0.1839969538152218,-0.04301889911293984,0.1553603455424309,0.14400884807109832
90,False,1,False,-0.22239595800638198,-0.21912678480148315,-0.16390528976917268,-0.04237768203020096
91,True,1,False,-0.20901020839810372,-0.05544149726629257,0.21197618544101715,0.15074440464377403
92,False,2,False,-0.14533733278512956,-0.08528473675251007,-0.058678022027015685,-0.02014775350689888
93,False,1,False,-0.14727379325777293,-0.1047924242913723,-0.09022408127784728,-0.06497988998889923
94,False,0,False,-0.0003840504214167595,-0.023796073347330093,-0.0009290732443332673,0.08372228518128395
95,False,2,False,-0.08131536897271871,-0.06296508908271789,-0.1119305208325386,-0.042068929970264436
96,False,2,False,-0.0898465583100915,-0.11228196322917938,-0.09684513583779335,-0.0642124131321907
97,False,1,False,-0.0847771843895316,-0.11260469257831573,-0.1381780683994293,-0.11551813930273055
98,False,1,False,-0.16506217289716005,-0.20073455274105073,-0.18172683715820312,-0.08501968458294869
99,False,2,False,-0.13048837035894395,-0.12985952720046043,-0.13921738564968109,-0.07331305220723153
100,True,2,False,-0.0046259431168437,0.08417211845517159,0.3145919948816299,0.31304973661899566
101,False,1,False,-0.11206236854195595,-0.11428258791565896,-0.16352142617106438,-0.05726642981171608
102,False,2,False,-0.319260461628437,-0.24748874008655547,-0.13669103607535363,-0.0716100126504898
103,False,2,False,-0.00934994053095579,0.042832840234041214,0.015521426498889924,0.08929505348205566
104,True,0,False,0.0034037296660244464,0.11526281908154487,0.1743642620742321,0.19718666672706603
105,True,2,False,-0.06295565627515316,0.001398763060569763,0.26668357849121094,0.2719520449638367
106,False,2,False,-0.014852415025234222,-0.02851221486926079,-0.0833306834101677,-0.06095982939004898
107,False,1,False,-0.12405656930059195,-0.16899017095565796,-0.13254171386361122,-0.06413933262228966
108,False,2,False,-0.13082996848970652,-0.06934871375560761,-0.12805715203285217,-0.07721492573618889
109,True,1,False,-0.1583747062832117,-0.03870423808693886,0.16519550532102584,0.20653020441532136
110,False,2,False,-0.030023264326155187,-0.024437858164310454,-0.08614608943462372,-0.015089920908212661
111,False,2,False,0.005380756407976151,-0.027030694484710693,-0.06532831639051437,0.009148559719324111
112,True,2,False,-0.13960848934948444,-0.04077663198113442,0.22065093219280243,0.21549995988607407
113,False,1,False,-0.09729230217635632,-0.10405198186635971,-0.07091775834560395,-0.04411110505461693
114,True,1,False,-0.16127887107431887,-0.0032737143337726593,0.22544406950473786,0.1673192486166954
115,False,1,False,-0.143198599293828,-0.13810809552669526,-0.14910455495119096,-0.05408409759402275
116,True,1,False,-0.20173140317201615,-0.07291827797889709,0.15726291090250016,0.1513345129787922
117,True,2,False,-0.056757266726344825,0.04214286617934704,0.19659809172153472,0.2144262298941612
118,False,2,False,0.02059008600190282,-0.04807164520025253,0.01740272119641304,0.11191752403974534
119,False,2,False,0.015174590516835451,-0.02412554547190666,-0.07814716547727585,0.007969699054956435
120,False,1,False,-0.07425606809556484,-0.06520900875329971,-0.05724501609802246,-0.019457077234983446
121,False,2,False,-0.035993858613073824,-0.021058858931064607,-0.0203956738114357,0.03844118639826775
122,False,0,False,-0.037037979997694495,-0.052041105926036835,0.0417958814650774,0.11673100292682648
123,False,2,False,-0.06440128926187753,-0.08932320177555084,-0.09705029800534248,-0.0431949719786644
124,False,2,False,-0.05228103306144476,-0.04771038293838501,-0.04335619360208511,0.013283835723996162
125,True,2,False,-0.009253432881087065,0.12097087278962135,0.34891097247600555,0.27761762142181395
126,False,1,False,-0.0902747318148613,-0.07662162780761719,-0.06312184631824494,0.001511131227016449
127,True,2,False,-0.20698030665516853,-0.025517582893371582,0.19016810953617097,0.16008783429861068
128,False,1,False,-0.1148367566987872,-0.10094546526670456,-0.10137377604842186,-0.0678303062915802
129,False,2,False,-0.022084229439496995,-0.044251130521297456,0.007519824057817459,0.06773295477032662
130,True,1,False,-0.14278889130800962,-0.016657210513949396,0.1992352545261383,0.17703396826982498
131,True,1,False,-0.04400567803531885,0.13344707116484641,0.23803081214427949,0.24776795953512193
132,True,2,False,0.015456544887274503,0.11986726522445679,0.21470853686332703,0.24920738041400908
133,True,2,False,-0.1519189229235053,0.017128485441207885,0.11325104162096977,0.11440046727657319
134,False,2,False,-0.18877076786011457,-0.14592467993497849,-0.13274702951312065,-0.034031856805086136
135,False,2,False,-0.08947229292243719,-0.07873966470360756,-0.09271013289690018,-0.01492678076028824
136,False,2,False,-0.06406318470835685,-0.16223855912685395,-0.10723453238606453,-0.06445232555270194
137,False,2,False,-0.21891492530703544,-0.18627086877822877,-0.08964570611715317,-0.05724196583032608
138,False,1,False,-0.14315725285559894,-0.08625619933009147,-0.1568595916032791,-0.0735620379447937
139,True,2,False,0.005884823482483625,0.1370958372950554,0.2958988040685654,0.2675956979393959
140,True,1,False,-0.058919331431388854,0.06724483296275138,0.2136325091123581,0.22137920409440995
141,True,1,False,-0.1157619507983327,-0.06377719417214393,0.18332382589578627,0.17694481164216996
142,True,1,False,-0.17628103252500296,-0.029868952929973602,0.2101695254445076,0.14363554045557975
143,False,2,False,-0.1093107160180807,-0.07092896401882172,-0.05745849013328552,-0.04984312504529953
144,True,2,False,-0.02552895974367857,0.0769233290106058,0.27464672923088074,0.3000554919242859
145,False,2,False,0.032399311661720276,0.06036595590412617,-0.032890400290489195,0.0414853822439909
146,True,2,False,-0.035528942942619324,0.10151835978031158,0.2707269787788391,0.2540410652756691
147,True,1,False,-0.06063248682767153,0.0802276961505413,0.17172708809375764,0.18347278237342834
148,False,1,False,-0.13427423145622014,-0.07850693166255951,-0.14393021166324615,-0.05516667068004608
149,False,2,False,-0.2827444411814213,-0.24900900721549987,-0.2187001019716263,-0.10495919063687324
150,True,1,False,0.0016611559316515923,0.08687788918614388,0.25143530368804934,0.24157949686050414
151,True,2,False,-0.0426489694043994,0.0305196151137352,0.2582279622554779,0.27042525410652163
152,True,1,False,-0.14716588333249092,0.030478401482105254,0.15667427480220794,0.18912308067083358
153,False,2,False,-0.1103227362036705,-0.13580023348331452,-0.12471984103322029,-0.056221355497837064
154,True,2,False,0.03480408331379294,0.1276651106774807,0.26087908893823625,0.2942414045333862
155,True,2,False,2.4151429533958436e-05,0.09458842799067498,0.27691986560821535,0.3089237421751022
156,False,2,False,-0.13111728448420762,-0.11300702095031738,-0.02505502998828888,0.012309086322784425
157,True,1,False,-0.16479386631399393,-0.03712967559695244,0.19674569964408875,0.2018725633621216
158,False,1,False,-0.05905293244868517,-0.041516512632369995,-0.11917864382266999,-0.06714610904455184
159,True,1,False,-0.08195602148771286,-0.028057455271482467,0.23834354132413865,0.18820582926273347
160,True,2,False,-0.006901156157255173,0.11712486371397972,0.18335953056812287,0.22062153667211531
161,False,1,False,-0.15765634905546905,-0.1681755632162094,-0.10660492107272149,-0.07525070905685424
162,False,1,False,-0.09618295263499022,-0.09291712343692779,-0.12033669203519821,-0.05012722313404083
163,False,1,False,-0.1745837016031146,-0.17449227273464202,-0.11718607768416404,-0.06476883590221405
164,True,2,False,-0.12091118637472391,0.06910842545330524,0.18192520141601562,0.16050392985343934
165,False,2,False,0.0332247038371861,0.006345260888338089,-0.04766466394066811,0.050183339044451714
166,False,2,False,-0.002564630936831236,0.043625422194600104,-0.01977667510509491,0.04740174673497677
167,False,1,False,-0.22414969149976968,-0.11692742928862572,-0.16784120798110963,-0.1168278768658638
168,True,1,False,-0.19471704959869385,-0.09435652047395707,0.0997243158519268,0.04553805068135262
169,False,2,False,-0.26150584369897845,-0.19319054782390593,-0.15807755291461945,-0.05889559835195542
170,True,2,False,-0.16906453985720873,-0.010323410481214523,0.2247327223420143,0.1903265342116356
171,True,2,False,-0.13260296024382115,0.07543911337852478,0.21020624786615372,0.24619895666837693
172,False,1,False,-0.06519585512578488,-0.07879081889986991,-0.08901700377464294,-0.056458351016044614
173,False,2,False,-0.26808738335967064,-0.21272167265415193,-0.21500460803508759,-0.11922355592250825
174,False,2,False,-0.10268704667687416,-0.1174845464527607,-0.06667426973581314,0.03536434806883335
175,False,0,False,-0.018870445247739554,-0.012800043076276779,0.0031165987253189086,0.07147296518087387
176,False,1,False,-0.1764706626534462,-0.14355287626385688,-0.14509802609682082,-0.07269053980708122
177,True,1,False,-0.0884346030652523,-0.005979896336793899,0.2384347438812256,0.19405449703335761
178,False,2,False,-0.3048383265733719,-0.20480271875858308,-0.1633111536502838,-0.09984244406223297
179,True,2,False,0.01968581657856703,0.1376606933772564,0.25559149831533434,0.2856721132993698
180,False,1,False,-0.08506021685898305,-0.17883356809616088,-0.0589488223195076,-0.029103488475084306
181,True,2,False,-0.16056886613368987,-0.029124851524829864,0.16580477952957154,0.16183070093393326
182,False,2,False,-0.01941408384591341,-0.03786732479929924,0.009886033460497856,0.10446486845612526
183,False,2,False,-0.20253502186387778,-0.1650683157145977,-0.12214585840702057,-0.026220650225877763
184,True,1,False,-0.0714160904288292,-0.032604388892650604,0.2003023609519005,0.18550801277160645
185,False,1,False,-0.13057581279426814,-0.07148111760616302,-0.17214009165763855,-0.10757689401507378
186,False,2,False,-0.09710985906422138,-0.09377830475568771,-0.10567638501524926,-0.018297168612480163
187,True,1,False,-0.10688225403428078,0.03659123033285141,0.16123295426368714,0.1626591995358467
188,True,1,False,-0.21616469621658324,-0.094894627481699,0.16416019946336746,0.16879556626081466
189,True,2,False,0.027813248243182896,0.11013067737221718,0.286466521024704,0.3062843531370163
190,True,2,False,-0.14950685277581216,-0.007530788704752922,0.1935904160141945,0.20658497810363768
191,False,1,False,-0.0974662059918046,-0.06077922284603119,-0.1576700121164322,-0.06475872099399567
192,False,2,False,-0.19236792009323836,-0.15325114503502846,-0.17427129447460174,-0.08073427826166153
193,True,1,False,-0.12306885831058026,-0.0325288288295269,0.161403526365757,0.12318409532308579
194,False,2,False,0.012517951708287001,-0.022460892051458358,0.021586402133107186,0.07635973542928695
195,False,0,False,0.0005791682749986648,-0.049506758153438565,0.0214397557079792,0.028720654547214508
196,False,2,False,-0.1516175340861082,-0.10334186553955078,-0.12222027480602264,0.004716962575912476
197,False,0,False,0.020165496226400136,0.0511777576059103,0.009362706542015075,0.09709027446806431
198,True,2,False,-0.11895810086280108,0.012779344618320466,0.15092367827892303,0.19558321684598923
199,False,1,False,-0.03428570348769426,-0.07673420608043671,-0.10751720443367958,-0.02807938903570175
200,True,1,False,-0.14112426694482566,0.010283483937382699,0.2162577822804451,0.16107136160135269
201,False,1,False,-0.08690328523516655,-0.054811275005340575,-0.11249829232692718,-0.07651850879192353
202,False,2,False,-0.11647369880229234,-0.07233617603778839,-0.08107450008392333,-0.039510279148817065
203,True,2,False,-0.1773533310741186,-0.015108339488506317,0.22361533492803573,0.1973976746201515
204,False,2,False,0.0035967271775007247,-0.02158096879720688,-0.01745014116168022,0.045135540515184404
205,False,1,False,-0.12469304539263248,-0.09861952066421509,-0.14811546579003335,-0.034026188403368
206,True,1,False,-0.19080895818769933,-0.01780494675040245,0.1564553238451481,0.18303935527801513
207,True,2,False,-0.11041499059647322,0.03283887654542923,0.1977689653635025,0.1721263825893402
208,False,1,False,-0.1995622456073761,-0.1834261119365692,-0.13842591643333435,-0.08175838589668274
209,True,1,False,-0.1298610230907798,-0.00972854420542717,0.22821832001209258,0.207451032102108
210,True,2,False,-0.12672633174806833,-0.01860152781009674,0.1859097257256508,0.2037862256169319
211,False,2,False,-0.12461082506924867,-0.14178901091217994,-0.09617272764444351,-0.041565731167793274
212,False,2,False,-0.13207172695547342,-0.12862168103456498,-0.15502329170703888,-0.0656909964978695
213,True,1,False,-0.08935446292161942,-0.0030523985624313354,0.17938251346349715,0.19774209707975388
214,True,1,False,-0.04306929875165224,0.09568711742758751,0.23093891739845276,0.2088610500097275
215,True,1,False,-0.05430104099214077,0.06860649846494198,0.2376292437314987,0.2051605150103569
216,False,2,False,-0.11983573585748672,-0.10955346077680587,-0.0987631469964981,-0.04247635379433632
217,True,2,False,-0.07150027547031641,0.0560741700232029,0.17203568816184997,0.22366675585508347
218,True,2,False,-0.2603990361094475,-0.04090493358671665,0.1642708256840706,0.12920527532696724
219,False,1,False,-0.12731485087424516,-0.11818323731422424,-0.07304200902581215,-0.010195940732955933
220,False,2,False,-0.05494315717369318,-0.010223206877708436,-0.037697628140449524,0.04063893482089043
221,True,2,False,-0.16992844566702842,0.0077301252633333204,0.17383117079734803,0.15136095210909845
222,True,2,False,-0.09785969816148281,0.025101328641176222,0.21777973622083663,0.26919223070144654
223,False,2,False,-0.2273145593702793,-0.1460282474756241,-0.11848798543214797,-0.06879593133926391
224,False,2,False,-0.041230683028697965,-0.03607917875051499,-0.09686554670333862,-0.05291572660207748
225,False,1,False,-0.06283571776002646,-0.07691062539815903,-0.08721265345811843,-0.04254128709435463
226,True,1,False,-0.04628539774566889,0.052584334090352056,0.23330468088388442,0.22929830551147462
227,True,2,False,-0.22224738895893098,-0.040934205055236816,0.28999011516571044,0.2294655054807663
228,True,1,False,-0.15309766326099633,-0.006138046085834503,0.1992062196135521,0.14100130200386046
229,False,2,False,-0.049870636127889154,-0.05075404495000839,-0.06344854980707168,-0.010477031767368316
230,True,1,False,-0.024611910432577135,0.10606636628508567,0.2492285743355751,0.2070340782403946
231,True,2,False,-0.1371777357533574,-0.00914544314146042,0.22006737887859346,0.1698085144162178
232,True,2,False,0.019535607378929853,0.10421163216233253,0.26512151658535005,0.32793622016906737
233,True,1,False,-0.14740135055035353,-0.056470229476690295,0.22081891149282457,0.24691821932792662
234,True,2,False,-0.21842130199074744,-0.05498018264770508,0.2257973626255989,0.1994578167796135
235,True,1,False,0.03478318834677339,0.09501961097121239,0.22178961634635924,0.2572919696569443
236,False,1,False,-0.2555191904306412,-0.21104678213596345,-0.12380461320281029,-0.054704314470291136
237,False,2,False,-0.3199472315609455,-0.2323593467473984,-0.13504160568118095,-0.09225758612155914
238,True,2,False,0.000916204135864973,0.10286324098706245,0.23266469836235046,0.24551472514867784
239,False,2,False,-0.17404012251645326,-0.10350920334458351,-0.15962495133280755,-0.07687313705682755
240,True,1,False,-0.11318381763994693,-0.017062512412667274,0.20550674796104432,0.2035434678196907
241,False,1,False,-0.17166718021035193,-0.1483168989419937,-0.12345257699489594,-0.09637260735034943
242,False,2,False,0.012400292977690696,0.06893680617213249,0.026905418187379838,0.07128883488476276
243,True,2,False,-0.14057528097182512,0.040204263478517535,0.2162998080253601,0.20225774198770524
244,False,2,False,-0.03759069833904505,-0.08944041430950164,-0.07185060232877731,0.04309726431965828
245,True,2,False,-0.15767447054386138,0.03320826329290867,0.1983484745025635,0.1516617104411125
246,True,1,False,-0.2030862420797348,-0.029313262552022934,0.12220170572400094,0.11954927146434784
247,True,2,False,-0.2688502386212349,-0.022094959765672682,0.176378034055233,0.13478124588727952
248,True,1,False,-0.03973382245749235,0.004820053651928902,0.21542501151561738,0.2968313694000244
249,True,1,False,-0.06615827120840549,0.059498070180416106,0.23342969119548798,0.25921601951122286
250,False,1,False,-0.15093442257493733,-0.11139190495014191,-0.11495495289564132,-0.10768714398145676
251,True,2,False,-0.21794991493225097,-0.09079675152897834,0.19089431762695314,0.18522761166095733
252,False,0,False,-0.009120144322514534,0.04853897877037525,-0.00969826728105545,0.06098796986043453
253,True,1,False,-0.13078352101147175,-0.01687053143978119,0.20463729798793792,0.19045643806457518
254,False,1,False,-0.10973618403077126,-0.06051080822944641,-0.07431780695915222,-0.09345176145434379
255,True,2,False,-0.21442999616265296,-0.010507796332240105,0.1542596235871315,0.1594505488872528
256,False,1,False,-0.052383117377758026,-0.017762249708175658,-0.012725540995597839,0.04080461859703064
257,True,2,False,0.018756596930325033,0.09064357876777648,0.22514061033725738,0.23590623289346696
258,True,2,False,-0.22876297160983086,-0.09176523089408875,0.010019427537918091,0.025448279082775117
259,True,2,False,0.02629684880375862,0.1366381026804447,0.2352159410715103,0.2510135054588318
260,True,2,False,-0.0618472047150135,-0.029881102591753007,0.25961280763149264,0.22156214863061904
261,True,1,False,-0.012414614483714104,0.055654947832226756,0.26992184221744536,0.23803350925445557
262,True,1,False,-0.021977256052196026,0.08279885947704316,0.20187972486019135,0.23702184706926346
263,False,2,False,-0.008820568211376667,0.002245452255010605,-0.014085336029529572,0.046224098280072214
264,False,2,False,0.026559342350810766,0.04982087053358555,0.022949061170220376,0.07996337898075581
265,True,2,False,0.003589138761162758,0.13097835555672646,0.1513795182108879,0.212621046602726
266,True,2,False,0.02942709904164076,0.12265782654285431,0.27399243116378785,0.24701170325279237
267,True,1,False,-0.07185878977179527,-0.01701023429632187,0.24532604664564134,0.20929110646247864
268,True,1,False,-0.06222237218171358,0.05712914727628231,0.21162908524274826,0.2572009786963463
269,True,2,False,-0.019092822168022393,0.09163974821567536,0.26244960725307465,0.26516235172748565
270,False,1,False,-0.03936177790164948,-0.0450828343629837,-0.07516392543911934,-0.07986031547188759
271,True,1,False,-0.04804922118782997,0.019167933613061905,0.2304587796330452,0.20705713778734208
272,True,2,False,-0.02781917992979288,0.12982969135046005,0.23024896532297134,0.2184590995311737
273,True,2,False,0.006222154572606086,0.07577186711132526,0.2618157953023911,0.2802457302808762
274,False,1,False,-0.11979996263980866,-0.10666828900575638,-0.11205689832568169,-0.03154677152633667
275,False,2,False,-0.19064945355057716,-0.18401899933815002,-0.18028386533260346,-0.0620689794421196
276,False,1,False,-0.21338373888283968,-0.15677224844694138,-0.1721388280391693,-0.0796050876379013
277,False,1,False,-0.10561006311327219,-0.12618409097194672,-0.12999234572052956,-0.06131741553544998
278,True,2,False,-0.010515275411307812,0.11327109336853028,0.24781223982572556,0.28348123729228974
279,True,2,False,0.01299676401540637,0.05670474618673325,0.19794988483190537,0.202239491045475
280,True,1,False,-0.016614657081663608,0.10264287516474724,0.266882649064064,0.2953732907772064
281,True,2,False,0.005959665216505527,0.09170999899506568,0.2585244983434677,0.2521465376019478
282,False,1,False,-0.19015712700784207,-0.16042179390788078,-0.09048130437731743,-0.0028371311724185943
283,True,2,False,0.02683938294649124,0.10944945551455021,0.17156875729560853,0.2171366587281227
284,False,2,False,-0.29726518467068674,-0.24848129749298095,-0.12828412875533104,-0.07329724729061127
285,True,1,False,-0.002273718640208244,0.08623646385967731,0.27189316749572756,0.21911658346652985
286,False,2,False,-0.22636721059679984,-0.13594165593385696,-0.13722476586699486,-0.07066624537110329
287,True,2,False,-0.19772664234042167,0.019511274248361587,0.24581131041049958,0.2137478470802307
288,False,1,False,-0.17368014808744192,-0.09440539851784706,-0.12565920427441596,-0.0938332051038742
289,False,1,False,-0.10511837098747492,-0.09525926411151886,-0.11664962172508239,-0.08701026067137718
290,True,1,False,-0.18673127479851245,-0.04593980610370636,0.19117489755153655,0.1683542475104332
291,True,2,False,-0.011421643942594529,0.11332343518733978,0.28189209997653963,0.25366733968257904
292,False,1,False,-0.11527737807482481,-0.16108139529824256,-0.1094273567199707,-0.0730786845088005
293,True,2,False,-0.2622419998049736,-0.059887535870075226,0.09930375330150128,0.08702742382884025
294,False,2,False,-0.15807527899742127,-0.10749873891472816,-0.06056969612836838,0.009317800402641296
295,False,2,False,-0.25497241094708445,-0.11612310111522675,-0.07524886727333069,0.01145891435444355
296,True,2,False,-0.22344088926911354,-0.04549255706369877,0.15890319049358367,0.1368266798555851
297,True,2,False,-0.30816429406404494,-0.12893319353461266,0.20260169357061386,0.19827786684036255
298,False,2,False,-0.18119191378355026,-0.16770223155617714,-0.08081847429275513,0.012129813432693481
299,False,2,False,0.03000610638409853,0.016055601090192793,-0.002330058813095093,0.0938089706003666
300,False,2,False,-0.20749571733176708,-0.09857658073306083,-0.07199361473321915,0.003964289277791977
301,True,2,False,0.004825110547244549,0.10349568352103233,0.30655927658081056,0.30379109382629393
302,True,1,False,-0.04514844622462988,0.09690963737666607,0.2516475170850754,0.29039602875709536
303,False,0,False,0.03670717403292656,0.03235085569322109,-0.013226483762264252,0.0888734519481659
304,True,2,False,-0.189482381939888,0.013817742466926575,0.20311447083950043,0.14194139018654822
305,True,2,False,-0.1576977353543043,-0.04243165031075478,0.19442889392375945,0.13444213196635246
306,True,2,False,-0.15153528116643428,-0.0023952625691890717,0.2611572742462158,0.2761550143361092
307,False,1,False,-0.04768637213855982,-0.042975480854511264,-0.005612663924694061,0.03325367160141468
308,True,1,False,-0.008282368816435338,0.07581699639558792,0.22936359643936158,0.2613748133182526
309,False,1,False,-0.0375730887055397,-0.058967259526252744,-0.07118232399225236,-0.03188299462199211
310,False,2,False,-0.044308106787502764,-0.07195943146944046,-0.09787357449531556,-0.053908048570156096
311,True,2,False,-0.18548764586448668,-0.008962519466876984,0.215393590927124,0.21465376317501067
312,False,2,False,-0.1989268071949482,-0.16752215325832367,-0.2251573920249939,-0.14994222149252892
313,False,1,False,-0.1502596314996481,-0.06421365737915039,-0.14382521733641623,-0.0762010507285595
314,False,1,False,-0.048257403634488584,-0.07783098965883255,-0.061306127905845643,-0.05711534917354584
315,True,2,False,-0.013757922034710646,0.11848167106509208,0.15951414108276368,0.2757927402853966
316,True,2,False,-0.1832782281562686,-0.005249966308474541,0.21157082617282869,0.22591249346733094
317,True,1,False,-0.0693047372624278,0.04929465055465698,0.22100753784179689,0.19488467872142792
318,False,2,False,-0.103769856877625,-0.12959624752402304,-0.1396396517753601,-0.059584031254053114
319,False,1,False,-0.09240463469177485,-0.05512833744287491,-0.09624293074011803,-0.07112313061952591
320,False,2,False,-0.013184620998799801,0.006776386499404907,-0.04330129399895668,0.03845854625105858
321,True,1,False,-0.10158656854182482,-0.03797347545623779,0.09156602621078491,0.14487868100404738
322,True,2,False,-0.0656891968101263,0.024008933827280997,0.21571268141269684,0.18141538202762603
323,False,1,False,-0.21343994066119193,-0.17025561332702638,-0.17611809968948364,-0.064969764649868
324,True,2,False,-0.024516872502863406,0.09994000270962715,0.25671384334564207,0.2896055907011032
325,False,2,False,0.020935884770005943,-0.023358373343944548,-0.02529219686985016,0.04532718062400818
326,False,2,False,-0.1394387422129512,-0.12787950709462165,-0.09811032339930534,-0.03267875984311104
327,False,2,False,-0.1680989868938923,-0.12316840663552284,-0.057490614056587216,-0.022522727400064467
328,True,2,False,-0.023854519799351694,0.03319017514586449,0.1702670782804489,0.25793845355510714
329,False,2,False,0.008164542447775602,-0.007248719036579132,-0.002183520793914795,0.04117508679628372
330,True,1,False,-0.13240913599729537,-0.012388408929109574,0.2075549602508545,0.14560155868530272
331,False,0,False,-0.004103104583919048,-0.03504271060228348,-0.0629196286201477,-0.040961509197950365
332,True,1,False,-0.06360948458313942,0.05476612523198128,0.18788856267929077,0.15157136023044587
333,False,2,False,-0.045633621886372565,-0.04868364185094833,-0.07132087796926498,0.015570417046546936
334,True,1,False,0.040478970389813185,0.08259821012616157,0.23749112635850905,0.2652682036161423
335,True,2,False,-0.04740513805299997,0.07385440915822983,0.17902783155441285,0.24567514955997466
336,True,2,False,0.04289289340376854,0.09545037001371384,0.22795523852109909,0.25090738832950593
337,False,1,False,-0.17954998910427095,-0.13680242672562598,-0.1002695694565773,-0.02447052299976349
338,False,2,False,-0.1655883088707924,-0.12591520249843596,-0.11812771931290626,-0.029378189891576766
339,True,2,False,-0.1231782840564847,-0.005711914226412773,0.2394115447998047,0.20411329716444016
340,False,1,False,-0.10155861843377352,-0.037464527785778044,-0.06697568744421005,-0.06883802264928818
341,True,2,False,0.004061221145093441,0.10259891599416733,0.22140797823667527,0.1904875785112381
342,True,2,False,0.03256094641983509,0.1349208265542984,0.28529403209686277,0.24710742235183716
343,True,1,False,-0.08965159337967635,0.009481021016836167,0.11327474936842918,0.141826793551445
344,False,2,False,-0.13303860500454903,-0.07851244360208512,-0.1063134640455246,-0.051960301399230954
345,False,1,False,-0.05685855261981487,-0.07617459744215012,-0.07936217486858368,-0.09015195816755295
346,False,1,False,0.0007463578134775162,-0.08840493932366371,-0.049113410711288455,0.009982465207576752
347,False,2,False,-0.19928284585475922,-0.20352436900138854,-0.10890644118189811,-0.006723058223724365
348,False,1,False,-0.07584873270243406,-0.0968267172574997,-0.15391744077205657,-0.07399259656667709
349,False,2,False,-0.16183303631842136,-0.15366455242037774,-0.12084486037492752,-0.026912487298250198
350,True,2,False,-0.06612979024648666,0.07951278164982796,0.2059797838330269,0.1700594797730446
351,False,1,False,-0.21899981275200844,-0.16321395039558412,-0.12591356113553048,-0.04468035697937012
352,False,2,False,-0.1125480392947793,-0.10552243515849113,-0.11283226609230042,-0.02069322168827057
353,True,2,False,0.009917167574167251,0.07156571671366692,0.28452437520027163,0.2824817508459091
354,True,1,False,0.000770371500402689,0.09236772619187832,0.26044490933418274,0.24512146711349486
355,True,1,False,0.0034149158746004105,0.10556301325559617,0.20766105949878694,0.2605889499187469
356,True,2,False,-0.05778885595500469,0.10191830918192864,0.17781997323036194,0.20452153831720352
357,True,1,False,0.0019616841338574885,0.05151014886796475,0.24728367924690248,0.26000396013259885
358,True,1,False,-0.03271599188446998,0.07870696559548378,0.25600103437900545,0.22228210121393205
359,True,2,False,-0.18535747081041337,-0.021675122529268266,0.22842437028884888,0.22309134155511856
360,True,2,False,0.065949796885252,0.13941464573144913,0.3310291886329651,0.3370955675840378
361,False,2,False,-0.1145166339352727,-0.12518553659319878,-0.07334625273942948,0.03227513022720814
362,True,1,False,-0.07936486396938562,0.0591964527964592,0.2069870799779892,0.2186308965086937
363,True,2,False,-0.07663492280989885,0.027796006947755813,0.28874781131744387,0.31338101625442505
364,False,1,False,-0.06040971670299768,-0.07794603556394578,-0.018108581751585008,0.007629004120826721
365,False,1,False,-0.2695071078836918,-0.25421412885189054,-0.18686720430850984,-0.10730933994054795
366,False,2,False,-0.10420354343950748,-0.09302374050021171,-0.12511716187000274,-0.032517948746681215
367,False,1,False,-0.08376648016273976,-0.059245817363262177,-0.10915409401059151,-0.0657091811299324
368,False,1,False,-0.1146606432273984,-0.10520714074373246,-0.14628113582730293,-0.07613225281238556
369,True,2,False,0.0050752624869346615,0.11683739572763444,0.2642978399991989,0.2648735225200653
370,False,1,False,-0.05902364235371351,-0.08930514454841613,-0.10883302465081215,-0.10824618637561798
371,True,2,False,-0.02999114617705345,0.07367906495928764,0.2280062258243561,0.24988811761140822
372,False,1,False,-0.030738503485918046,-0.05906803011894226,-0.08416894376277924,-0.06131276711821556
373,True,1,False,-0.15516179502010347,0.003989329934120179,0.20313898473978043,0.1672277495265007
374,True,1,False,-0.09089219737797975,-0.003851491212844849,0.1850024051964283,0.1518774777650833
375,True,2,False,-0.04250805415213108,0.09670424535870552,0.2772211045026779,0.2739413559436798
376,False,1,False,-0.059825731068849565,-0.08229003548622131,-0.13588817194104194,-0.045888759195804596
377,True,1,False,-0.006653555296361446,0.10784460678696632,0.3007433146238327,0.2770386189222336
378,True,1,False,-0.0767321951687336,0.017942612618207933,0.1510682113468647,0.19922711253166198
379,True,2,False,-0.16299930326640605,-0.011723414808511735,0.18055335581302642,0.18605795949697496
380,True,2,False,-0.08346681129187346,0.023361004516482355,0.21024819016456603,0.24618030935525895
381,True,1,False,-0.12118323910981417,-0.048658917844295504,0.19999969750642776,0.14754370898008345
382,False,1,False,-0.13116260562092066,-0.142300833016634,-0.13110280707478522,-0.08738087862730026
383,True,2,False,-0.18350719213485717,-0.006602440029382706,0.1874941885471344,0.21884637773036958
384,False,1,False,-0.09382061026990414,-0.05563439726829529,-0.10265744701027871,-0.04439861923456192
385,True,2,False,-0.19459929931908845,0.019278432056307793,0.2128955140709877,0.24489847272634507
386,True,1,False,-0.16550386603921652,-0.0597334124147892,0.23743564039468765,0.1968454524874687
387,False,1,False,-0.11167045477777719,-0.10525594502687455,-0.10454677045345306,-0.056757310032844545
388,True,2,False,-0.09085472095757723,0.07335676327347755,0.2224445566534996,0.2219771772623062
389,False,1,False,-0.07224681712687016,-0.07710345387458802,-0.08346756398677826,-0.04330193251371384
390,True,1,False,-0.02273562699556351,0.08831555768847466,0.28818182945251464,0.268380469083786
391,False,1,False,-0.06096840612590313,-0.09511913284659386,-0.14021722674369813,-0.10563964992761612
392,True,1,False,-0.07399061284959316,0.016115113347768783,0.21366997212171554,0.19998645633459092
393,True,2,False,-0.009813146758824587,0.11430623009800911,0.25054466128349306,0.2796997964382172
394,False,1,False,-0.08329850994050503,-0.089527627825737,-0.1208904318511486,-0.06079450994729996
395,True,1,False,-0.06955803819000721,0.07758604064583778,0.24327044188976288,0.24964541494846343
396,False,2,False,-0.25757724791765213,-0.16055366396903992,-0.19777390658855437,-0.10589701607823372
397,False,2,False,-0.1738202765583992,-0.15196808874607087,-0.10874701142311097,-0.06384174823760987
398,True,2,False,-0.10181849710643291,0.09075701311230659,0.21058910936117173,0.1950953036546707
399,True,2,False,0.015216231159865857,0.12348898127675056,0.22396727055311202,0.276811408996582
