trial_index,dataset_index,coherence,stimulus_duration_ms,internal_margin,empirical_p_correct,expected_direction_value,sure_reward,sure_advantage,raw_sure_transform,sure_strength,target_sure,target_correct_direction,target_choice_margin,predicted_sure,predicted_correct_direction,predicted_choice_margin,final_argmax_choice,legacy_p_correct_same_trial,legacy_sure_advantage_same_trial,legacy_sure_strength_same_trial
1,1,0.0,890.0,0.4134471267461777,0.8328962506168242,0.8328962506168242,0.55,-0.2828962506168241,0.13170407843767945,0.20536326275014355,0.20536324381828308,0.7946367263793945,-0.5892734825611115,0.2674599289894104,,,2,0.30786114988046154,0.2421388501195385,0.7672014826504974
2,2,0.256,510.0,0.4894590051844716,0.9196709493279273,0.9196709493279273,0.55,-0.3696709493279272,0.07838658843158913,0.1627092707452713,0.16270926594734192,0.8372906446456909,-0.674581378698349,0.1845487505197525,,,2,0.3715481930320477,0.17845180696795232,0.7133468779208769
5,5,0.064,1100.0,0.7740941792726517,0.9579179349019022,0.9579179349019022,0.55,-0.4079179349019022,0.061835196843519145,0.1494681574748153,0.14946815371513367,0.8505317568778992,-0.7010636031627655,0.18601224049925805,,,1,0.6318066707308571,-0.08180667073085701,0.393549965574018
8,8,0.256,470.0,0.5237435521557927,0.9342915810289389,0.9342915810289389,0.55,-0.3842915810289389,0.07162817169859194,0.1573025373588735,0.15730252861976624,0.8426974415779114,-0.6853949129581451,0.13751550018787384,,,2,0.4019771692577995,0.14802283074220052,0.6827673057797206
11,11,0.064,560.0,0.5649214829318225,0.9398221432929741,0.9398221432929741,0.55,-0.38982214329297404,0.0692147697073136,0.15537181576585085,0.15537181496620178,0.8446281552314758,-0.689256340265274,0.2082157999277115,,,2,0.4395273401943131,0.11047265980568693,0.6409812905311223
18,18,0.064,880.0,0.14334997534751892,0.5723013908026424,0.5723013908026424,0.55,-0.022301390802642374,0.4628993312498248,0.4703194649998598,0.4703194499015808,0.529680609703064,-0.059361159801483154,0.24005989134311675,,,1,0.13928161899827332,0.41071838100172675,0.8513912320904593
19,19,0.064,890.0,0.6218863129615784,0.9327954541479567,0.9327954541479567,0.55,-0.3827954541479567,0.07229427093721548,0.15783541674977236,0.1578354388475418,0.8421646356582642,-0.6843291968107224,0.18652695417404175,,,1,0.4925435930937272,0.05745640690627285,0.5756854064980556
20,20,0.512,940.0,1.331511277705431,0.9976637240031028,0.9976637240031028,0.55,-0.4476637240031027,0.048134488128037375,0.1385075905024299,0.13850758969783783,0.8614923357963562,-0.7229847460985184,0.195779050886631,,,1,0.9325611687366739,-0.3825611687366739,0.15791927546948714
21,21,0.128,600.0,0.8269800916314125,0.9817964952979781,0.9817964952979781,0.55,-0.43179649529797803,0.05321945511558501,0.14257556409246797,0.14257554709911346,0.8574244379997253,-0.7148488909006119,0.17802608907222747,,,1,0.6765492139779462,-0.12654921397794616,0.34061136485361615
22,22,0.256,810.0,0.5141643323004246,0.9000342722994452,0.9000342722994452,0.55,-0.35003427229944517,0.0883812666770338,0.17070501334162702,0.17070503532886505,0.8292949795722961,-0.6585899442434311,0.16134498864412308,,,2,0.39338769235970533,0.1566123076402947,0.6917094978243362
23,23,0.0,880.0,0.4363681795075536,0.8495365426977518,0.8495365426977518,0.55,-0.29953654269775176,0.11952770417997485,0.19562216334397986,0.19562217593193054,0.8043778538703918,-0.6087556779384613,0.2710748791694641,,,1,0.32644002508662134,0.2235599749133787,0.7529106221633224
24,24,0.512,670.0,1.3751744218170643,0.9986372597710848,0.9986372597710848,0.55,-0.4486372597710847,0.04783799182352696,0.13827039345882153,0.13827039301395416,0.861729621887207,-0.7234592288732529,0.11683224961161613,,,1,0.9421423376444866,-0.3921423376444866,0.15457990091543738
25,25,0.512,490.0,1.3256772384047508,0.9986011338836283,0.9986011338836283,0.55,-0.4486011338836282,0.04784896313005811,0.13827917050404648,0.13827916979789734,0.861720860004425,-0.7234416902065277,0.16594187319278716,,,1,0.9311745744504426,-0.38117457445044256,0.1584178836227747
28,28,0.256,700.0,0.6205295249819756,0.945465008707168,0.945465008707168,0.55,-0.39546500870716794,0.06683011969340018,0.15346409575472014,0.15346409380435944,0.846535861492157,-0.6930717676877975,0.1267049565911293,,,2,0.4912741134072341,0.05872588659276595,0.5773161311977427
30,30,0.512,1100.0,1.502898057922721,0.9987780266649418,0.9987780266649418,0.55,-0.4487780266649417,0.04779526419581714,0.1382362113566537,0.13823619484901428,0.8617637753486633,-0.723527580499649,0.11863563805818558,,,1,0.9633256811229616,-0.41332568112296153,0.14782122090795724
31,31,0.0,1080.0,0.4783298671245575,0.8450161845023628,0.8450161845023628,0.55,-0.2950161845023628,0.12273575264913014,0.1981886021193041,0.19818858802318573,0.8018113970756531,-0.6036228090524673,0.23319413661956787,,,1,0.36187308297097137,0.18812691702902867,0.7224180038928794
32,32,0.512,1110.0,0.6674912087619305,0.930169693553761,0.930169693553761,0.55,-0.38016969355376096,0.07347712351131123,0.15878169880904897,0.15878167748451233,0.8412182927131653,-0.682436615228653,0.21435255706310272,,,2,0.5351663365818635,0.014833663418136522,0.5197621153010287
33,33,0.256,590.0,0.5813465155661106,0.9422921797796965,0.9422921797796965,0.55,-0.39229217977969644,0.06816140018900316,0.15452912015120251,0.1545291244983673,0.8454709053039551,-0.6909417808055878,0.22693754583597184,,,2,0.45472633510832194,0.0952736648916781,0.6229264386175366
34,34,0.512,980.0,0.5830800868570805,0.9114341793520553,0.9114341793520553,0.55,-0.36143417935205524,0.08244650718970026,0.1659572057517602,0.16595721244812012,0.8340427279472351,-0.668085515499115,0.11155086532235145,,,2,0.456335943280122,0.09366405671987804,0.620979792009483
36,36,0.0,910.0,0.30457280576229095,0.7402439727377856,0.7402439727377856,0.55,-0.1902439727377856,0.2195495763962321,0.2756396611169857,0.2756396234035492,0.7243603467941284,-0.4487207233905792,0.264352285861969,,,2,0.22833828481511673,0.3216617151848833,0.8161163124888866
37,37,0.0,530.0,0.03898046910762787,0.549928009768958,0.549928009768958,0.55,7.199023104209612e-05,0.5001199837161004,0.5000959869728804,0.5000959634780884,0.49990400671958923,0.0001919567584991455,0.2294149100780487,,,1,0.09867932977535741,0.4513206702246426,0.8623762416768408
38,38,0.128,420.0,0.9765269681811333,0.9928931070173358,0.9928931070173358,0.55,-0.44289310701733575,0.04961279538393866,0.13969023630715088,0.13969025015830994,0.8603097796440125,-0.7206195294857025,0.2612668305635452,,,1,0.7854644453049564,-0.23546444530495636,0.2378001480361216
39,39,0.256,1000.0,0.9189697876572609,0.9812481310873736,0.9812481310873736,0.55,-0.4312481310873736,0.053403959644503673,0.1427231677156029,0.1427231729030609,0.8572767972946167,-0.7145536243915558,0.16481567323207855,,,2,0.7469345656438925,-0.19693456564389245,0.2696019660427158
40,40,0.512,780.0,0.7911144569516182,0.9732614526724147,0.9732614526724147,0.55,-0.42326145267241466,0.05616047083985474,0.1449283766718838,0.14492836594581604,0.8550716638565063,-0.7101432979106903,0.13234416618943215,,,2,0.6465005585257674,-0.09650055852576733,0.37559406655523764
42,42,0.032,870.0,0.47157008200883865,0.8716904059750423,0.8716904059750423,0.55,-0.3216904059750423,0.10483665793895308,0.18386932635116243,0.18386933207511902,0.8161307573318481,-0.6322614252567291,0.3111626416444778,,,2,0.35605010049960967,0.19394989950039038,0.7277235393809539
45,45,0.064,490.0,0.3179522901773453,0.8346999382675498,0.8346999382675498,0.55,-0.2846999382675498,0.13033504903585788,0.2042680392286863,0.20426802337169647,0.7957319617271423,-0.5914639383554459,0.2187699243426323,,,1,0.23728349796055428,0.3127165020394458,0.8115317791353044
46,46,0.256,960.0,1.238908588886261,0.9962331804667848,0.9962331804667848,0.55,-0.44623318046678473,0.048573336070322985,0.13885866885625836,0.13885867595672607,0.8611413240432739,-0.7222826480865479,0.15679729282855986,,,1,0.9072110619543916,-0.35721106195439156,0.1676812255839919
47,47,0.512,580.0,0.6515953863272443,0.9589142773357157,0.9589142773357157,0.55,-0.4089142773357156,0.06145098697287525,0.1491607895783002,0.14916077256202698,0.8508392572402954,-0.7016784846782684,0.23839097768068312,,,2,0.520336427807259,0.029663572192741072,0.5394230339501561
50,50,0.032,510.0,0.4125770479440689,0.8869672724728956,0.8869672724728956,0.55,-0.3369672724728956,0.0956562520104233,0.17652500160833862,0.17652499675750732,0.8234750032424927,-0.6469500064849854,0.24346841722726822,,,1,0.30716752870773273,0.24283247129226732,0.7677128350682332
51,51,0.256,1000.0,0.7418664749711752,0.9563678204530032,0.9563678204530032,0.55,-0.4063678204530031,0.06243741587124872,0.14994993269699897,0.14994993805885315,0.8500500917434692,-0.7001001536846161,0.1821596845984459,,,2,0.6033224671471955,-0.05332246714719546,0.42964273173189765
52,52,0.256,880.0,1.2093748897314072,0.9960460687413807,0.9960460687413807,0.55,-0.44604606874138064,0.04863101637761639,0.13890481310209313,0.13890480995178223,0.8610952496528625,-0.7221904397010803,0.19310899302363396,,,1,0.8974756606239372,-0.3474756606239372,0.1718122130567039
53,53,0.032,770.0,0.5076670087873936,0.9014911272737932,0.9014911272737932,0.55,-0.35149112727379317,0.08760186314992591,0.1700814905199407,0.1700814962387085,0.8299185037612915,-0.659837007522583,0.2567709520459175,,,2,0.38759863144188245,0.1624013685581176,0.6976000142094245
57,57,0.064,460.0,0.500236913561821,0.9276486484729601,0.9276486484729601,0.55,-0.3776486484729601,0.07462954626805653,0.15970363701444518,0.15970364212989807,0.8402963876724243,-0.6805927455425262,0.2196597546339035,,,1,0.3810172524267241,0.16898274757327597,0.704161565691581
58,58,0.032,530.0,0.15421375632286072,0.6827785006137393,0.6827785006137393,0.55,-0.1327785006137393,0.2921034381638429,0.3336827505310743,0.33368274569511414,0.6663171648979187,-0.33263441920280457,0.2228897124528885,,,2,0.1442290673808759,0.4057709326191241,0.8498633894020214
60,60,0.256,1070.0,1.3255500122904778,0.9971874450250001,0.9971874450250001,0.55,-0.4471874450250001,0.04828017663549407,0.13862414130839523,0.1386241614818573,0.8613759279251099,-0.7227517664432526,0.20705127120018005,,,1,0.9311440440007462,-0.3811440440007462,0.15842890649479568
63,63,0.032,970.0,0.5385469272732735,0.8932635050298142,0.8932635050298142,0.55,-0.3432635050298142,0.09208628180110678,0.17366902544088542,0.1736690104007721,0.8263309597969055,-0.6526619493961334,0.18794065862894058,,,2,0.41536843112221944,0.1346315688777806,0.6683555918570995
64,64,0.0,840.0,0.12118034064769745,0.5573811719932862,0.5573811719932862,0.55,-0.00738117199328614,0.48770052841518824,0.4901604227321506,0.49016040563583374,0.5098395943641663,-0.01967918872833252,0.2795421779155731,,,1,0.12962670586424913,0.4203732941357509,0.8542481254286372
73,73,0.032,1070.0,0.41934990882873535,0.805071285281604,0.805071285281604,0.55,-0.25507128528160394,0.1544032068256289,0.22352256546050314,0.22352257370948792,0.7764774560928345,-0.5529548823833466,0.1847272887825966,,,1,0.3125896424059273,0.23741035759407275,0.7636732907153743
75,75,0.512,1130.0,1.367600105702877,0.9975399784909955,0.9975399784909955,0.55,-0.44753997849099547,0.04817230033685442,0.13853784026948351,0.13853785395622253,0.8614622354507446,-0.7229243814945221,0.16592070385813712,,,1,0.9405771793656202,-0.3905771793656202,0.15511295092072663
77,77,0.0,540.0,0.20403078198432922,0.7309183744348664,0.7309183744348664,0.55,-0.18091837443486636,0.23038784953194633,0.2843102796255571,0.2843102812767029,0.7156897187232971,-0.43137943744659424,0.299588668346405,,,2,0.16880704164654167,0.38119295835345834,0.8415887528728865
82,82,0.0,890.0,0.35041680932044983,0.7852620969120172,0.7852620969120172,0.55,-0.23526209691201716,0.17244260906434503,0.23795408725147604,0.23795409500598907,0.7620459198951721,-0.524091824889183,0.21412006467580796,,,1,0.2599752710913865,0.2900247289086135,0.7989088892717044
83,83,0.0,950.0,0.22867665439844131,0.651605641655162,0.651605641655162,0.55,-0.10160564165516195,0.33684833293865485,0.36947866635092386,0.36947867274284363,0.6305213570594788,-0.26104268431663513,0.26419469714164734,,,1,0.18215099476715757,0.3678490052328425,0.8365851452755695
86,86,0.128,720.0,1.0018488429486752,0.99100729361372,0.99100729361372,0.55,-0.44100729361371993,0.050208954353136784,0.1401671634825094,0.14016714692115784,0.8598328828811646,-0.7196657359600067,0.14253945797681808,,,1,0.8010060871292473,-0.2510060871292472,0.22637989338894854
87,87,0.128,440.0,0.5102233439683914,0.9324090586510734,0.9324090586510734,0.55,-0.38240905865107333,0.07246722605951206,0.1579737808476096,0.1579737812280655,0.8420262336730957,-0.6840524524450302,0.27667640149593353,,,2,0.3898726186064884,0.16012738139351163,0.6952993737204897
88,88,0.064,920.0,0.6466557011008263,0.9379630827620945,0.9379630827620945,0.55,-0.38796308276209446,0.0700175004046309,0.15601400032370472,0.15601399540901184,0.843985915184021,-0.6879719197750092,0.1656572625041008,,,2,0.5157194376127359,0.03428056238726418,0.5455095116174908
89,89,0.512,550.0,1.1821235120296478,0.9969605032899925,0.9969605032899925,0.55,-0.4469605032899925,0.048349742775202584,0.13867979422016208,0.13867977261543274,0.8613201975822449,-0.7226404249668121,0.14400884807109832,,,1,0.88770079046232,-0.33770079046231993,0.1761872498206256
91,91,0.512,1080.0,1.366443656384945,0.9976703801408602,0.9976703801408602,0.55,-0.44767038014086014,0.048132455048899264,0.1385059640391194,0.1385059654712677,0.8614940643310547,-0.722988098859787,0.15074440464377403,,,1,0.9403347470473254,-0.3903347470473254,0.155195946692746
100,100,0.032,440.0,0.12880773842334747,0.6792309287486062,0.6792309287486062,0.55,-0.1292309287486062,0.2970177951508194,0.3376142361206555,0.3376142382621765,0.6623858213424683,-0.32477158308029175,0.31304973661899566,,,2,0.13288246091165185,0.4171175390883482,0.853302823209112
104,104,0.032,540.0,0.09940434992313385,0.618978002070126,0.618978002070126,0.55,-0.06897800207012594,0.3870206145733543,0.4096164916586834,0.40961652994155884,0.5903835296630859,-0.1807669997215271,0.19718666672706603,,,0,0.12070364695707668,0.42929635304292335,0.8567475440984633
105,105,0.064,550.0,0.3758755214512348,0.8619496191417857,0.8619496191417857,0.55,-0.31194961914178565,0.11108912921822095,0.18887130337457675,0.18887129426002502,0.8111287355422974,-0.6222574412822723,0.2719520449638367,,,2,0.278725928763971,0.27127407123602904,0.7873437910568619
109,109,0.256,1090.0,1.2358582559973001,0.9955306831056581,0.9955306831056581,0.55,-0.445530683105658,0.04879022882235495,0.13903218305788395,0.13903217017650604,0.8609678149223328,-0.7219356447458267,0.20653020441532136,,,1,0.9062453247562917,-0.35624532475629167,0.16808117737137712
112,112,0.064,1090.0,0.5347029687836766,0.8766373137828818,0.8766373137828818,0.55,-0.32663731378288174,0.1017817657260269,0.1814254125808215,0.18142542243003845,0.8185746073722839,-0.6371491849422455,0.21549995988607407,,,2,0.41187826500060964,0.1381217349993904,0.6721659513113678
114,114,0.128,1110.0,1.143107857555151,0.992798274687235,0.992798274687235,0.55,-0.442798274687235,0.049642613699448924,0.1397140909595591,0.1397140920162201,0.8602859377861023,-0.7205718457698822,0.1673192486166954,,,1,0.8722955270579317,-0.32229552705793163,0.18356693866341256
116,116,0.512,690.0,1.3690884998068213,0.9985617374980715,0.9985617374980715,0.55,-0.4485617374980715,0.04786093039954089,0.13828874431963267,0.13828875124454498,0.861711323261261,-0.723422572016716,0.1513345129787922,,,1,0.9408878408606998,-0.3908878408606997,0.15500676607886632
117,117,0.032,1090.0,0.25692538917064667,0.6447691894907673,0.6447691894907673,0.55,-0.09476918949076729,0.3471037299106214,0.3776829839284971,0.37768298387527466,0.6223169565200806,-0.2446339726448059,0.2144262298941612,,,2,0.1984372714059319,0.3515627285940681,0.8299490257886717
125,125,0.0,630.0,0.014298170804977417,0.489638852732902,0.489638852732902,0.55,0.06036114726709807,0.599265985831327,0.5794127886650615,0.5794128179550171,0.4205872118473053,0.1588256061077118,0.27761762142181395,,,2,0.09076037439434198,0.45923962560565806,0.8642244730509182
127,127,0.256,800.0,0.7053017374128103,0.9588614438144833,0.9588614438144833,0.55,-0.4088614438144833,0.061471304516558224,0.14917704361324657,0.14917704463005066,0.8508230447769165,-0.7016460001468658,0.16008783429861068,,,2,0.5701455263480188,-0.020145526348018805,0.47317960035083073
130,130,0.256,760.0,1.1072956509888172,0.9943598641772323,0.9943598641772323,0.55,-0.4443598641772323,0.04915375665092597,0.13932300532074077,0.13932301104068756,0.8606769442558289,-0.7213539332151413,0.17703396826982498,,,1,0.8566012647768991,-0.3066012647768991,0.19172735784594885
131,131,0.0,450.0,0.20189611613750458,0.7497536010137897,0.7497536010137897,0.55,-0.1997536010137897,0.20887984551615077,0.26710387641292066,0.2671038806438446,0.7328962087631226,-0.46579232811927795,0.24776795953512193,,,1,0.16768873776171137,0.3823112622382887,0.8419911509413271
132,132,0.0,450.0,0.33466777577996254,0.8519102310008333,0.8519102310008333,0.55,-0.30191023100083325,0.11787231265388355,0.1942978501231068,0.19429783523082733,0.8057020902633667,-0.6114042550325394,0.24920738041400908,,,2,0.24879394985722542,0.30120605014277463,0.8053109441637927
133,133,0.256,1060.0,0.7902041841298342,0.9627634908850646,0.9627634908850646,0.55,-0.4127634908850646,0.05998752029796688,0.1479900162383735,0.14799001812934875,0.8520099520683289,-0.7040199339389801,0.11440046727657319,,,2,0.6457213864251875,-0.09572138642518746,0.3765332265539149
139,139,0.032,550.0,0.004771977663040161,0.5020469266401053,0.5020469266401053,0.55,0.04795307335989474,0.579248007711989,0.5633984061695912,0.5633984208106995,0.43660157918930054,0.12679684162139893,0.2675956979393959,,,2,0.08786006753849919,0.46213993246150087,0.864879486016644
140,140,0.032,910.0,0.42986413836479187,0.8406197921304861,0.8406197921304861,0.55,-0.29061979213048605,0.1259265862882486,0.20074126903059886,0.2007412612438202,0.7992587089538574,-0.5985174477100372,0.22137920409440995,,,1,0.3211091574233381,0.22889084257666192,0.7571290856099775
141,141,0.256,1090.0,1.5090577974915504,0.9988286034420863,0.9988286034420863,0.55,-0.4488286034420863,0.04777992124549622,0.13822393699639696,0.13822391629219055,0.8617760539054871,-0.7235521376132965,0.17694481164216996,,,1,0.9641317104121703,-0.41413171041217023,0.14758018367251413
142,142,0.512,520.0,1.1852051876485348,0.9971120824108168,0.9971120824108168,0.55,-0.4471120824108168,0.04830326755500682,0.1386426140440054,0.1386425942182541,0.8613573908805847,-0.7227147966623306,0.14363554045557975,,,1,0.8888457101513123,-0.33884571015131226,0.17566273167288493
144,144,0.0,930.0,0.0715331882238388,0.46956332434263837,0.46956332434263837,0.55,0.08043667565736168,0.6309383620923233,0.6047506896738587,0.6047506928443909,0.39524930715560913,0.20950138568878174,0.3000554919242859,,,2,0.11006065185480757,0.4399393481451925,0.8595603479996743
146,146,0.032,760.0,0.654623880982399,0.9501698761583731,0.9501698761583731,0.55,-0.4001698761583731,0.06490040523565417,0.1519203241885233,0.15192031860351562,0.8480796813964844,-0.6961593627929688,0.2540410652756691,,,2,0.5231654134562436,0.026834586543756478,0.5356843286807655
147,147,0.064,550.0,0.8895179703831673,0.9873244413996682,0.9873244413996682,0.55,-0.4373244413996682,0.051392821583373154,0.14111425726669852,0.1411142498254776,0.8588857650756836,-0.717771515250206,0.18347278237342834,,,1,0.7255327178580437,-0.1755327178580437,0.2894524483934807
150,150,0.0,1140.0,0.39154666662216187,0.76804389163125,0.76804389163125,0.55,-0.21804389163124993,0.18944415684038463,0.2515553254723077,0.25155535340309143,0.748444676399231,-0.4968893229961395,0.24157949686050414,,,1,0.2906717116615859,0.25932828833841415,0.7794127490569471
151,151,0.064,450.0,0.4585789884440601,0.9136067979112812,0.9136067979112812,0.55,-0.36360679791128114,0.08135740237907509,0.16508592190326005,0.16508592665195465,0.8349140882492065,-0.6698281615972519,0.27042525410652163,,,2,0.3449792279629788,0.20502077203702124,0.7374907892399615
152,152,0.256,680.0,1.0252197608351707,0.9923499347600208,0.9923499347600208,0.55,-0.4423499347600207,0.04978381621056599,0.13982705296845277,0.13982704281806946,0.8601729273796082,-0.7203458845615387,0.18912308067083358,,,1,0.8145854698470418,-0.2645854698470418,0.21704173893469153
154,154,0.0,420.0,0.08563469350337982,0.6369667935119121,0.6369667935119121,0.55,-0.08696679351191205,0.35898353400561206,0.38718682720448966,0.38718682527542114,0.6128131151199341,-0.22562628984451294,0.2942414045333862,,,2,0.11533873194131199,0.43466126805868804,0.8581877539464615
155,155,0.0,1110.0,0.05216918885707855,0.3931617373280032,0.3931617373280032,0.55,0.15683826267199685,0.7399268548977681,0.6919414839182145,0.6919414401054382,0.3080585300922394,0.38388291001319885,0.3089237421751022,,,2,0.10315850039313473,0.4468414996068653,0.8612909920983638
157,157,0.256,1190.0,0.9762993305921555,0.9821923797642307,0.9821923797642307,0.55,-0.43219237976423064,0.053086628563376245,0.14246930285070097,0.14246930181980133,0.8575307130813599,-0.7150614112615585,0.2018725633621216,,,1,0.7853208093527955,-0.23532080935279542,0.2379094069714327
159,159,0.064,1100.0,0.4242866486310959,0.8031953762369244,0.8031953762369244,0.55,-0.25319537623692434,0.15604310011674977,0.2248344800933998,0.22483448684215546,0.7751654982566833,-0.5503310114145279,0.18820582926273347,,,1,0.31657450211995225,0.2334254978800478,0.7606424670083292
160,160,0.0,570.0,0.29719260334968567,0.8054738559841625,0.8054738559841625,0.55,-0.2554738559841625,0.15405312653430983,0.22324250122744782,0.22324249148368835,0.7767574191093445,-0.5535149276256561,0.22062153667211531,,,2,0.22350673104793484,0.3264932689520652,0.8185043264186259
164,164,0.128,630.0,0.45692120492458344,0.8941022071415985,0.8941022071415985,0.55,-0.34410220714159845,0.09161987437246659,0.17329589949797325,0.17329588532447815,0.8267041444778442,-0.6534082591533661,0.16050392985343934,,,2,0.34357820723779836,0.20642179276220168,0.7386969620625299
168,168,0.512,1150.0,1.6639904230833054,0.9994114755264566,0.9994114755264566,0.55,-0.44941147552645655,0.04760343871400815,0.13808275097120648,0.13808275759220123,0.8619173169136047,-0.7238345593214035,0.04553805068135262,,,1,0.9795953709529533,-0.4295953709529533,0.14317096826721692
170,170,0.512,400.0,0.5329052275046706,0.941803186065585,0.941803186065585,0.55,-0.39180318606558495,0.06836874952637181,0.15469499962109745,0.15469500422477722,0.8453050851821899,-0.6906100809574127,0.1903265342116356,,,2,0.41024899933108394,0.1397510006689161,0.6739317168842002
171,171,0.128,750.0,0.5967523828148842,0.9355792000910905,0.9355792000910905,0.55,-0.3855792000910905,0.07105944287043169,0.15684755429634534,0.15684756636619568,0.8431524038314819,-0.6863048374652863,0.24619895666837693,,,2,0.4690598699025146,0.08094013009748546,0.6053756515340706
177,177,0.128,680.0,0.8628118187189102,0.9831660768651947,0.9831660768651947,0.55,-0.4331660768651947,0.05276126538388375,0.14220901230710697,0.1422090232372284,0.8577910661697388,-0.7155820429325104,0.19405449703335761,,,1,0.7051819249703037,-0.1551819249703037,0.30976294780112446
179,179,0.0,530.0,0.31519949436187744,0.826003236936907,0.826003236936907,0.55,-0.276003236936907,0.13704874041666687,0.2096389923333335,0.20963899791240692,0.7903609871864319,-0.580721989274025,0.2856721132993698,,,2,0.23542349185520742,0.31457650814479265,0.8125027744286484
181,181,0.256,780.0,0.7220612280070782,0.9628616094181124,0.9628616094181124,0.55,-0.41286160941811234,0.059950645528022095,0.14796051642241764,0.14796051383018494,0.8520394563674927,-0.7040789425373077,0.16183070093393326,,,2,0.5854495910111203,-0.03544959101112022,0.4529526497466456
184,184,0.064,1040.0,1.0746464524418116,0.9907534544092869,0.9907534544092869,0.55,-0.4407534544092868,0.050289716392711355,0.14023177311416907,0.14023175835609436,0.8597682118415833,-0.7195364534854889,0.18550801277160645,,,1,0.8409238877970846,-0.29092388779708456,0.20056288953779366
187,187,0.032,990.0,0.7931640520691872,0.9661522905281389,0.9661522905281389,0.55,-0.41615229052813885,0.05872617215314457,0.14698093772251564,0.14698095619678497,0.8530190587043762,-0.7060381025075912,0.1626591995358467,,,1,0.6482521120634852,-0.09825211206348516,0.3734884135709572
188,188,0.512,820.0,1.2002649754285812,0.9961531855960688,0.9961531855960688,0.55,-0.44615318559606876,0.04859798787336751,0.13887839029869398,0.13887837529182434,0.8611215353012085,-0.7222431600093842,0.16879556626081466,,,1,0.8942948609265238,-0.3442948609265237,0.17321043105365147
189,189,0.0,870.0,0.1272290199995041,0.5557900779139849,0.5557900779139849,0.55,-0.005790077913984892,0.4903510681893876,0.4922808545515101,0.49228087067604065,0.5077191591262817,-0.015438288450241089,0.3062843531370163,,,2,0.13220295142958874,0.41779704857041133,0.853501618352481
190,190,0.128,1010.0,0.6217487994581461,0.9230908345077989,0.9230908345077989,0.55,-0.3730908345077989,0.07675527474525,0.1614042197962,0.16140422224998474,0.8385957479476929,-0.6771915256977081,0.20658497810363768,,,2,0.49241492382874613,0.05758507617125391,0.5758508099709101
193,193,0.128,1080.0,0.8427324146032333,0.9703012201844253,0.9703012201844253,0.55,-0.4203012201844253,0.05721575650905127,0.145772605207241,0.14577260613441467,0.8542274236679077,-0.708454817533493,0.12318409532308579,,,1,0.6893170498546516,-0.13931704985465154,0.3265377793026564
198,198,0.128,940.0,0.5513442233204842,0.9023456784161284,0.9023456784161284,0.55,-0.3523456784161284,0.08714758252885413,0.16971806602308326,0.16971805691719055,0.8302819132804871,-0.6605638563632965,0.19558321684598923,,,2,0.4270473526539236,0.12295264734607647,0.6553354599775624
200,200,0.256,510.0,0.9216797426342964,0.9896623360021629,0.9896623360021629,0.55,-0.43966233600216287,0.05063827197516672,0.1405106175801334,0.14051060378551483,0.8594893217086792,-0.7189787179231644,0.16107136160135269,,,1,0.7488473890443407,-0.19884738904434063,0.2679039513845968
203,203,0.256,720.0,0.6883350163698196,0.9593743057190663,0.9593743057190663,0.55,-0.4093743057190663,0.06127434450247075,0.1490194756019766,0.14901947975158691,0.8509805798530579,-0.701961100101471,0.1973976746201515,,,2,0.5545145726998068,-0.004514572699806707,0.49398102407841754
206,206,0.512,860.0,1.2978549934923649,0.9974974387743648,0.9974974387743648,0.55,-0.44749743877436476,0.04818530546716824,0.13854824437373459,0.13854824006557465,0.8614517450332642,-0.7229035049676895,0.18303935527801513,,,1,0.9241921805142302,-0.3741921805142302,0.16098926755716375
207,207,0.256,600.0,0.7358072251081467,0.9717991940936319,0.9717991940936319,0.55,-0.42179919409363187,0.05667943995750097,0.14534355196600074,0.14534355700016022,0.8546563982963562,-0.709312841296196,0.1721263825893402,,,2,0.5978812747384269,-0.04788127473842685,0.43669492399453835
209,209,0.128,920.0,0.9757032729685307,0.9870385860373436,0.9870385860373436,0.55,-0.4370385860373436,0.051485807090512814,0.14118864567241024,0.14118865132331848,0.8588113784790039,-0.7176227271556854,0.207451032102108,,,1,0.7849443748312003,-0.23494437483120023,0.23819607317022856
210,210,0.128,1120.0,0.6714484915137291,0.9306480679911552,0.9306480679911552,0.55,-0.38064806799115514,0.07326030603615336,0.15860824482892266,0.15860822796821594,0.8413917422294617,-0.6827835142612457,0.2037862256169319,,,2,0.5388496361643014,0.011150363835698673,0.5148603094799606
213,213,0.128,620.0,0.9049015678465366,0.9872138017206691,0.9872138017206691,0.55,-0.43721380172066904,0.05142879255968228,0.1411430340477458,0.1411430537700653,0.8588569760322571,-0.7177139222621918,0.19774209707975388,,,1,0.736850733524084,-0.186850733524084,0.2787602498425971
214,214,0.0,1170.0,0.3128942549228668,0.6845322045734847,0.6845322045734847,0.55,-0.1345322045734847,0.2896917994444801,0.33175343955558406,0.3317534327507019,0.6682466268539429,-0.33649319410324097,0.2088610500097275,,,1,0.23387367150777588,0.31612632849222416,0.8133046884557871
215,215,0.0,400.0,0.8201030120253563,0.9851543467679202,0.9851543467679202,0.55,-0.4351543467679202,0.05210272043515006,0.14168217634812003,0.14168217778205872,0.8583178520202637,-0.716635674238205,0.2051605150103569,,,1,0.6708900305389115,-0.12089003053891145,0.3470061684867647
217,217,0.128,510.0,0.6679420471191406,0.9649346902173321,0.9649346902173321,0.55,-0.4149346902173321,0.0591764879652097,0.14734119037216775,0.14734120666980743,0.8526588678359985,-0.7053176611661911,0.22366675585508347,,,2,0.5355861623345485,0.014413837665451568,0.5192036757126496
218,218,0.512,840.0,0.7877875319682062,0.9708542288902703,0.9708542288902703,0.55,-0.42085422889027024,0.05701721112080395,0.14561376889664313,0.14561377465724945,0.8543862104415894,-0.7087724357843399,0.12920527532696724,,,2,0.6436490419655427,-0.09364904196554269,0.37903839662496674
221,221,0.256,600.0,0.6674078479409218,0.9609741496551975,0.9609741496551975,0.55,-0.4109741496551974,0.06066372288301334,0.14853097830641065,0.148530974984169,0.8514690399169922,-0.7029380649328232,0.15136095210909845,,,2,0.5350887045700176,0.014911295429982485,0.5198653706735958
222,222,0.128,920.0,0.6455166675150394,0.9376366289807997,0.9376366289807997,0.55,-0.38763662898079965,0.07015934678329727,0.1561274774266378,0.15612748265266418,0.8438725471496582,-0.687745064496994,0.26919223070144654,,,2,0.5146544041402932,0.03534559585970687,0.5469106027180555
226,226,0.064,1010.0,0.7045481577515602,0.9474461245798402,0.9474461245798402,0.55,-0.3974461245798402,0.06601115015857978,0.1528089201268638,0.15280891954898834,0.8471910357475281,-0.6943821161985397,0.22929830551147462,,,1,0.5694539983984709,-0.01945399839847084,0.47409763255209647
227,227,0.512,420.0,0.5501690473174676,0.945042986345464,0.945042986345464,0.55,-0.395042986345464,0.06700579328227495,0.15360463462581997,0.1536046415567398,0.8463953733444214,-0.6927907317876816,0.2294655054807663,,,2,0.4259712706912526,0.12402872930874742,0.6565521617847556
228,228,0.256,730.0,0.9654799997806549,0.9891379291663808,0.9891379291663808,0.55,-0.4391379291663807,0.05080660527902431,0.14064528422321942,0.14064528048038483,0.8593547940254211,-0.7187095135450363,0.14100130200386046,,,1,0.7784134313191405,-0.2284134313191405,0.24324480973171309
230,230,0.0,1030.0,0.08277012407779694,0.4533259793573495,0.4533259793573495,0.55,0.09667402064265057,0.6557685083028335,0.6246148066422668,0.6246148347854614,0.37538522481918335,0.24922960996627808,0.2070340782403946,,,1,0.1142490309587302,0.43575096904126986,0.8584746959601067
231,231,0.128,970.0,0.6224888265132904,0.9266926392432918,0.9266926392432918,0.55,-0.37669263924329177,0.07507088777805396,0.1600567102224431,0.1600567102432251,0.8399432897567749,-0.6798865795135498,0.1698085144162178,,,2,0.493107367153728,0.05689263284627205,0.5749603629288601
232,232,0.0,940.0,0.03882630169391632,0.4268644092037139,0.4268644092037139,0.55,0.12313559079628617,0.6944281874949579,0.6555425499959664,0.6555424928665161,0.3444574475288391,0.311085045337677,0.32793622016906737,,,2,0.09862800994006696,0.4513719900599331,0.8623885066960697
233,233,0.256,890.0,1.2117628089617938,0.9960447976541715,0.9960447976541715,0.55,-0.4460447976541715,0.04863140843359898,0.13890512674687916,0.1389051377773285,0.8610948324203491,-0.7221896946430206,0.24691821932792662,,,1,0.8982952828972127,-0.3482952828972127,0.1714558434061083
234,234,0.256,1150.0,0.618890518322587,0.9090657488465645,0.9090657488465645,0.55,-0.3590657488465645,0.08364887331632015,0.1669190986530561,0.16691909730434418,0.8330808877944946,-0.6661617904901505,0.1994578167796135,,,2,0.48974072718126654,0.0602592728187335,0.5792823011092816
235,235,0.0,450.0,0.11441224813461304,0.660932596719877,0.660932596719877,0.55,-0.11093259671987699,0.32310241318585087,0.3584819305486807,0.3584819436073303,0.6415180563926697,-0.28303611278533936,0.2572919696569443,,,1,0.12679482761314334,0.42320517238685673,0.8550557101748248
238,238,0.064,570.0,0.48624189104884863,0.912913889219907,0.912913889219907,0.55,-0.36291388921990697,0.08170331651786299,0.1653626532142904,0.1653626412153244,0.8346373438835144,-0.66927470266819,0.24551472514867784,,,2,0.36874040217606374,0.1812595978239363,0.7160122001922461
240,240,0.128,1160.0,1.1259546265937388,0.9916875020500079,0.9916875020500079,0.55,-0.44168750205000784,0.049993142973385675,0.13999451437870852,0.1399945169687271,0.8600054979324341,-0.720010980963707,0.2035434678196907,,,1,0.8649696557270741,-0.314969655727074,0.18729318781452892
243,243,0.128,890.0,0.6839880559127778,0.9495773956125515,0.9495773956125515,0.55,-0.39957739561255146,0.06514052867895112,0.1521124229431609,0.1521124392747879,0.8478876352310181,-0.6957751959562302,0.20225774198770524,,,2,0.550491149236158,-0.0004911492361580061,0.49934513493686883
245,245,0.256,1000.0,0.7283073337748647,0.9535017148259897,0.9535017148259897,0.55,-0.4035017148259896,0.0635653378339968,0.15085227026719744,0.1508522480726242,0.8491476774215698,-0.6982954293489456,0.1516617104411125,,,2,0.5911129918283333,-0.04111299182833328,0.44552329127670803
246,246,0.512,670.0,1.3359726145863533,0.9983482697746391,0.9983482697746391,0.55,-0.44834826977463904,0.047925824011075945,0.13834065920886074,0.13834066689014435,0.8616593480110168,-0.7233186811208725,0.11954927146434784,,,1,0.9336039755678758,-0.38360397556787573,0.15754687858717187
247,247,0.512,750.0,0.6604041084647179,0.9520508505006002,0.9520508505006002,0.55,-0.4020508505006002,0.06414352332206597,0.15131481865765273,0.15131482481956482,0.8486851453781128,-0.697370320558548,0.13478124588727952,,,2,0.5285605800331986,0.021439419966801432,0.5285373277984174
248,248,0.032,630.0,0.3886011242866516,0.8578638396277584,0.8578638396277584,0.55,-0.3078638396277583,0.11380751749770517,0.19104601399816412,0.19104601442813873,0.8089540600776672,-0.6179080456495285,0.2968313694000244,,,1,0.28840342801431273,0.2615965719856873,0.7809532261799748
249,249,0.064,830.0,0.7157257348299026,0.9594510593295946,0.9594510593295946,0.55,-0.4094510593295946,0.06124491876051152,0.14899593500840919,0.14899592101573944,0.8510040044784546,-0.7020080834627151,0.25921601951122286,,,1,0.579681983828192,-0.029681983828191982,0.46055265580727395
251,251,0.512,460.0,0.7096503600478172,0.9728817790571173,0.9728817790571173,0.55,-0.4228817790571172,0.05629478939194887,0.1450358315135591,0.14503583312034607,0.8549641370773315,-0.7099283039569855,0.18522761166095733,,,2,0.5741306463025919,-0.024130646302591874,0.46789501342239054
253,253,0.064,800.0,0.913612388074398,0.9848176074796632,0.9848176074796632,0.55,-0.43481760747966314,0.05221370457644845,0.14177096366115877,0.14177095890045166,0.8582290410995483,-0.7164580821990967,0.19045643806457518,,,1,0.7431247960082612,-0.19312479600826116,0.2730211942859764
255,255,0.256,1050.0,0.7642977461218834,0.9584047513164093,0.9584047513164093,0.55,-0.4084047513164093,0.06164719101558831,0.14931775281247062,0.14931775629520416,0.850682258605957,-0.7013645023107529,0.1594505488872528,,,2,0.6232348844630845,-0.07323488446308446,0.4042480151381111
257,257,0.0,730.0,0.20241867005825043,0.6818551039317605,0.6818551039317605,0.55,-0.13185510393176048,0.293377992392289,0.33470239391383116,0.33470243215560913,0.6652976274490356,-0.3305951952934265,0.23590623289346696,,,2,0.16796194411264073,0.3820380558873593,0.8418930799240123
258,258,0.512,850.0,0.8700185790657997,0.9801177867247022,0.9801177867247022,0.55,-0.43011778672470213,0.05378618511671718,0.14302894809337374,0.14302894473075867,0.8569709658622742,-0.7139420211315155,0.025448279082775117,,,2,0.7107596799753046,-0.1607596799753046,0.3040591978131342
259,259,0.032,460.0,0.3570415824651718,0.8638378982141887,0.8638378982141887,0.55,-0.3138378982141886,0.10985210570165395,0.18788168456132315,0.1878816783428192,0.8121183514595032,-0.624236673116684,0.2510135054588318,,,2,0.26477489912347824,0.2852251008765218,0.7960490223054468
260,260,0.0,830.0,0.28032926470041275,0.7358603937733131,0.7358603937733131,0.55,-0.1858603937733131,0.22459803050827484,0.2796784244066199,0.2796784043312073,0.7203215956687927,-0.44064319133758545,0.22156214863061904,,,2,0.21274201121683387,0.33725798878316615,0.8236090199564061
261,261,0.0,520.0,0.1337961107492447,0.6633603266740746,0.6633603266740746,0.55,-0.11336032667407459,0.31957284809019204,0.3556582784721536,0.35565829277038574,0.6443416476249695,-0.28868335485458374,0.23803350925445557,,,1,0.13504900318422602,0.414950996815774,0.8526636513363621
262,262,0.032,730.0,0.713656947016716,0.9635345279378638,0.9635345279378638,0.55,-0.4135345279378637,0.05969832155644457,0.14775865724515563,0.14775867760181427,0.8522413372993469,-0.7044826596975327,0.23702184706926346,,,1,0.5777938298308037,-0.027793829830803696,0.4630472253570547
265,265,0.032,460.0,0.504600090906024,0.9290743796082712,0.9290743796082712,0.55,-0.3790743796082712,0.07397578799821064,0.1591806303985685,0.1591806262731552,0.8408193588256836,-0.6816387325525284,0.212621046602726,,,2,0.3848769116833485,0.16512308831665157,0.7003310621107735
266,266,0.0,1070.0,0.5245995223522186,0.8738495799116713,0.8738495799116713,0.55,-0.3238495799116713,0.10349345687698847,0.18279476550159074,0.18279477953910828,0.8172052502632141,-0.6344104707241058,0.24701170325279237,,,2,0.4027477206233739,0.14725227937662616,0.681953445701583
267,267,0.256,540.0,0.9865885153412819,0.9921885901687603,0.9921885901687603,0.55,-0.4421885901687602,0.0498347239816943,0.13986777918535542,0.13986778259277344,0.8601322174072266,-0.7202644348144531,0.20929110646247864,,,1,0.7917433334134623,-0.2417433334134622,0.2330908088657368
268,268,0.032,1050.0,0.7075030952692032,0.945742435098585,0.945742435098585,0.55,-0.395742435098585,0.06671486953117992,0.1533718956249439,0.1533719003200531,0.8466280698776245,-0.6932561695575714,0.2572009786963463,,,1,0.5721640419945698,-0.022164041994569783,0.47050159462465235
269,269,0.0,780.0,0.41250117123126984,0.8499561995424352,0.8499561995424352,0.55,-0.29995619954243513,0.11923358387852498,0.19538686710282,0.1953868716955185,0.8046131134033203,-0.6092262417078018,0.26516235172748565,,,2,0.30710708153531274,0.2428929184646873,0.7677573231427663
271,271,0.032,690.0,0.5587776601314545,0.9283407491777317,0.9283407491777317,0.55,-0.37834074917773164,0.07431152793573438,0.1594492223485875,0.15944921970367432,0.8405507802963257,-0.6811015605926514,0.20705713778734208,,,1,0.43386958697566996,0.11613041302433008,0.6475434653649463
272,272,0.032,840.0,0.6972966487519443,0.9552655773150365,0.9552655773150365,0.55,-0.40526557731503643,0.06286896279419746,0.15029517023535793,0.1502951681613922,0.8497048616409302,-0.699409693479538,0.2184590995311737,,,2,0.5627861268731265,-0.012786126873126413,0.48296214600986975
273,273,0.0,1090.0,0.0686732679605484,0.41852326109160093,0.41852326109160093,0.55,0.13147673890839912,0.706098816210841,0.6648790529686728,0.6648789644241333,0.33512094616889954,0.32975801825523376,0.2802457302808762,,,2,0.10901636289146689,0.44098363710853317,0.8598268193878404
278,278,0.032,850.0,0.6262553837150335,0.9370345759096455,0.9370345759096455,0.55,-0.3870345759096454,0.07042163991088336,0.15633731192870665,0.15633729100227356,0.8436626195907593,-0.6873253285884857,0.28348123729228974,,,2,0.4966320884929112,0.05336791150708886,0.5704159845482122
279,279,0.0,850.0,0.09916174411773682,0.5275465849209846,0.5275465849209846,0.55,0.022453415079015437,0.5373526380129918,0.5298821104103935,0.5298820734024048,0.4701178967952728,0.05976417660713196,0.202239491045475,,,2,0.12060728735949063,0.42939271264050943,0.8567738196061225
280,280,0.0,650.0,0.3817058764398098,0.8506450788496379,0.8506450788496379,0.55,-0.30064507884963787,0.11875213333227101,0.1950017066658168,0.19500170648097992,0.8049982786178589,-0.609996572136879,0.2953732907772064,,,1,0.2831349852320819,0.26686501476791813,0.784468568582705
281,281,0.032,550.0,0.26255927979946136,0.7815645134853585,0.7815645134853585,0.55,-0.23156451348535845,0.17598884961962266,0.24079107969569813,0.24079108238220215,0.7592088580131531,-0.5184177756309509,0.2521465376019478,,,2,0.2018133437807788,0.34818665621922124,0.8284970178459705
283,283,0.0,990.0,0.1937071830034256,0.600143305897875,0.600143305897875,0.55,-0.05014330589787497,0.41719748229510156,0.4337579858360813,0.4337579607963562,0.5662420988082886,-0.13248413801193237,0.2171366587281227,,,2,0.1634535843591012,0.38654641564089887,0.8434920167737365
285,285,0.064,740.0,0.38829944282770157,0.8407161680580805,0.8407161680580805,0.55,-0.2907161680580804,0.12585588321846897,0.20068470657477516,0.20068471133708954,0.799315333366394,-0.5986306220293045,0.21911658346652985,,,1,0.28817170626239214,0.2618282937376079,0.7811096795173018
287,287,0.256,780.0,0.7106173224747181,0.9607977457080538,0.9607977457080538,0.55,-0.4107977457080537,0.06073077177246417,0.1485846174179713,0.14858461916446686,0.8514154553413391,-0.7028308361768723,0.2137478470802307,,,2,0.5750154918161827,-0.025015491816182678,0.46672310054099664
290,290,0.512,600.0,1.4786475822329521,0.9992462463328757,0.9992462463328757,0.55,-0.4492462463328757,0.04765340396801704,0.1381227231744136,0.13812270760536194,0.8618772625923157,-0.7237545549869537,0.1683542475104332,,,1,0.9599799212564043,-0.40997992125640426,0.14883401831087895
291,291,0.0,920.0,0.611028790473938,0.9269618633162482,0.9269618633162482,0.55,-0.37696186331624815,0.07494635851541748,0.15995708681233395,0.15995708107948303,0.8400428891181946,-0.6800858080387115,0.25366733968257904,,,2,0.48238881315078086,0.06761118684921918,0.5886523658291478
293,293,0.512,1130.0,0.881339731393382,0.9738120010607991,0.9738120010607991,0.55,-0.4238120010607991,0.05596623661924145,0.14477298929539312,0.1447729915380478,0.855226993560791,-0.7104540020227432,0.08702742382884025,,,2,0.7193941067864356,-0.16939410678643552,0.295433124707191
296,296,0.512,510.0,0.6265748795121908,0.9573684414410254,0.9573684414410254,0.55,-0.40736844144102535,0.06204805158222193,0.14963844126577752,0.14963844418525696,0.8503616452217102,-0.7007232010364532,0.1368266798555851,,,2,0.49693109103908556,0.053068908960914485,0.5700296016342217
297,297,0.512,1130.0,0.7884399071335793,0.9592798762345498,0.9592798762345498,0.55,-0.40927987623454976,0.06131056493828811,0.1490484519506305,0.14904844760894775,0.8509515523910522,-0.7019031047821045,0.19827786684036255,,,2,0.6442090053941292,-0.09420900539412913,0.37836043903287125
301,301,0.0,780.0,0.17007821798324585,0.6325402226419574,0.6325402226419574,0.55,-0.08254022264195737,0.36580219815810916,0.3926417585264873,0.39264175295829773,0.6073581576347351,-0.21471640467643738,0.30379109382629393,,,2,0.15171537480951686,0.3982846251904832,0.847466127341667
302,302,0.064,490.0,0.39768432080745697,0.8819542041042935,0.8819542041042935,0.55,-0.33195420410429344,0.09858665321484258,0.17886932257187405,0.1788693368434906,0.821130633354187,-0.6422612965106964,0.29039602875709536,,,1,0.295431798402468,0.254568201597532,0.7761267134541995
304,304,0.256,1040.0,0.9303916841745377,0.9813929123148705,0.9813929123148705,0.55,-0.4313929123148704,0.053355187490293936,0.1426841499922351,0.14268413186073303,0.8573158383369446,-0.7146317064762115,0.14194139018654822,,,2,0.754931331045395,-0.20493133104539496,0.26258644042025014
305,305,0.256,560.0,0.6133843287825584,0.9519607250283878,0.9519607250283878,0.55,-0.40196072502838776,0.06417960046110256,0.15134368036888202,0.1513436734676361,0.8486562967300415,-0.6973126232624054,0.13444213196635246,,,2,0.4845909455406272,0.06540905445937284,0.5858559158391348
306,306,0.128,830.0,0.48410578817129135,0.8834798048379447,0.8834798048379447,0.55,-0.3334798048379447,0.0976864956217388,0.17814919649739103,0.17814919352531433,0.8218507766723633,-0.643701583147049,0.2761550143361092,,,2,0.36688096849323487,0.18311903150676517,0.7177625345369363
308,308,0.032,520.0,0.3433762788772583,0.8465847675222417,0.8465847675222417,0.55,-0.2965847675222416,0.12161424084498508,0.19729139267598805,0.19729138910770416,0.802708625793457,-0.6054172366857529,0.2613748133182526,,,1,0.25493669771459576,0.2950633022854043,0.8018384520142412
311,311,0.256,650.0,0.5836306642740965,0.9388779207407766,0.9388779207407766,0.55,-0.38887792074077654,0.06962140888247993,0.15569712710598393,0.15569712221622467,0.8443029522895813,-0.6886058300733566,0.21465376317501067,,,2,0.4568473428539712,0.09315265714602883,0.6203599811227709
315,315,0.064,410.0,0.3565915375947952,0.8705246549234951,0.8705246549234951,0.55,-0.320524654923495,0.10556824097504625,0.18445459278003695,0.18445459008216858,0.815545380115509,-0.6310907900333405,0.2757927402853966,,,2,0.26444705416637637,0.2855529458336237,0.7962465392559503
316,316,0.512,450.0,0.7426585806533694,0.9771188704324757,0.9771188704324757,0.55,-0.42711887043247565,0.05481280640224573,0.14385024512179656,0.14385023713111877,0.8561497926712036,-0.7122995555400848,0.22591249346733094,,,2,0.604031921745114,-0.05403192174511395,0.4287264409776904
317,317,0.0,840.0,0.31598392128944397,0.7663283213325881,0.7663283213325881,0.55,-0.21632832133258806,0.19120662779025963,0.2529653022322077,0.2529652714729309,0.7470346689224243,-0.4940693974494934,0.19488467872142792,,,1,0.2359524827769408,0.31404751722305924,0.8122275759316366
321,321,0.128,1000.0,1.0652206018567085,0.9907709267812306,0.9907709267812306,0.55,-0.44077092678123053,0.05028415340392515,0.1402273227231401,0.1402273178100586,0.8597726821899414,-0.7195453643798828,0.14487868100404738,,,1,0.836146609074755,-0.286146609074755,0.20339660889070493
322,322,0.0,1030.0,0.3215598538517952,0.7283040136993101,0.7283040136993101,0.55,-0.17830401369931004,0.23349269716810195,0.2867941577344816,0.28679415583610535,0.7132058143615723,-0.4264116585254669,0.18141538202762603,,,2,0.2397363391566959,0.31026366084330415,0.8102368846185768
324,324,0.032,910.0,0.19233771413564682,0.6214666338918414,0.6214666338918414,0.55,-0.07146663389184138,0.3830921203026275,0.406473696242102,0.40647369623184204,0.593526303768158,-0.18705260753631592,0.2896055907011032,,,2,0.16275378302871873,0.3872462169712813,0.843736534173398
328,328,0.032,1080.0,0.6413864023052156,0.9239454056477846,0.9239454056477846,0.55,-0.37394540564778456,0.07635252533827024,0.1610820202706162,0.16108201444149017,0.8389179110527039,-0.6778358966112137,0.25793845355510714,,,2,0.5107914262391109,0.039208573760889154,0.5519824597587212
330,330,0.256,630.0,1.1019249856472015,0.9950456617702963,0.9950456617702963,0.55,-0.44504566177029625,0.048940512720179005,0.13915241017614322,0.1391524076461792,0.8608475923538208,-0.7216951847076416,0.14560155868530272,,,1,0.8541138392614582,-0.3041138392614582,0.19308267906956744
332,332,0.064,730.0,0.34088726341724396,0.8088671033863649,0.8088671033863649,0.55,-0.25886710338636487,0.151128071872458,0.2209024574979664,0.2209024727344513,0.7790975570678711,-0.5581950843334198,0.15157136023044587,,,1,0.2531708747534645,0.29682912524653554,0.8028477392516471
334,334,0.032,500.0,0.05920746922492981,0.5832016383152792,0.5832016383152792,0.55,-0.033201638315279114,0.44488875932609206,0.45591100746087365,0.4559110105037689,0.5440889596939087,-0.08817794919013977,0.2652682036161423,,,1,0.10562178490748553,0.4443782150925145,0.8606815687145843
335,335,0.0,1190.0,0.3566339612007141,0.7242176165579642,0.7242176165579642,0.55,-0.1742176165579642,0.2384037713585272,0.29072301708682174,0.2907230257987976,0.7092770338058472,-0.41855400800704956,0.24567514955997466,,,2,0.2644779474615821,0.28552205253841795,0.7962279405918223
336,336,0.0,650.0,0.11160320788621902,0.6016966688828335,0.6016966688828335,0.55,-0.05169666888283342,0.41468172539194276,0.4317453803135542,0.43174538016319275,0.5682545900344849,-0.13650920987129211,0.25090738832950593,,,2,0.12563509342519705,0.42436490657480297,0.8553825544492023
339,339,0.128,700.0,0.5527637246996164,0.9255232317218494,0.9255232317218494,0.55,-0.3755232317218493,0.07561400493620717,0.1604912039489657,0.1604911983013153,0.8395088315010071,-0.6790176331996918,0.20411329716444016,,,2,0.4283480782693715,0.12165192173062855,0.6538602290382625
341,341,0.0,830.0,0.024197444319725037,0.44178459489913063,0.44178459489913063,0.55,0.10821540510086941,0.6729231631289166,0.6383385305031333,0.6383385062217712,0.36166146397590637,0.27667704224586487,0.1904875785112381,,,2,0.09386530686347916,0.4561346931365209,0.8635103476464354
342,342,0.0,930.0,0.2401103377342224,0.6696039189278831,0.6696039189278831,0.55,-0.11960391892788302,0.3105906392412546,0.3484725113930036,0.348472535610199,0.651527464389801,-0.30305492877960205,0.24710742235183716,,,2,0.1886143860068538,0.3613856139931463,0.8340231973337399
343,343,0.128,930.0,0.998799242079258,0.9882740667620786,0.9882740667620786,0.55,-0.4382740667620786,0.051085058308167265,0.1408680466465338,0.14086805284023285,0.859131932258606,-0.7182638794183731,0.141826793551445,,,1,0.7991801046708964,-0.24918010467089635,0.22768070671035312
350,350,0.064,650.0,0.6683630901388824,0.9588353278858958,0.9588353278858958,0.55,-0.4088353278858957,0.06148134991939742,0.14918507993551788,0.14918507635593414,0.850814938545227,-0.7016298621892929,0.1700594797730446,,,2,0.5359781968072431,0.014021803192756921,0.5186821354501857
353,353,0.0,610.0,0.1087988018989563,0.6099215844506183,0.6099215844506183,0.55,-0.05992158445061824,0.40143794755405804,0.4211503580432464,0.4211503565311432,0.5788496732711792,-0.157699316740036,0.2824817508459091,,,2,0.12448634539654525,0.4255136546034548,0.8557040967315812
354,354,0.0,970.0,0.7178128808736801,0.9528142824883851,0.9528142824883851,0.55,-0.402814282488385,0.06383867915707978,0.1510709433256638,0.15107093751430511,0.8489290475845337,-0.6978581100702286,0.24512146711349486,,,1,0.5815845329246895,-0.031584532924689435,0.45804219862065776
355,355,0.0,900.0,0.5160111337900162,0.8907261062024602,0.8907261062024602,0.55,-0.34072610620246013,0.09351035954052729,0.1748082876324218,0.1748082935810089,0.8251916766166687,-0.6503833830356598,0.2605889499187469,,,1,0.395038735552051,0.15496126444794905,0.690009306327207
356,356,0.032,880.0,0.6224783137440681,0.9337274851666373,0.9337274851666373,0.55,-0.38372748516663724,0.07187864829499414,0.1575029186359953,0.1575029194355011,0.8424970507621765,-0.6849941313266754,0.20452153831720352,,,2,0.4930975301639764,0.05690246983602365,0.5749730182157894
357,357,0.064,680.0,0.5398712754249573,0.9227732052409395,0.9227732052409395,0.55,-0.3727732052409395,0.07690546562452603,0.16152437249962082,0.16152438521385193,0.8384755849838257,-0.6769511997699738,0.26000396013259885,,,1,0.41657287627160083,0.1334271237283992,0.6670319213577659
358,358,0.0,490.0,0.4761205166578293,0.9165568128082685,0.9165568128082685,0.55,-0.36655681280826846,0.07989958990139369,0.1639196719211149,0.16391967236995697,0.8360803723335266,-0.6721606999635696,0.22228210121393205,,,1,0.3599653510298089,0.19003464897019112,0.7241689727301794
359,359,0.256,620.0,0.6048325188457966,0.9464525557523773,0.9464525557523773,0.55,-0.39645255575237726,0.06642070714675406,0.15313656571740325,0.15313658118247986,0.8468634486198425,-0.6937268674373627,0.22309134155511856,,,2,0.4765995642570771,0.07340043574292293,0.5959600436678272
360,360,0.032,450.0,0.34453414287418127,0.8579223921921969,0.8579223921921969,0.55,-0.30792239219219686,0.11376815449656959,0.19101452359725563,0.19101452827453613,0.8089855313301086,-0.6179710030555725,0.3370955675840378,,,2,0.25576089599679613,0.2942391040032039,0.8013642873335554
362,362,0.064,960.0,0.7782713621854782,0.9649209701609414,0.9649209701609414,0.55,-0.4149209701609413,0.059181580564411355,0.14734526445152907,0.14734527468681335,0.852654755115509,-0.7053094804286957,0.2186308965086937,,,1,0.6354368518765506,-0.08543685187655059,0.38906717695278015
363,363,0.064,1130.0,0.35082195699214935,0.7328745950828798,0.7328745950828798,0.55,-0.18287459508287973,0.22808361027688828,0.2824668882215106,0.2824668884277344,0.7175331115722656,-0.43506622314453125,0.31338101625442505,,,2,0.26026717331567856,0.2897328266843215,0.7987368983813841
369,369,0.0,670.0,0.04256966710090637,0.5123068033698828,0.5123068033698828,0.55,0.037693196630117276,0.5624934906257713,0.549994792500617,0.5499948263168335,0.4500052034854889,0.0999896228313446,0.2648735225200653,,,2,0.09988085336543767,0.4501191466345624,0.8620879985907559
371,371,0.0,1170.0,0.02112467586994171,0.34098459826029615,0.34098459826029615,0.55,0.2090154017397039,0.8011402163223519,0.7409121730578815,0.7409122586250305,0.25908783078193665,0.48182442784309387,0.24988811761140822,,,2,0.09289146948778336,0.45710853051221667,0.8637357762611032
373,373,0.256,720.0,1.2470764820463955,0.9972876295955952,0.9972876295955952,0.55,-0.4472876295955952,0.04824949655295932,0.13859959724236742,0.13859960436820984,0.8614004254341125,-0.7228008210659027,0.1672277495265007,,,1,0.9097531742477634,-0.3597531742477633,0.16663860845781248
374,374,0.064,680.0,0.8477915152907372,0.9819000580393523,0.9819000580393523,0.55,-0.4319000580393523,0.05318467763904005,0.142547742111232,0.14254774153232574,0.8574522733688354,-0.7149045318365097,0.1518774777650833,,,1,0.6933584344628907,-0.14335843446289065,0.32218828717379544
375,375,0.032,850.0,0.5218647550791502,0.8990958545060396,0.8990958545060396,0.55,-0.3490958545060395,0.08888662197962124,0.17110929758369697,0.17110930383205414,0.8288906812667847,-0.6577813774347305,0.2739413559436798,,,2,0.40028756241959274,0.1497124375804073,0.6845451922848865
377,377,0.0,510.0,0.43530239164829254,0.8976874868146086,0.8976874868146086,0.55,-0.3476874868146086,0.08964994794199711,0.17171995835359766,0.17171993851661682,0.8282800912857056,-0.6565601527690887,0.2770386189222336,,,1,0.32556335342833176,0.22443664657166829,0.7536109281552351
378,378,0.128,680.0,0.8935141116380692,0.9854890640603567,0.9854890640603567,0.55,-0.4354890640603567,0.051992623673702325,0.14159409893896185,0.1415940821170807,0.8584058880805969,-0.7168118059635162,0.19922711253166198,,,1,0.728501684092215,-0.178501684092215,0.2866055422296927
379,379,0.256,510.0,0.5773737840354443,0.9463356041727776,0.9463356041727776,0.55,-0.3963356041727776,0.06646907049446633,0.15317525639557306,0.1531752496957779,0.8468247652053833,-0.6936495155096054,0.18605795949697496,,,2,0.4510413031227603,0.09895869687723974,0.6273588249987943
380,380,0.128,400.0,0.42385962195839966,0.9044932597432849,0.9044932597432849,0.55,-0.3544932597432848,0.08601531934069812,0.16881225547255846,0.16881226003170013,0.8311877250671387,-0.6623754650354385,0.24618030935525895,,,2,0.3162287360064918,0.23377126399350823,0.7609075439122336
381,381,0.256,610.0,0.9956440702080727,0.9918732366503379,0.9918732366503379,0.55,-0.44187323665033784,0.04993436741616788,0.13994749393293426,0.13994750380516052,0.8600524663925171,-0.7201049625873566,0.14754370898008345,,,1,0.7972777367085399,-0.2472777367085398,0.22904745088868878
383,383,0.256,760.0,0.8084479738026857,0.9759628652576691,0.9759628652576691,0.55,-0.425962865257669,0.055213450568096234,0.14417076045447696,0.14417076110839844,0.8558292388916016,-0.7116584777832031,0.21884637773036958,,,2,0.6611854955461614,-0.1111854955461613,0.35818702761139093
385,385,0.256,770.0,0.7735878583043814,0.9712650823388411,0.9712650823388411,0.55,-0.4212650823388411,0.056870122689588874,0.14549609815167108,0.14549610018730164,0.8545039296150208,-0.7090078294277191,0.24489847272634507,,,2,0.6313656264887898,-0.08136562648878976,0.394096590188845
386,386,0.512,400.0,1.1461854800581932,0.9969733685655217,0.9969733685655217,0.55,-0.4469733685655216,0.04834579654381495,0.1386766372350519,0.13867664337158203,0.861323356628418,-0.7226467132568359,0.1968454524874687,,,1,0.8735734633408594,-0.32357346334085935,0.1829314988760754
388,388,0.064,1010.0,0.5850121323019266,0.90925726285887,0.90925726285887,0.55,-0.35925726285886994,0.08355105944458552,0.16684084755566841,0.1668408364057541,0.8331591486930847,-0.6663183122873306,0.2219771772623062,,,2,0.4581309069186271,0.09186909308137292,0.6188015186839053
390,390,0.0,1000.0,0.32620373368263245,0.7398172420363511,0.7398172420363511,0.55,-0.18981724203635109,0.22003742705943619,0.2760299416475489,0.2760299742221832,0.7239700555801392,-0.44794008135795593,0.268380469083786,,,1,0.24291925605488573,0.3070807439451143,0.8085319125105197
392,392,0.064,930.0,0.9719650354236364,0.9866435474255073,0.9866435474255073,0.55,-0.43664354742550726,0.05161457056533329,0.1412916564522666,0.14129164814949036,0.8587082624435425,-0.7174166142940521,0.19998645633459092,,,1,0.7825726053846327,-0.23257260538463265,0.24001309546984212
393,393,0.0,420.0,0.16475437581539154,0.7213106216778917,0.7213106216778917,0.55,-0.17131062167789168,0.24194036047634496,0.29355228838107594,0.29355230927467346,0.7064477205276489,-0.41289541125297546,0.2796997964382172,,,2,0.14916815969445243,0.40083184030554764,0.8482935235516391
395,395,0.032,1110.0,0.4338230639696121,0.8086384647508287,0.8086384647508287,0.55,-0.25863846475082863,0.15132372040571257,0.22105897632457006,0.22105899453163147,0.7789410352706909,-0.5578820407390594,0.24964541494846343,,,1,0.3243485434648463,0.22565145653515373,0.7545770660369464
398,398,0.128,490.0,0.5764550000894815,0.9473221554846154,0.9473221554846154,0.55,-0.39732215548461536,0.06606212277630273,0.15284969822104216,0.1528497040271759,0.8471503257751465,-0.6943006217479706,0.1950953036546707,,,2,0.45018980526130453,0.09981019473869551,0.6283781355319348
399,399,0.032,400.0,0.2471591681241989,0.7989866884283707,0.7989866884283707,0.55,-0.24898668842837068,0.15977391010403752,0.22781912808323002,0.22781912982463837,0.7721809148788452,-0.5443617850542068,0.276811408996582,,,2,0.1926859827951354,0.35731401720486466,0.8323612864429453
