source_trial_id,n_repeats,n_sure,n_direction,p_sure,variability_class,mean_confidence_projection,sd_confidence_projection,sure_minus_direction_confidence_difference,input_sha256,metadata_sha256
19,100,0,100,0.0,stable Direction,-0.05781493931571064,0.12882806799546842,nan,e5c1a4f1091774ea43d682719571757699ad3111b75c647983d75aaf085ad95d,eb7bab543a411b7f61e11afe35bede0124f38f70c165416dc8550fcfadd3d5dd
22,100,0,100,0.0,stable Direction,0.23047784368951052,0.10677837505689684,nan,aec9cfd44ad1c717e590fc88205ec31b7b029ee8f621536b6bdc6c8404920765,a0861c960b96176d61a22536dec87cdcad926fa3afbfcdf651005711e1e0e431
25,100,0,100,0.0,stable Direction,0.12140820543699561,0.0842889159139584,nan,33678b7a7562fce7f3da0d33e4ea84fee80961379a761b4b2b40c2c4c63ed874,b89189725b60ceb99721cb3870e98e13b1f4736c5b7a58e58b115ee8d57b746e
28,100,0,100,0.0,stable Direction,0.17067198105285683,0.1072991319979575,nan,40611ed2949584cba24fbe52c614047786f7554888605dcfc891971eb61c091b,8502bd54facdbc198b62ea4524efe3087899d47c3bf655bf38a61a5fe1972f7f
32,100,0,100,0.0,stable Direction,0.30975638157473034,0.09943532550539677,nan,6ef3b5f6d4bc2f1bd0c18a62cfb19cbad3b08063c395698d459851ec6318669f,93451a4c1d1bbee86a34aed25d623c458cfaf4c56fb7ab3c9f098187b9be2abc
33,100,0,100,0.0,stable Direction,0.18887561274502832,0.11903959124626991,nan,83cd8ab59c931a106a74b7fb22b35d5408bb01e7181503f65a4ea6b6d7120727,d7b25fe80ceb95cdc9d503b1ff47a3c93cbd255745fe435699a74969da196390
38,100,0,100,0.0,stable Direction,0.026418804596629143,0.08966377105083517,nan,7e199a38a1d3a09ba1feac8c4075c629c55fbd826cbf65b606caaefd02a80db2,d9a64975ad35665e3df3a602b1ff89a34c3231df6d4d097305cb7b5dd2e2e534
47,100,0,100,0.0,stable Direction,0.2980116862474869,0.10185845660615125,nan,4b74c4c2337c56554bbb7ae54640b00070eee164d3922171993771d6d801a94d,6e1895d20ed3e58dc9764b376125c48b391ef0921bc7fec2950f35307dbdc52b
58,100,22,78,0.22,variable,-0.05068644000569548,0.10939313028828654,-0.10015584677579334,15592d0a97d88400fb7571a6b8bb943aec51bae9ca65101d71a85af8b764496e,043948270d12e638b49be49e8af03d7be02adbb0a090e90dc75204b8258ffdb7
73,100,1,99,0.01,variable,-0.18922247703507344,0.12400314456859049,0.07003375258191862,83340e911dd0bf166244b005c86f1334eff7576cf8b27e81ac1214b3df4b67d1,a5167ae3fba4fa7812737a4d69c8b29a628f505003337636491f610504aeff7f
75,100,0,100,0.0,stable Direction,0.18689853126042025,0.0942905846242927,nan,6861fbcf2af747ae697549cb561451aae43914e64375c5cd2191637f0631fe53,6488da9269233d6e818f467fd1c9b88ede190cbbc0b131a61644262e6cfbd1ad
77,100,49,51,0.49,variable,-0.052849371563839315,0.10647835199354257,-0.03295711669673103,a4418602cc9876fc2725954d2e963cdf05ab92194201c1ae3f0f7cfc5abf9329,1497c2f41ef0e38d1ca263009148caecb770e3b8daddce779b363c14aea47c8a
89,100,0,100,0.0,stable Direction,0.13878559098636975,0.08121850956157951,nan,2d9bf7249af491b58d2b042da030f90680d14d5dcdd29ab498ea0355984f68c9,978e486e2f2c64f19252564e64cfc8c79f2b865a25c2d04181899be418b8b256
112,100,0,100,0.0,stable Direction,0.11994516999930072,0.10445935641552788,nan,b92a8e33906985b8159f691e99bdaf1e00ef2b28b755b577d1c7b5e14cfe763a,957950330084217ffa7d1c5c9538be08cd3b52975b0b8c89787322cf23b4a88f
116,100,0,100,0.0,stable Direction,0.1607152109539866,0.08725888298382972,nan,25c9c82a322f5da23f33f26368bc4e99454db7a9920399c2ad6bfba58253e742,4b5554ede111da91b243258a657f9db00562d73f94e9a329ea8fd666f00a2436
139,100,35,65,0.35,variable,-0.07098672884694338,0.10719640680020565,-0.05091030948628269,a7707501ac29358dfae37c2d89d306e7ad62a3627614adabfc79bb45b8d13c6f,6d7366b10f7e31032ef539ca3a9d18c08699724f7a5db8b3ca1f62ed50cea4a5
152,100,0,100,0.0,stable Direction,0.11344694820707855,0.08425509716502198,nan,97c5a73e175199d4ea8d80175fa17390b9ca865569f39bc58c6753bd299897d6,0cf1e4af05b41256785a32a8ce8865035b881cb5746b8a6ba8619a701b92d18c
171,100,0,100,0.0,stable Direction,0.1457583121610736,0.11227385492714499,nan,ae3421cd00259385bff16430bda878b94882b944428ec1700aeb4287cd0d9afe,ad5f786a2ff476829459a6ee58567fc9b81acf70af90488568ac57255fc7141d
188,100,0,100,0.0,stable Direction,0.17995906706849765,0.0975751040526573,nan,b00f23c0b28b9a72ad1eea16af91b9d2df8340c54c10b0d50a4a2fc14522a81e,59e9d616f6b7332519ccdce52a145d2857cad384d7d4bdfbb9b3418b9c790d30
209,100,0,100,0.0,stable Direction,0.14023980879157466,0.08757392758858681,nan,9ee8b09a8bedb7f0231a44c102dbf24ad6f382ca4728fdc6f83e0a4b2394c9e9,169ff792f85d4777887a0633d8ef4ef2510d654b92a7fc811f01bb175a9d30a0
215,100,73,27,0.73,variable,-0.10168707074794449,0.11813724843542565,-0.016451115605955094,36a87ee2842df553fbf5e2f970ba1ac3f5c04123c160787e9bfb6e624e3a509c,28a1c578c90c5316b25689fe9b4609ef051d380b09ac16df5b208f6f71d9791e
226,100,0,100,0.0,stable Direction,-0.02186930760972068,0.10685284129200646,nan,25d5a469e7d8db4689ee46fc7dc3ec4c9e59a4fa9cb7a3411e41c5ffcbf27e0c,ad718db44f43c4bdd9392181147d08bff1fe39f2c43610b4aaf38fd3d5967dca
245,100,0,100,0.0,stable Direction,0.20109209895024577,0.09221355890930226,nan,debaafdc374e824c9b8811bbd2e6458460c471e22d0b0546a927590ab84e155b,6b7811f12e25baf59f70457086b927457a94e73e3213999fa8036dc4d599dfd4
249,100,11,89,0.11,variable,-0.06459142094184472,0.10316283889112415,-0.1254234630313652,c49b532e5f935577a1159bb9bb99ea558628bc60695961fb20924120e3d54bb6,cc0fcb3fede9c37844f5e6772f859b179f9e1c1c9a20d1127a999ed0a595c7c7
257,100,30,70,0.3,variable,-0.09930031714174317,0.1223980800996518,-0.03582390154597599,890c3c4cffc4b0d0c6fe1f0041f6ece4b68a760273f866149b65b5dad516fe2f,647988927218603f3c9cc08769dd4a9b9ff3bac8be189e1351906f0d22eaf7a2
259,100,27,73,0.27,variable,-0.13443365419923206,0.11606937068531299,-0.013357872548517613,1380e3b9757a8e51983b6797390998e0efecbff3584e79dc06c2b05e2d12c29e,b8c5fabacebfe41dda8c107517d41611a5d1f92a085cfc31e7b8d6c2fa59d59a
266,100,3,97,0.03,variable,-0.19570499383845413,0.1363778734557995,-0.04075620102948915,c01f73580bff87ad433410ecf036401059c45a831da6eb58fec2e4648d9601c7,48df26f8c92dd014e78657baf260483258abe11aef68c1620e2960d60a560ee6
269,100,75,25,0.75,variable,-0.15484878805696733,0.12104964544549221,-0.028294795270352724,0dd8bce81e2ff86e0d5af24a773efeba55f6a79c1595f5b6a5fcb536e837fe8b,a47e1a9875508b2ff841c4c507ee91b6778a951d4efd092c04c0dcaf08e74fc7
272,100,1,99,0.01,variable,0.028257039537286935,0.12432668283947362,-0.2356684378298014,13003ab005d84efeb623366c5e086cf404cf2aec6f642d6a6e896053be5f2dd0,5ee0a5d233c62771b2957afa1d4463dd09b05d9b4e368fbed2b36a6462f8d1d1
291,100,55,45,0.55,variable,-0.13384083316584156,0.11565654528175597,-0.07989934125164659,665be6e002d10c30878f1badd9b7abb2aa29225d95d15b320850d19af0722431,ceb161d681a292cf3db77cb89f5a8762835aae18f967152ceedfe239de0dc64e
296,100,0,100,0.0,stable Direction,0.27671542092750195,0.09718948096848512,nan,73b1e9d2037900f0a1000f35bc12b9601b441422681cfa17b02181b677e4e60a,ce30eb62dc5155f96b15c931ae9496a70aa94eab2784eca4f964a4697e8f6d3e
311,100,0,100,0.0,stable Direction,0.21269040084688423,0.10369930620655686,nan,205be7bf095af70e7299c135e69fb4d6ca12c4182340dd58bc550c548fe39cf9,f809222642d16e049f7b63ffa482e329801ba05f4a1ff0ad5db51c8ca73a3770
324,100,25,75,0.25,variable,-0.004306781927098599,0.13085451346552543,-0.13501298719940036,0bd7355dedf928f7a3fac55edac3bff0577127ad2d52957263c00e3f09b9b422,c3aae3119e75eb6432964a186bdb84f8e2e40c9bb81aea5d4bb86cb698baa6de
328,100,0,100,0.0,stable Direction,0.10448839199429823,0.10775243734674793,nan,d5b2791514b55bf336dc8b2329faaa8a4726f31af2a04ebd55835b55da8b2ef0,82642f659ee287a03fcb6eb055741701b27978ae0e0c4379bab17fa6e6828ab3
334,100,90,10,0.9,variable,-0.10509228623738735,0.11010071957162397,-0.03169217504037196,7c4ee23fc5642b4a72c4494229452f459676939ad7abe9c8e2e3759235244dd8,65df09bf4207c7777548cb47d57175b0eee1fb6fc5727bbaaa6ebe52fabe737a
339,100,0,100,0.0,stable Direction,0.11648602920633082,0.11178294549693477,nan,7193aeeadc023f09f0da71b9002b8dbf4e2b93d3fb2d345a82147c073896b517,04ab9731cbabfd21a749d1c5c9318525841e288726d3f5d64261802f1f06ae63
353,100,43,57,0.43,variable,-0.011009194498738906,0.12023528803641947,-0.07451988913423784,20a48279e7526b448dc461ae2ff730566807dc916303a9ce06b5ed0a704331b7,ccca18c333640b9383743f3c4099c87464f8a45de78105349a49ef0b05c5454b
359,100,0,100,0.0,stable Direction,0.17093430803561793,0.10175323226371054,nan,618cbec98262ecc9599e2b40ef1e16215990757be46259c6427abf36b2b62ee3,cabd928f212745bff0b7077a2576d72935273e03bbb6af74cf7047ca41374faf
369,100,49,51,0.49,variable,-0.08845681170050287,0.12997282436571508,-0.06723480812230716,75314b41e32041f5f07fd146bee7ab486332e09dcd5ec7130b582aa9c0d7f7d5,05f107f91ab2c2df7443656be4bdb2757d63ec4553b2c2b26ac4b6e1184f2e50
390,100,70,30,0.7,variable,-0.1935124812945811,0.11816927023651075,-0.10650131967268896,edcfc2804e91347c23fe78420cc3f0e701e7a589a6c6779c6a1df17c81711964,97640c9c822cce312dddea0694b175dcc6b755f9b23bc61668b0dd2e11732c60
412,100,0,100,0.0,stable Direction,0.12204044823779084,0.10875774063331,nan,f4fc2188524ba7ce5afa136bd66f06172bf086ad4066baf557037d662c31a1cf,b2e9f423e191930ee1c2246e1a10fdc8416efeac1d1ca0e50ec46595e3b0cb8c
413,100,0,100,0.0,stable Direction,0.07176225103423894,0.10357517620429403,nan,c9ea14412c567ec9e912e74785a26e5481225e1f91ba4652e71f76845adef2cd,061f03aa1098802714d7739ac5ff7496cb91fdc017e0b9d802c1fa5ea19e3fea
417,100,0,100,0.0,stable Direction,0.09630168302020939,0.11452220270865521,nan,634d9f5669c7e25d04fbba4b691217544948a01c9f5242e7bab020f0001cbf16,0bad1fe0cd6651d8467a84b09c24269489cbbd222fe6f7b2f429bc41e365dea8
418,100,0,100,0.0,stable Direction,0.08738574160517526,0.09393817588556559,nan,1b1f64db8192f27bcb982bd0d959c227684bef33d73aaf6338d1f98ec66157c4,662147c7952e2d15cd7d928eb22aaf91e936cc96703f1d38c38cc03df84ce7ac
463,100,91,9,0.91,variable,-0.10239888580554343,0.11083702692897072,-0.0735202836364324,55d4549972a21ddb2547f60aaf2a4b80a3ead9720b62bdb2f2bef1e76a203a6c,8bebe5f1fa7c9afbbfee940a2769f507ec1a044c9135c65e070201239c23502d
467,100,0,100,0.0,stable Direction,0.19823407759817496,0.09015828654490897,nan,1d5e492a84db34bc316936a2fa1bd32ec3cb7ccdb2a628a0cadcf45c66fb3f0f,57b357194e9eb4a76a6bf9d03dc7e2f6374de488217d4192a2bc253787364324
469,100,0,100,0.0,stable Direction,0.08826418172529218,0.08769466065034744,nan,0c55237c6ad410aa5e6d78d231fd42c2cf1b13c93736903747ca3681a055222b,6c9f35852584d9dfcc57f06c3d0b07ef08c4c4278e6141acffd822095de33eff
470,100,0,100,0.0,stable Direction,-0.10614254676137762,0.10810607563746605,nan,d7f45cf4e2f5b185d32722eaf7629e0686a3cfdb3e09ac66fb94c3a925c10ee5,6e23957e75021d580bd761ef1650c6569d01e152191f38f84873786d3f75e36a
473,100,0,100,0.0,stable Direction,0.26046127812587283,0.11001303060478293,nan,4346fdefcb2a25afe31c9959115f2de5844f4ed1712afe4b492659dc29eb4cc8,580674294204e58a385f8001b691de555bfcf0cf8e9aee48bbb21deedfd47e3c
480,100,0,100,0.0,stable Direction,0.33204675832347513,0.08816309203594047,nan,ec948f3998b1d103696af0d443be2dac9f9c7b323b9ca3f8f71b3fb9eb65f9fe,c7e6b5bece76800ceaae60e5b7f3abcaf71f6ce30dc4126b1feac8ed5e216945
526,100,0,100,0.0,stable Direction,0.11955881503953691,0.11061027002625445,nan,21b321aad2b9f5445d32e5acc6c4dc96b58b7d93aa7d234200174e3ba5aae21c,d007a2b854a87d99c6c78ff4c9441df7902bb5f66be8229b6cb7523ba039dfc8
575,100,5,95,0.05,variable,0.010212530375153094,0.12437356948323053,-0.15411923579722842,31393f6939bb09b921e4764e4206bb7454be3fea8bf781752a90689d0b7110b6,e3bef62058482a6f0608bc06044a7c8618dfdd02bf8d9e8990e17bd9aa0cfc68
601,100,0,100,0.0,stable Direction,0.2350281569628509,0.10722049645732297,nan,91a8c163bce22def304fe39834988519c26e8ebc286a76db33c6e9bcdc40c454,c297d6307429809f75b6aa0b9c2bca8a25e62240d2fae487b8f6b78074d01a4a
604,100,6,94,0.06,variable,-0.046982408240535074,0.11503790564372868,-0.09945285628062599,e29a96c27a9f310da879bf54e0d6ae05c1301b53fbafb86fe38043923e36b535,0842c1245bb4f8d72f22c6eaa2d26d35b7ddb051fe76aad18efe13006a35023c
608,100,32,68,0.32,variable,-0.09699608143146138,0.11183599033916763,-0.031067735872415292,e617c2febb5324c8be5ab7852a8d5d08560cf112a4a01e500cabb7ff2d461c29,e474262ed97b63716097ac8bd8bf2e762d5208a44029840499197c733c72225b
613,100,50,50,0.5,variable,-0.14436023782563312,0.11044222900263388,-0.01335848314174698,29d258bd19de3a6df83ebd0f10b08de0721d21d3984ee99870c47354e2e50e75,a02b271376e9e94938e28179326812234eca3383e0c409088e103f434e1e12db
620,100,0,100,0.0,stable Direction,0.1548790921978008,0.10652361069654237,nan,6fed347bc1892c6cbbeb78704dcc66b2c5ca21f3184c4a67238350b37e5b993e,1c608f0747e7811170993b17307df1fc744b45066deca3e72384ca2ae57297f7
628,100,0,100,0.0,stable Direction,0.21916841550211316,0.09609473177594975,nan,95f4b3d3b3069ec39a7afd6a9781b25f5f634916676f043eb91a9da9249f477b,bb22a167991a1afa4abc301154fde6bfe49177a64233c9b528f24d9231866592
649,100,0,100,0.0,stable Direction,0.14755551188949528,0.11042329931717568,nan,eebd4597a7e40584f6cf563353923e764ad029338816884a914f60066faf9aac,8be2597a75cf58f7626ac7d615b4e8c60a4bae451adbbf67f41f50c92004b52f
671,100,0,100,0.0,stable Direction,0.1374179995162892,0.10215136483896628,nan,617de2644a5cba66aaf9818bd5b6394870ea23cb56fd9adbacb5db19d721151a,5f25553fad17e4889f99c5367100ce211961976b07cefef14df7f15e0c9a3ff2
706,100,0,100,0.0,stable Direction,0.12669101523574902,0.10253828625305869,nan,49ee00273279aafdd3417aa8df432aea4f0a9dd94f05e293f36af3a8a7f48199,a6b32151e75c62dfeee7f8320cde84da62191c99808d9ec4b9bde771f7b6d147
717,100,0,100,0.0,stable Direction,0.007077778398778434,0.1075384340041678,nan,b9645780efbbb30925eaef2f28b01fc3e7843aa5de703468c6cb7ae7071b8f73,cbf764ee0ccd40dd8fa18271301de0a19d45af39bfa23c762253312cae520386
724,100,0,100,0.0,stable Direction,0.15299845273854634,0.09258546310552328,nan,22917498d846d4d60b1e68482da781ce1258959f2636b69804491024d7ea93e2,63bfa3a9a65231a7d24516216bdf822db73073a1df290b906004cfe93ff8c9a7
726,100,60,40,0.6,variable,-0.14180832653083908,0.13415598797071904,-0.11231011807590251,8af19f8ec31dc6377df8ae319b10733f73277ad93149dd92e5259035991c0f5f,71286cefe6cf6db3f4fde1f65bc5a55eda69958da0aa3319549b85d471dd9bba
762,100,0,100,0.0,stable Direction,0.0661423382081961,0.09512683267008076,nan,1a62acb95a5f6f55ef3eadb0141b12d2f1946545c88a3833a30bddd044a9d45d,a7df55f9fc6824c4a9637ef8a0698a453946fb8bbcb7606069f61d6a310b7d49
775,100,0,100,0.0,stable Direction,0.1581229236075349,0.09774101972477589,nan,a59af57c5c1a454d6c01ba0bcf05ed09777be126810da21510e95b98f68c0d72,f3c02e38392789e48db2f2b6b7f9810ec1f2b2b32414dbd44725b070112f90c9
788,100,0,100,0.0,stable Direction,0.1002136943297918,0.08658338880404912,nan,93335b719bc6f3616468c3c79361e570b5849de58c5e4468d86a6750f83e67e5,bbbf70946760c0dd4f8c339a438f93f6d1bc9b18f57e80b531769280280aa458
794,100,0,100,0.0,stable Direction,0.15710484411168196,0.09594054963250588,nan,f783f9d09ee6e163c599787d99348fd2be972960d9a09d0fef052b4e0797aa56,5980094c042872d6b27873aa12d76efdd2ea0636e962f7d39746aab537b06dec
800,100,42,58,0.42,variable,-0.06545669897881494,0.11002634656785533,-0.053959738219491196,023b2393675b68c3acebbdf2de3c89be36b1f775ebccfee5efc2a7dac6959e81,a0ef83a03dd18a0c66f8c328ec1bad2523ee758a516e823f9bd0a57a6a324ba4
828,100,0,100,0.0,stable Direction,0.112714684073121,0.10123897321193423,nan,d9a34ad74f04eb6c8a4402394e64d5d53c576eebf74947319e50d03026c45b66,39616c713bd9afd60cedeba63de6c7e362d30975a421cbffd9f9c7003cb2be8e
829,100,0,100,0.0,stable Direction,0.12617394318184677,0.09906879870948798,nan,65951740baa1c3186f87d361bfda599e6783e9d2892bd186bb4e03f0cc85f39e,aac0bdf47fea5f6ac1903321e53905f245bc30426536688c8b24f0af5be2bb8e
832,100,0,100,0.0,stable Direction,0.2574420803943768,0.09811960270929684,nan,19255666d2cd6238b0f9cabe876dad2a7f21c0c635a643f4da85dc8acf79ed00,7d22d8472c794228ba4c22a4575bcfeff717d1a6d4801b5b214a05705bd449e5
910,100,8,92,0.08,variable,0.024315638809085795,0.1103683445926462,-0.13302188828486242,89c6c118c29fa6e33d96e2e30f3efbeaf4d40b77b5ff4090429a1f3f95fd714f,98b39f1b281cf05d60345a54a9fcf7c5dbf1f21ac0737a60ac021cf3108bfed2
916,100,90,10,0.9,variable,-0.12498886257162088,0.12021175313826948,-0.08421571561375937,6f2fe781aae92fbcb46350cd047c4454001651bab4e14ac10d4f2001c4123c99,433e1ecbaa94b19753c8cf1dbc258ebd046aba287150e8ba56c73655203bb5fc
973,100,0,100,0.0,stable Direction,0.3720693840920753,0.12461103322287569,nan,44bce51e0e9c68b83e328577dce0788e7bb36ea89bd4992121743d7b63a29a9b,d9cd7212d1b3c47314021245241816403dcb5f82550d071caad61062c04a01b0
