match_type,coh,match_key,match_delta,stimulus_duration_delta_ms,offered_trial_index,offered_choice_type,offered_correct,offered_evidence_axis,offered_sure_axis,offered_confidence_near_ts,matched_no_sure_trial_index,matched_no_sure_correct,matched_no_sure_evidence_axis,matched_no_sure_sure_axis,matched_no_sure_confidence_near_ts
offered_to_no_sure,0.0,evidence_axis+stimulus_duration_ms,0.09278245960511397,20.0,1,direction,False,0.014525275765883748,0.0,0.1638844907283783,81,True,0.01405269745793175,0.0,0.6912785768508911
offered_to_no_sure,0.256,evidence_axis+stimulus_duration_ms,0.7262227598005365,50.0,2,direction,True,0.28539810957098316,0.0,0.9819931983947754,92,True,0.23611819510441073,0.0,0.9372332096099854
offered_to_no_sure,0.064,evidence_axis+stimulus_duration_ms,0.05862328757364979,10.0,5,direction,True,0.22937890930274873,0.0,0.9008742570877075,107,True,0.23187088361789393,0.0,0.8260864615440369
offered_to_no_sure,0.256,evidence_axis+stimulus_duration_ms,0.18841857318360494,20.0,8,direction,True,0.2399750065517958,0.0,0.9638193845748901,212,True,0.22771960373050618,0.0,1.0406885147094727
offered_to_no_sure,0.064,evidence_axis+stimulus_duration_ms,0.4967374096595878,110.0,11,direction,True,0.07134726719160785,0.0,0.7606785893440247,15,True,0.07075205905806273,0.0,0.8188045620918274
offered_to_no_sure,0.064,evidence_axis+stimulus_duration_ms,0.5510996246254893,90.0,18,direction,True,0.03442439554597497,0.0,0.017331451177597046,123,True,0.010306615624443844,0.0,0.9080568552017212
offered_to_no_sure,0.064,evidence_axis+stimulus_duration_ms,0.4647824317506379,20.0,19,direction,True,0.06386597437512137,0.0,0.5827902555465698,59,True,0.09264296933439592,0.0,1.0405210256576538
offered_to_no_sure,0.512,evidence_axis+stimulus_duration_ms,0.3472011727658574,0.0,20,direction,True,0.3190267709905137,0.0,1.316712737083435,0,True,0.34472190761097987,0.0,1.0517693758010864
offered_to_no_sure,0.128,evidence_axis+stimulus_duration_ms,0.39876064339708495,70.0,21,direction,True,0.19071213097215117,0.0,0.7734584212303162,49,True,0.1781987767409149,0.0,1.0485864877700806
offered_to_no_sure,0.256,evidence_axis+stimulus_duration_ms,0.18751832289286494,30.0,22,direction,True,0.23879157816174065,0.0,1.025521159172058,241,True,0.2281983821531863,0.0,1.0312597751617432
offered_to_no_sure,0.0,evidence_axis+stimulus_duration_ms,0.5973296132928999,120.0,23,direction,False,0.0012270118894695601,0.0,0.07001134753227234,84,True,0.010658103275954305,0.0,0.6600213646888733
offered_to_no_sure,0.512,evidence_axis+stimulus_duration_ms,0.9004948941497961,220.0,24,direction,True,0.4069618843938228,0.0,1.2883884906768799,66,True,0.38385425267041967,0.0,1.1977713108062744
offered_to_no_sure,0.512,evidence_axis+stimulus_duration_ms,0.029863439027054236,0.0,25,direction,True,0.22668783160101552,0.0,1.0586483478546143,298,True,0.2245294878707179,0.0,1.099884033203125
offered_to_no_sure,0.256,evidence_axis+stimulus_duration_ms,0.44650483061354085,10.0,28,direction,True,0.28251971080200444,0.0,0.926781177520752,185,True,0.2496987916954759,0.0,0.9973830580711365
offered_to_no_sure,0.512,evidence_axis+stimulus_duration_ms,0.6391525573618142,20.0,30,direction,True,0.4012753325123309,0.0,1.0902851819992065,365,True,0.44758261131761834,0.0,1.293982744216919
offered_to_no_sure,0.0,evidence_axis+stimulus_duration_ms,0.4636279090628899,10.0,31,direction,False,0.009979962269225932,0.0,0.5165815949440002,252,False,0.027002222406436037,0.0,0.03210115432739258
offered_to_no_sure,0.512,evidence_axis+stimulus_duration_ms,0.9821850998789954,110.0,32,direction,True,0.4201773706091352,0.0,1.0602881908416748,79,True,0.3606734917511566,0.0,1.0023430585861206
offered_to_no_sure,0.256,evidence_axis+stimulus_duration_ms,0.3989570876946171,80.0,33,direction,True,0.22797731755094208,0.0,0.9103378057479858,27,True,0.24727683044548193,0.0,1.1172804832458496
offered_to_no_sure,0.512,evidence_axis+stimulus_duration_ms,0.727385574475513,100.0,34,direction,True,0.4156939874638071,0.0,1.1407464742660522,90,True,0.3749651535123296,0.0,1.1760791540145874
offered_to_no_sure,0.0,evidence_axis+stimulus_duration_ms,0.5209382268228764,80.0,36,direction,False,0.05015831842617647,0.0,0.467195063829422,331,False,0.06398550904943814,0.0,0.037290215492248535
offered_to_no_sure,0.0,evidence_axis+stimulus_duration_ms,0.08220880251516208,0.0,37,direction,False,0.014635121975835405,0.0,0.19852790236473083,118,False,0.011510404155087717,0.0,0.5219777822494507
offered_to_no_sure,0.128,evidence_axis+stimulus_duration_ms,0.6312898859999543,10.0,38,direction,True,0.05338387729264585,0.0,0.7043365836143494,307,True,0.08501812961261021,0.0,0.3759099841117859
offered_to_no_sure,0.256,evidence_axis+stimulus_duration_ms,0.2838073483660013,70.0,39,direction,True,0.27398900690900835,0.0,0.9279912710189819,349,True,0.26575028629262953,0.0,1.0436102151870728
offered_to_no_sure,0.512,evidence_axis+stimulus_duration_ms,0.4042220115647056,90.0,40,direction,True,0.30563199079773606,0.0,1.0379753112792969,56,True,0.29162140913332374,0.0,0.9749561548233032
offered_to_no_sure,0.032,evidence_axis+stimulus_duration_ms,0.31681996855701267,60.0,42,direction,True,0.04047015481267269,0.0,0.7757347822189331,220,True,0.048714395958092724,0.0,0.8333644270896912
offered_to_no_sure,0.064,evidence_axis+stimulus_duration_ms,0.19827961223356794,30.0,45,direction,True,0.0415033754879288,0.0,0.4167507588863373,244,True,0.051035504190566267,0.0,0.7212711572647095
offered_to_no_sure,0.256,evidence_axis+stimulus_duration_ms,0.8686159530782269,30.0,46,direction,True,0.3565096608053171,0.0,1.0593730211257935,85,True,0.29096819833136134,0.0,0.9433079957962036
offered_to_no_sure,0.512,evidence_axis+stimulus_duration_ms,2.1388192836611393,380.0,47,direction,True,0.46832622475740665,0.0,1.1406817436218262,167,True,0.36564662221565275,0.0,0.8671432733535767
offered_to_no_sure,0.032,evidence_axis+stimulus_duration_ms,0.2160729424598232,50.0,50,direction,True,0.0007105389262656651,0.0,0.07701718807220459,13,True,0.001113680943216458,0.0,0.7545167207717896
offered_to_no_sure,0.256,evidence_axis+stimulus_duration_ms,0.34221637924460013,60.0,51,direction,True,0.2084809101018614,0.0,0.9857896566390991,326,True,0.18882926158179297,0.0,1.0397073030471802
offered_to_no_sure,0.256,evidence_axis+stimulus_duration_ms,0.11152664170805174,30.0,52,direction,True,0.2544674532899518,0.0,0.9143753051757812,275,True,0.25373893780448603,0.0,0.9998782277107239
offered_to_no_sure,0.032,evidence_axis+stimulus_duration_ms,0.3134063989897768,70.0,53,direction,True,0.0987688600134822,0.0,0.5643303990364075,367,True,0.10100797422648439,0.0,0.7614487409591675
offered_to_no_sure,0.064,evidence_axis+stimulus_duration_ms,0.3509993152876508,30.0,57,direction,True,0.04595384953542331,0.0,0.04663047194480896,263,True,0.0667635392645949,0.0,0.8570400476455688
offered_to_no_sure,0.032,evidence_axis+stimulus_duration_ms,0.4845309589115776,110.0,58,direction,True,0.007840124774604322,0.0,0.5696489810943604,346,True,0.011425710743978265,0.0,0.3316501975059509
offered_to_no_sure,0.256,evidence_axis+stimulus_duration_ms,0.4441806113175835,120.0,60,direction,True,0.32040196547708844,0.0,1.0309523344039917,337,True,0.32715725342782304,0.0,0.9542374014854431
offered_to_no_sure,0.032,evidence_axis+stimulus_duration_ms,0.3637062814356258,20.0,63,direction,True,0.00381054219582696,0.0,0.44838398694992065,26,True,0.019598490558960287,0.0,0.4917335510253906
offered_to_no_sure,0.0,evidence_axis+stimulus_duration_ms,0.3014617820329099,50.0,64,direction,False,0.04059474895365988,0.0,0.15294739603996277,166,True,0.04810972534614671,0.0,0.7792576551437378
offered_to_no_sure,0.032,evidence_axis+stimulus_duration_ms,1.1101713579902626,120.0,73,direction,False,0.0032099570359282073,0.0,0.046841710805892944,94,False,0.046225624011304686,0.0,0.15123331546783447
offered_to_no_sure,0.512,evidence_axis+stimulus_duration_ms,2.1592412770157963,20.0,75,direction,True,0.48472647548235964,0.0,1.2400619983673096,276,True,0.3519649378250104,0.0,0.9595930576324463
offered_to_no_sure,0.0,evidence_axis+stimulus_duration_ms,0.1630398714305213,0.0,77,direction,False,0.022310924913818787,0.0,0.5860540866851807,299,False,0.028563614627117075,0.0,0.5640512108802795
offered_to_no_sure,0.0,evidence_axis+stimulus_duration_ms,0.7853464339667138,170.0,82,direction,False,0.018686104777419252,0.0,0.2972412109375,70,False,0.010324590670043286,0.0,0.5414497256278992
offered_to_no_sure,0.0,evidence_axis+stimulus_duration_ms,1.010332079876458,230.0,83,direction,True,0.0015494488869125407,0.0,0.11136829853057861,145,False,0.0073955790636325135,0.0,0.5356819033622742
offered_to_no_sure,0.128,evidence_axis+stimulus_duration_ms,0.3359368014833174,0.0,86,direction,True,0.21127969907534494,0.0,0.7152568697929382,69,True,0.22762876801586193,0.0,0.8192146420478821
offered_to_no_sure,0.128,evidence_axis+stimulus_duration_ms,1.3519929441095855,160.0,87,direction,False,0.03495363462848192,0.0,0.04671439528465271,95,True,0.09041129121341679,0.0,0.9301550388336182
offered_to_no_sure,0.064,evidence_axis+stimulus_duration_ms,0.2415192256107338,50.0,88,direction,True,0.19545814597335565,0.0,1.0142569541931152,292,True,0.19286219861753934,0.0,0.8629281520843506
offered_to_no_sure,0.512,evidence_axis+stimulus_duration_ms,0.36969110654881304,90.0,89,direction,True,0.2508900831663583,0.0,1.1658350229263306,313,True,0.2603151904918023,0.0,0.9822408556938171
offered_to_no_sure,0.512,evidence_axis+stimulus_duration_ms,1.4964675086223242,70.0,91,direction,True,0.4423032298087011,0.0,1.358359694480896,149,True,0.3532802136210431,0.0,1.0433272123336792
offered_to_no_sure,0.032,evidence_axis+stimulus_duration_ms,0.25882800302412434,10.0,100,direction,False,0.02873915420664421,0.0,0.09525497257709503,165,False,0.03991009976773575,0.0,0.6458885669708252
offered_to_no_sure,0.032,evidence_axis+stimulus_duration_ms,24.834900911126173,570.0,104,other,False,0.05133910528027866,0.0,0.23097862303256989,376,True,0.1497008491356529,0.0,0.7750115990638733
offered_to_no_sure,0.064,evidence_axis+stimulus_duration_ms,0.6193488182714478,80.0,105,direction,True,0.06870652798877759,0.0,0.903551459312439,199,True,0.03714457321997447,0.0,0.7087937593460083
offered_to_no_sure,0.256,evidence_axis+stimulus_duration_ms,0.5482778738878092,80.0,109,direction,True,0.31826859333564833,0.0,1.0843313932418823,137,True,0.28437215308540287,0.0,0.9212160706520081
offered_to_no_sure,0.064,evidence_axis+stimulus_duration_ms,0.2916190546763835,40.0,112,direction,True,0.13079692920788585,0.0,0.8834209442138672,340,True,0.14496254503023406,0.0,0.8761284351348877
offered_to_no_sure,0.128,evidence_axis+stimulus_duration_ms,0.34735830993747013,20.0,114,direction,True,0.2188823214156267,0.0,0.9180798530578613,196,True,0.20314328370622972,0.0,1.0748775005340576
offered_to_no_sure,0.512,evidence_axis+stimulus_duration_ms,2.084022968691738,420.0,116,direction,True,0.4110256006037574,0.0,1.2548352479934692,396,True,0.32937958309346604,0.0,1.048802375793457
offered_to_no_sure,0.032,evidence_axis+stimulus_duration_ms,0.25380271605028437,20.0,117,direction,True,0.13241500323074898,0.0,0.8949527144432068,216,True,0.12209738861985212,0.0,0.9707605838775635
offered_to_no_sure,0.0,evidence_axis+stimulus_duration_ms,0.7068514495811815,60.0,125,direction,True,0.11191776372387024,0.0,0.33000513911247253,303,False,0.08837630330173776,0.0,0.3675682842731476
offered_to_no_sure,0.256,evidence_axis+stimulus_duration_ms,0.4400323351363458,60.0,127,direction,True,0.24827438316958347,0.0,1.0013089179992676,35,True,0.22130498519831995,0.0,0.893671452999115
offered_to_no_sure,0.256,evidence_axis+stimulus_duration_ms,0.31575379868645287,10.0,130,direction,True,0.21795137682615878,0.0,1.0652434825897217,99,True,0.1947561803188056,0.0,1.0074942111968994
offered_to_no_sure,0.0,evidence_axis+stimulus_duration_ms,0.18847964401117615,30.0,131,direction,False,0.04735824879034278,0.0,0.3804716467857361,270,False,0.042323340763180825,0.0,0.5528578758239746
offered_to_no_sure,0.0,evidence_axis+stimulus_duration_ms,1.647689139931996,130.0,132,direction,True,0.13329040908601322,0.0,0.48080649971961975,195,False,0.07622781148250517,0.0,0.21715468168258667
offered_to_no_sure,0.256,evidence_axis+stimulus_duration_ms,0.26242632759513457,50.0,133,direction,True,0.1275361343008481,0.0,1.1493052244186401,93,True,0.14154029905163776,0.0,0.9337998032569885
offered_to_no_sure,0.032,evidence_axis+stimulus_duration_ms,0.23124590803914996,20.0,139,direction,False,0.0648842174445831,0.0,0.6721981763839722,364,True,0.07421354968135384,0.0,0.38879716396331787
offered_to_no_sure,0.032,evidence_axis+stimulus_duration_ms,0.7308438074527291,150.0,140,direction,True,0.029817433208201946,0.0,0.6620659828186035,242,True,0.020593423259876713,0.0,0.5828589200973511
offered_to_no_sure,0.256,evidence_axis+stimulus_duration_ms,1.1487143897496739,210.0,141,direction,True,0.3764467692736725,0.0,1.0134843587875366,288,True,0.4410989668877067,0.0,1.0325788259506226
offered_to_no_sure,0.512,evidence_axis+stimulus_duration_ms,0.33367590447158063,90.0,142,direction,True,0.288244459541178,0.0,1.1171778440475464,176,True,0.285519550477315,0.0,1.0316706895828247
offered_to_no_sure,0.0,evidence_axis+stimulus_duration_ms,0.6057135709472102,50.0,144,direction,False,0.05460564201822264,0.0,0.12479206919670105,62,False,0.07605354635937109,0.0,0.36206015944480896
offered_to_no_sure,0.032,evidence_axis+stimulus_duration_ms,0.32116906906768544,70.0,146,direction,True,0.08576393396224177,0.0,0.7650036215782166,318,True,0.08647927786359204,0.0,0.981170654296875
offered_to_no_sure,0.064,evidence_axis+stimulus_duration_ms,0.6058948639846385,90.0,147,direction,True,0.061430819037114004,0.0,0.5304498672485352,256,True,0.033791454254646726,0.0,0.4899880588054657
offered_to_no_sure,0.0,evidence_axis+stimulus_duration_ms,1.1542977451585685,40.0,150,direction,False,0.0027618665548929146,0.0,0.10348370671272278,103,False,0.048342215224832195,0.0,0.42826202511787415
offered_to_no_sure,0.064,evidence_axis+stimulus_duration_ms,0.8859992738206384,110.0,151,direction,True,0.05453957618979331,0.0,0.6898192167282104,43,True,0.008907661556708144,0.0,0.4245572090148926
offered_to_no_sure,0.256,evidence_axis+stimulus_duration_ms,0.7833704048496802,160.0,152,direction,True,0.22191475783508677,0.0,0.930512011051178,138,True,0.19892620078189882,0.0,0.8873017430305481
offered_to_no_sure,0.0,evidence_axis+stimulus_duration_ms,0.9549251497249651,200.0,154,direction,True,0.002636675976061302,0.0,0.4877925515174866,182,True,0.013674167346592372,0.0,0.2944311499595642
offered_to_no_sure,0.0,evidence_axis+stimulus_duration_ms,1.9121371606041373,30.0,155,direction,True,0.0023011105312765894,0.0,0.2946471869945526,333,True,0.07663555674907359,0.0,0.9510332345962524
offered_to_no_sure,0.256,evidence_axis+stimulus_duration_ms,1.5577750368476422,60.0,157,direction,True,0.33704187837378946,0.0,1.0546987056732178,98,True,0.26676367260527234,0.0,1.0182881355285645
offered_to_no_sure,0.064,evidence_axis+stimulus_duration_ms,0.5697235268916364,30.0,159,direction,True,0.14077683762035936,0.0,0.8491238951683044,394,True,0.17466526126359222,0.0,0.897210419178009
offered_to_no_sure,0.0,evidence_axis+stimulus_duration_ms,0.8430398273372581,40.0,160,direction,False,0.08885553751692787,0.0,0.2104322463274002,197,False,0.05506857609030419,0.0,0.4146403670310974
offered_to_no_sure,0.128,evidence_axis+stimulus_duration_ms,0.5978428146517253,90.0,164,direction,True,0.18626366265364028,0.0,0.9476062059402466,96,True,0.20698352926490268,0.0,0.975026547908783
offered_to_no_sure,0.512,evidence_axis+stimulus_duration_ms,1.9024298468607463,20.0,168,direction,True,0.4492904498071316,0.0,1.2870793342590332,102,True,0.34216059966317663,0.0,1.0158448219299316
offered_to_no_sure,0.512,evidence_axis+stimulus_duration_ms,0.3597565547596719,40.0,170,direction,True,0.18807266954549062,0.0,0.8540505170822144,282,True,0.20542630759124092,0.0,0.9887809753417969
offered_to_no_sure,0.128,evidence_axis+stimulus_duration_ms,0.48489599327462585,70.0,171,direction,True,0.182010390890627,0.0,0.9454736709594727,143,True,0.16475756493628732,0.0,1.0414689779281616
offered_to_no_sure,0.128,evidence_axis+stimulus_duration_ms,1.6719218074986752,50.0,177,direction,True,0.005804881247184287,0.0,0.7655104994773865,211,True,0.08636636471198096,0.0,1.055497407913208
offered_to_no_sure,0.0,evidence_axis+stimulus_duration_ms,1.5599763738784747,210.0,179,direction,False,0.10507964916648356,0.0,0.2995813488960266,129,True,0.058524897486480584,0.0,0.7452574968338013
offered_to_no_sure,0.256,evidence_axis+stimulus_duration_ms,0.7302463843122456,120.0,181,direction,True,0.13489140096796323,0.0,0.9084222912788391,387,True,0.15642007350168152,0.0,0.807592511177063
offered_to_no_sure,0.064,evidence_axis+stimulus_duration_ms,0.5062117606971452,60.0,184,direction,True,0.04874354053253756,0.0,0.8055090308189392,72,True,0.07392083360207334,0.0,1.1344594955444336
offered_to_no_sure,0.032,evidence_axis+stimulus_duration_ms,0.6866450355311795,40.0,187,direction,True,0.16948270996340592,0.0,0.7262463569641113,121,True,0.14015058187873838,0.0,0.6947176456451416
offered_to_no_sure,0.512,evidence_axis+stimulus_duration_ms,3.096639287800036,300.0,188,direction,True,0.4848053940441788,0.0,1.341748595237732,351,True,0.32961690223744955,0.0,0.9468404054641724
offered_to_no_sure,0.0,evidence_axis+stimulus_duration_ms,0.912367257631428,170.0,189,direction,True,0.0076864579779437,0.0,0.47421056032180786,320,True,0.0046366505234281315,0.0,0.6911327838897705
offered_to_no_sure,0.128,evidence_axis+stimulus_duration_ms,0.45896075588158075,100.0,190,direction,True,0.19727114910659602,0.0,1.1012861728668213,29,True,0.19547866367744235,0.0,0.9759619235992432
offered_to_no_sure,0.128,evidence_axis+stimulus_duration_ms,0.4665693343045667,0.0,193,direction,True,0.16571195986005088,0.0,1.0184382200241089,384,True,0.14365714884820607,0.0,0.7716739773750305
offered_to_no_sure,0.128,evidence_axis+stimulus_duration_ms,0.23557612734469016,40.0,198,direction,True,0.10086878078536676,0.0,0.9437887668609619,254,True,0.10794313075595248,0.0,0.8235628008842468
offered_to_no_sure,0.256,evidence_axis+stimulus_duration_ms,1.0772183432200282,110.0,200,direction,True,0.23187838077688894,0.0,0.9838924407958984,352,True,0.19248181211988086,0.0,0.9738876819610596
offered_to_no_sure,0.256,evidence_axis+stimulus_duration_ms,1.8003344554963239,430.0,203,direction,True,0.2839780427833737,0.0,1.0813878774642944,239,True,0.2515111402678581,0.0,1.0031516551971436
offered_to_no_sure,0.512,evidence_axis+stimulus_duration_ms,1.1872342576945845,180.0,206,direction,True,0.3465574971607859,0.0,1.2225748300552368,237,True,0.2976039833566683,0.0,1.0972397327423096
offered_to_no_sure,0.256,evidence_axis+stimulus_duration_ms,0.5414297788674779,30.0,207,direction,True,0.1626423391420668,0.0,0.9192415475845337,76,True,0.17794033319007502,0.0,1.129905343055725
offered_to_no_sure,0.128,evidence_axis+stimulus_duration_ms,0.12447224386205905,20.0,209,direction,True,0.22171664318688702,0.0,0.8621828556060791,338,True,0.22573450791824232,0.0,0.8646408319473267
offered_to_no_sure,0.128,evidence_axis+stimulus_duration_ms,0.3287386322541021,70.0,210,direction,True,0.15381397039045278,0.0,1.0592284202575684,344,True,0.15910148237629224,0.0,1.1028153896331787
offered_to_no_sure,0.128,evidence_axis+stimulus_duration_ms,0.2822943474241487,60.0,213,direction,True,0.15015252535105142,0.0,0.8355571031570435,277,True,0.15371699631369737,0.0,0.923318088054657
offered_to_no_sure,0.0,evidence_axis+stimulus_duration_ms,2.0261950121054206,30.0,214,direction,False,0.012090479381188617,0.0,0.3027799725532532,224,False,0.08255329537432311,0.0,0.8347415924072266
offered_to_no_sure,0.0,evidence_axis+stimulus_duration_ms,1.5137807892065571,220.0,215,direction,True,0.004851207208837664,0.0,0.09559407830238342,78,True,0.0348666902602674,0.0,0.5343310832977295
offered_to_no_sure,0.128,evidence_axis+stimulus_duration_ms,1.191432629754143,200.0,217,direction,True,0.0924273165006289,0.0,0.9482673406600952,361,True,0.1302198843880204,0.0,0.9847375154495239
offered_to_no_sure,0.512,evidence_axis+stimulus_duration_ms,1.364679340437458,120.0,218,direction,True,0.3477054214555168,0.0,1.1878325939178467,3,True,0.28359899276346956,0.0,1.0266151428222656
offered_to_no_sure,0.256,evidence_axis+stimulus_duration_ms,1.4201781797830955,210.0,221,direction,True,0.21619632910754974,0.0,0.8829237818717957,128,True,0.18318727586410444,0.0,0.920193612575531
offered_to_no_sure,0.128,evidence_axis+stimulus_duration_ms,0.4958974749182492,90.0,222,direction,True,0.1829758405236528,0.0,0.7892320156097412,101,True,0.19719372757926296,0.0,0.9235848188400269
offered_to_no_sure,0.064,evidence_axis+stimulus_duration_ms,0.3593625508607076,60.0,226,direction,True,0.003506141450538205,0.0,0.6007499694824219,54,True,0.01568719158052725,0.0,1.0031388998031616
offered_to_no_sure,0.512,evidence_axis+stimulus_duration_ms,0.029540335659337422,0.0,227,direction,True,0.2331123103649262,0.0,0.9833120107650757,134,True,0.23165200060957317,0.0,0.8922230005264282
offered_to_no_sure,0.256,evidence_axis+stimulus_duration_ms,3.287010792683932,390.0,228,direction,True,0.2733439558504109,0.0,0.9560611248016357,161,True,0.19388570532635546,0.0,0.8643130660057068
offered_to_no_sure,0.0,evidence_axis+stimulus_duration_ms,3.9286091530620584,20.0,230,direction,True,0.001954762294542839,0.0,0.16046999394893646,194,True,0.09585232829386699,0.0,0.6370667219161987
offered_to_no_sure,0.128,evidence_axis+stimulus_duration_ms,0.3017626337805961,10.0,231,direction,True,0.15110173097057697,0.0,0.9566960334777832,68,True,0.1363812451316285,0.0,0.8435654044151306
offered_to_no_sure,0.0,evidence_axis+stimulus_duration_ms,1.6007131120357907,60.0,232,direction,False,0.12473737335612033,0.0,0.435014009475708,309,False,0.11498907060698803,0.0,0.7052462697029114
offered_to_no_sure,0.256,evidence_axis+stimulus_duration_ms,6.284540601999396,100.0,233,direction,True,0.29609173091741564,0.0,1.1742852926254272,219,True,0.16581291070544624,0.0,0.92128586769104
offered_to_no_sure,0.256,evidence_axis+stimulus_duration_ms,10.13741744754454,100.0,234,direction,True,0.3442338777646604,0.0,0.9761382341384888,397,True,0.16074153981026182,0.0,1.0500335693359375
offered_to_no_sure,0.0,evidence_axis+stimulus_duration_ms,16.85678475026127,570.0,235,direction,True,0.01433520295953837,0.0,0.45082783699035645,7,False,0.15060925967178984,0.0,0.7383269667625427
offered_to_no_sure,0.064,evidence_axis+stimulus_duration_ms,0.9164507545574961,160.0,238,direction,True,0.004183514168809033,0.0,0.4289553761482239,229,True,0.03011605886543251,0.0,0.8593092560768127
offered_to_no_sure,0.128,evidence_axis+stimulus_duration_ms,0.5297956233109422,20.0,240,direction,True,0.1672620855820825,0.0,0.9670199751853943,274,True,0.19313753613511156,0.0,0.9513369798660278
offered_to_no_sure,0.128,evidence_axis+stimulus_duration_ms,0.5484395330068289,50.0,243,direction,True,0.08267537813922439,0.0,1.0148030519485474,391,True,0.10827331707448234,0.0,0.9546810388565063
offered_to_no_sure,0.256,evidence_axis+stimulus_duration_ms,8.175617864294967,520.0,245,direction,True,0.20505436140530545,0.0,0.9712070226669312,382,True,0.14094669573774166,0.0,0.8229759931564331
offered_to_no_sure,0.512,evidence_axis+stimulus_duration_ms,2.4294619442528007,430.0,246,direction,True,0.38523755442642177,0.0,1.1918673515319824,178,True,0.2974160299850934,0.0,1.235173225402832
offered_to_no_sure,0.512,evidence_axis+stimulus_duration_ms,1.0407028314209865,80.0,247,direction,True,0.3141204782161395,0.0,1.0869569778442383,323,True,0.26592745993260397,0.0,0.9818093776702881
offered_to_no_sure,0.032,evidence_axis+stimulus_duration_ms,0.6537337429072855,50.0,248,direction,True,0.12060012720995973,0.0,0.30103611946105957,325,True,0.09355483310420704,0.0,0.8635808229446411
offered_to_no_sure,0.064,evidence_axis+stimulus_duration_ms,1.1765154582936466,50.0,249,direction,True,0.021802513929529133,0.0,0.23287373781204224,186,True,0.08780970984442095,0.0,1.0919034481048584
offered_to_no_sure,0.512,evidence_axis+stimulus_duration_ms,1.1169615843717253,230.0,251,direction,True,0.28121091169413015,0.0,0.9976078867912292,250,True,0.24912616720636763,0.0,1.0109237432479858
offered_to_no_sure,0.064,evidence_axis+stimulus_duration_ms,0.3583405027424556,60.0,253,direction,True,0.08138443896853145,0.0,0.8100935220718384,314,True,0.0935013542828289,0.0,0.675456166267395
offered_to_no_sure,0.256,evidence_axis+stimulus_duration_ms,13.345629565617932,650.0,255,direction,True,0.27465031999251344,0.0,0.9084298610687256,115,True,0.13526556630041786,0.0,0.9583991765975952
offered_to_no_sure,0.0,evidence_axis+stimulus_duration_ms,360.00000630261155,360.0,257,direction,True,0.02059768576061693,0.0,0.4675813317298889,65,True,0.08796147699685876,0.0,0.6839483380317688
offered_to_no_sure,0.512,evidence_axis+stimulus_duration_ms,0.18624896197198468,20.0,258,direction,True,0.21172040412332907,0.0,1.0163871049880981,61,True,0.20337031048702403,0.0,0.822433352470398
offered_to_no_sure,0.032,evidence_axis+stimulus_duration_ms,0.38390559571787297,40.0,259,direction,False,0.07174828329557292,0.0,0.4485834538936615,175,False,0.05645338768704535,0.0,0.45165330171585083
offered_to_no_sure,0.032,evidence_axis+stimulus_duration_ms,0.4196248985007692,40.0,262,direction,True,0.02226443038309831,0.0,0.2823585569858551,122,False,0.005336936839562747,0.0,0.08444654941558838
offered_to_no_sure,0.032,evidence_axis+stimulus_duration_ms,0.17770820830778725,30.0,265,direction,True,0.0324503300436445,0.0,0.7489306926727295,110,True,0.036756151926691114,0.0,0.7757245302200317
offered_to_no_sure,0.256,evidence_axis+stimulus_duration_ms,3.764230707775317,120.0,267,direction,True,0.17246775814240872,0.0,0.802533745765686,319,True,0.13148735424203176,0.0,0.7477301359176636
offered_to_no_sure,0.032,evidence_axis+stimulus_duration_ms,0.4550810809071948,80.0,268,direction,True,0.08109766927069888,0.0,0.3824909031391144,310,True,0.08809382012617271,0.0,0.9471149444580078
offered_to_no_sure,0.032,evidence_axis+stimulus_duration_ms,0.34554836387984966,20.0,271,direction,True,0.04341944582960711,0.0,0.7976299524307251,329,True,0.0570369484255211,0.0,0.7230744361877441
offered_to_no_sure,0.032,evidence_axis+stimulus_duration_ms,0.30689648817670706,60.0,272,direction,True,0.11409051348678614,0.0,0.771229088306427,71,True,0.11528748443964448,0.0,0.8324900269508362
offered_to_no_sure,0.032,evidence_axis+stimulus_duration_ms,0.30021073082766797,30.0,278,direction,True,0.07597488226186801,0.0,0.6954379677772522,204,True,0.08699261922797737,0.0,0.7053729295730591
offered_to_no_sure,0.032,evidence_axis+stimulus_duration_ms,0.3921276726379582,50.0,281,direction,False,0.026037139401158597,0.0,0.6320951581001282,111,True,0.039619867203580676,0.0,0.8170896172523499
offered_to_no_sure,0.064,evidence_axis+stimulus_duration_ms,0.8334110911007108,30.0,285,direction,True,0.04525822191474729,0.0,0.09037986397743225,126,True,0.09391759778906884,0.0,0.8390512466430664
offered_to_no_sure,0.256,evidence_axis+stimulus_duration_ms,21.333227842635846,300.0,287,direction,True,0.32966095938153844,0.0,0.9523356556892395,205,True,0.1245912974152582,0.0,0.9220095872879028
offered_to_no_sure,0.512,evidence_axis+stimulus_duration_ms,2.786201983503663,580.0,290,direction,True,0.4018024665058683,0.0,1.157090187072754,236,True,0.313033501647034,0.0,1.0764626264572144
offered_to_no_sure,0.512,evidence_axis+stimulus_duration_ms,3.7391091239490493,10.0,293,direction,True,0.45786700530974017,0.0,1.0352451801300049,286,True,0.28893496927056056,0.0,0.9488122463226318
offered_to_no_sure,0.512,evidence_axis+stimulus_duration_ms,1.6321899830577893,200.0,296,direction,True,0.29321226964134633,0.0,1.1423746347427368,173,True,0.23548679854306034,0.0,1.042616844177246
offered_to_no_sure,0.512,evidence_axis+stimulus_duration_ms,6.723138311859423,120.0,297,direction,True,0.560700344581285,0.0,1.135429859161377,9,True,0.2828472578179904,0.0,0.9752810597419739
offered_to_no_sure,0.064,evidence_axis+stimulus_duration_ms,1.5683344519807747,0.0,302,direction,True,0.03766163219093255,0.0,0.1835474967956543,14,True,0.13231960280917648,0.0,1.0313053131103516
offered_to_no_sure,0.256,evidence_axis+stimulus_duration_ms,38.20154121733921,570.0,304,direction,True,0.32994314454172086,0.0,1.052822470664978,74,True,0.11223365575881375,0.0,0.9491640329360962
offered_to_no_sure,0.256,evidence_axis+stimulus_duration_ms,80.00010772067048,80.0,305,direction,True,0.23193929202515345,0.0,1.1285556554794312,148,True,0.10065593861645718,0.0,0.7600457668304443
offered_to_no_sure,0.128,evidence_axis+stimulus_duration_ms,0.49662204911824653,90.0,306,direction,True,0.11355710443361706,0.0,0.9901843070983887,113,True,0.1291412296426423,0.0,0.7601339817047119
offered_to_no_sure,0.032,evidence_axis+stimulus_duration_ms,0.6172968960298238,120.0,308,direction,True,0.02832470013039841,0.0,0.032524943351745605,264,True,0.030870329328786698,0.0,0.28038349747657776
offered_to_no_sure,0.064,evidence_axis+stimulus_duration_ms,2.4770132032786085,280.0,315,direction,True,0.012167935888490475,0.0,0.5584005117416382,345,True,0.13663245187083778,0.0,0.7303861975669861
offered_to_no_sure,0.512,evidence_axis+stimulus_duration_ms,0.42285088499986756,80.0,316,direction,True,0.18308077588162475,0.0,1.1015015840530396,192,True,0.17364572175242365,0.0,0.9411773681640625
offered_to_no_sure,0.128,evidence_axis+stimulus_duration_ms,0.12385675103208796,30.0,321,direction,True,0.28622045143838676,0.0,0.8527317047119141,366,True,0.285685543032083,0.0,1.0285639762878418
offered_to_no_sure,0.032,evidence_axis+stimulus_duration_ms,1.4980649064809795,170.0,324,direction,True,0.021003663102713014,0.0,0.4289257526397705,225,True,0.05938653834015425,0.0,0.7864519953727722
offered_to_no_sure,0.032,evidence_axis+stimulus_duration_ms,1.1190114492803573,90.0,328,direction,True,0.07653046503716814,0.0,0.8351109027862549,16,True,0.10378840841550595,0.0,0.6624210476875305
offered_to_no_sure,0.064,evidence_axis+stimulus_duration_ms,1.8865530593688693,150.0,332,direction,True,0.0005577318488337961,0.0,0.5283754467964172,389,True,0.11083205520115523,0.0,0.6356092691421509
offered_to_no_sure,0.032,evidence_axis+stimulus_duration_ms,1.7456858606616468,240.0,334,direction,True,0.039197786456171675,0.0,0.3052440583705902,370,True,0.0712088904471154,0.0,0.6849861145019531
offered_to_no_sure,0.128,evidence_axis+stimulus_duration_ms,1.0368505631005245,140.0,339,direction,True,0.10486698912361361,0.0,1.017656683921814,368,True,0.14161211686871505,0.0,0.9358617067337036
offered_to_no_sure,0.128,evidence_axis+stimulus_duration_ms,0.7804764895333636,80.0,343,direction,True,0.1936108838846705,0.0,1.0193285942077637,97,True,0.16354620371564735,0.0,0.8889408111572266
offered_to_no_sure,0.064,evidence_axis+stimulus_duration_ms,1.3645821152308106,60.0,350,direction,True,0.06241207092605984,0.0,0.8855732083320618,136,True,0.15100981182985465,0.0,1.0574434995651245
offered_to_no_sure,0.032,evidence_axis+stimulus_duration_ms,4.358249438379256,90.0,356,direction,True,0.024189100036566404,0.0,0.7473421096801758,158,True,0.1034383758017882,0.0,0.8077646493911743
offered_to_no_sure,0.064,evidence_axis+stimulus_duration_ms,1.6971398307207823,220.0,357,direction,True,0.03287626327810972,0.0,0.10826346278190613,124,True,0.11914941098331498,0.0,0.9022881388664246
offered_to_no_sure,0.032,evidence_axis+stimulus_duration_ms,7.513411268624085,730.0,360,direction,True,0.042043743834161526,0.0,0.5237206220626831,372,True,0.12163498220678878,0.0,0.783115029335022
offered_to_no_sure,0.064,evidence_axis+stimulus_duration_ms,0.2588525484285128,40.0,362,direction,True,0.10585953955050084,0.0,0.7798117995262146,172,True,0.11761853228074304,0.0,0.7947572469711304
offered_to_no_sure,0.064,evidence_axis+stimulus_duration_ms,0.8453678913066702,90.0,363,direction,True,0.1388666763509144,0.0,0.9946112632751465,327,True,0.19367719325262278,0.0,1.1364353895187378
offered_to_no_sure,0.064,evidence_axis+stimulus_duration_ms,1.2836764430214065,230.0,374,direction,True,0.06231025610710007,0.0,0.8147753477096558,12,True,0.11807613779487455,0.0,0.9239811897277832
offered_to_no_sure,0.032,evidence_axis+stimulus_duration_ms,10.441216139454497,170.0,375,direction,True,0.04455924826811978,0.0,0.5805726051330566,119,True,0.13501495346254694,0.0,0.9616259932518005
offered_to_no_sure,0.128,evidence_axis+stimulus_duration_ms,0.4148554761991874,110.0,378,direction,True,0.15762869484377323,0.0,0.8024609684944153,153,True,0.16069438701805655,0.0,1.0807636976242065
offered_to_no_sure,0.128,evidence_axis+stimulus_duration_ms,0.30057508361848895,30.0,380,direction,True,0.17332897096131525,0.0,0.8757579922676086,191,True,0.18560764273836536,0.0,0.8658553957939148
offered_to_no_sure,0.512,evidence_axis+stimulus_duration_ms,1.1669267151477671,210.0,386,direction,True,0.24607015808840668,0.0,1.0543402433395386,312,True,0.21665949488318484,0.0,1.0520570278167725
offered_to_no_sure,0.064,evidence_axis+stimulus_duration_ms,0.9443676862984588,90.0,388,direction,True,0.14841395142937244,0.0,0.8812282085418701,289,True,0.2184306665591448,0.0,0.8648499250411987
offered_to_no_sure,0.064,evidence_axis+stimulus_duration_ms,0.8903598081759828,210.0,392,direction,True,0.07365428057754933,0.0,0.6517410278320312,120,True,0.053823350978545466,0.0,0.5569838285446167
offered_to_no_sure,0.032,evidence_axis+stimulus_duration_ms,4.176204528258353,20.0,395,direction,True,0.11810128899360717,0.0,0.39331763982772827,44,True,0.14485023729663174,0.0,0.8733305931091309
offered_to_no_sure,0.128,evidence_axis+stimulus_duration_ms,2.4113501478020862,20.0,398,direction,True,0.050234066300801794,0.0,0.8222905993461609,174,True,0.1612871135890257,0.0,0.979102373123169
offered_to_no_sure,0.032,evidence_axis+stimulus_duration_ms,22.121619391879566,260.0,399,direction,True,0.01674574503872991,0.0,0.5796038508415222,180,True,0.1489473584033235,0.0,0.8647375106811523
