relative_time_ms,choice_test_roc_auc,confidence_test_pearson_r,choice_familywise_threshold,confidence_familywise_threshold,choice_exceeds_threshold,confidence_exceeds_threshold
-100,0.5,nan,0.9475563909774435,0.5772429578477691,False,False
-90,0.5,nan,0.9475563909774435,0.5772429578477691,False,False
-80,0.5,nan,0.9475563909774435,0.5772429578477691,False,False
-70,0.5,nan,0.9475563909774435,0.5772429578477691,False,False
-60,0.5,nan,0.9475563909774435,0.5772429578477691,False,False
-50,0.5,nan,0.9475563909774435,0.5772429578477691,False,False
-40,0.5,nan,0.9475563909774435,0.5772429578477691,False,False
-30,0.5,nan,0.9475563909774435,0.5772429578477691,False,False
-20,0.5,nan,0.9475563909774435,0.5772429578477691,False,False
-10,0.5,nan,0.9475563909774435,0.5772429578477691,False,False
0,0.5,nan,0.9475563909774435,0.5772429578477691,False,False
10,0.871919191919192,0.42118963052397934,0.9475563909774435,0.5772429578477691,False,False
20,0.904040404040404,0.45868302952551043,0.9475563909774435,0.5772429578477691,False,False
30,0.9232323232323232,0.47243289536727984,0.9475563909774435,0.5772429578477691,False,False
40,0.9266666666666665,0.48660864130831305,0.9475563909774435,0.5772429578477691,False,False
50,0.9294949494949495,0.49883446785908886,0.9475563909774435,0.5772429578477691,False,False
60,0.9371717171717171,0.5138761101683542,0.9475563909774435,0.5772429578477691,False,False
70,0.9446464646464647,0.5194928348084152,0.9475563909774435,0.5772429578477691,False,False
80,0.953131313131313,0.5304146665850289,0.9475563909774435,0.5772429578477691,True,False
90,0.9595959595959597,0.5335089703269505,0.9475563909774435,0.5772429578477691,True,False
100,0.9664646464646465,0.5410668360111905,0.9475563909774435,0.5772429578477691,True,False
110,0.9688888888888889,0.5517212432994547,0.9475563909774435,0.5772429578477691,True,False
120,0.9761616161616162,0.5633351453915564,0.9475563909774435,0.5772429578477691,True,False
130,0.9785858585858586,0.5717870242526514,0.9475563909774435,0.5772429578477691,True,False
140,0.9814141414141414,0.580047921408028,0.9475563909774435,0.5772429578477691,True,True
150,0.9816161616161616,0.5872083837760186,0.9475563909774435,0.5772429578477691,True,True
160,0.9828282828282828,0.5918085596426776,0.9475563909774435,0.5772429578477691,True,True
170,0.9834343434343433,0.6014558636917506,0.9475563909774435,0.5772429578477691,True,True
180,0.9832323232323232,0.6106046689425957,0.9475563909774435,0.5772429578477691,True,True
190,0.983030303030303,0.6196983083379791,0.9475563909774435,0.5772429578477691,True,True
200,0.9826262626262626,0.626933656940179,0.9475563909774435,0.5772429578477691,True,True
210,0.9816161616161616,0.6345228613895089,0.9475563909774435,0.5772429578477691,True,True
220,0.9814141414141414,0.6373545670390818,0.9475563909774435,0.5772429578477691,True,True
230,0.9818181818181818,0.6409665982578906,0.9475563909774435,0.5772429578477691,True,True
240,0.9808080808080808,0.641831237561236,0.9475563909774435,0.5772429578477691,True,True
250,0.9793939393939394,0.6446050861228961,0.9475563909774435,0.5772429578477691,True,True
260,0.976969696969697,0.6458106295148789,0.9475563909774435,0.5772429578477691,True,True
270,0.9761616161616161,0.6493224169784009,0.9475563909774435,0.5772429578477691,True,True
280,0.9755555555555555,0.64912896835167,0.9475563909774435,0.5772429578477691,True,True
290,0.9755555555555555,0.6493883232203163,0.9475563909774435,0.5772429578477691,True,True
300,0.9759595959595959,0.6467958952627585,0.9475563909774435,0.5772429578477691,True,True
310,0.9793939393939394,0.6442462874212658,0.9475563909774435,0.5772429578477691,True,True
320,0.9806060606060605,0.6431096409957496,0.9475563909774435,0.5772429578477691,True,True
330,0.982020202020202,0.6429937175745627,0.9475563909774435,0.5772429578477691,True,True
340,0.9836363636363636,0.6427949527995132,0.9475563909774435,0.5772429578477691,True,True
350,0.9842424242424243,0.6438277234001559,0.9475563909774435,0.5772429578477691,True,True
360,0.9844444444444445,0.6444840165392755,0.9475563909774435,0.5772429578477691,True,True
370,0.9854545454545455,0.6456029990673697,0.9475563909774435,0.5772429578477691,True,True
380,0.9852525252525253,0.6486240617058877,0.9475563909774435,0.5772429578477691,True,True
390,0.9866666666666667,0.6499388458857076,0.9475563909774435,0.5772429578477691,True,True
400,0.9870707070707071,0.6514176665555449,0.9475563909774435,0.5772429578477691,True,True
