source_trial_id,final_choice,final_choice_name,choice_axis_projection,confidence_axis_projection
17,1,Left,-4.566460795690271,0.16767426936287785
19,1,Left,-2.254502611532105,0.006109951919754131
22,2,Right,4.270480043739907,0.04183911478064309
25,1,Left,-7.1021717831783295,0.17872178160816823
27,2,Right,4.842283366470743,0.1257663707330307
28,2,Right,4.652137064022455,0.08993355840873349
32,2,Right,7.317644885164933,0.11223660799272688
33,2,Right,3.646493416835142,0.01416473510037592
38,1,Left,-3.0083707087891254,0.08644407632640327
43,1,Left,-2.37796369483265,0.04501065529312734
47,2,Right,4.636304650454011,0.06396137074231793
49,2,Right,4.546300441993865,0.11395299481367066
58,2,Right,0.9756203290473855,-0.34729360987111263
66,1,Left,-10.073532940414552,0.1516021567703135
69,1,Left,-4.834907504999387,0.1406899097604038
73,1,Left,0.05007898216885456,-0.34803418545063325
75,1,Left,-10.919058908358547,0.18623707305619408
77,3,Sure,0.6557657487729195,-0.4092285680173487
79,1,Left,-10.955877604030507,0.15493382334808561
85,2,Right,5.745033892086516,0.14060986631157246
89,1,Left,-6.171137036645481,0.12497760824478185
95,2,Right,3.9718436462457882,0.10273896035779839
97,1,Left,-5.6094137542757805,0.15376744549133436
98,1,Left,-8.408258948918945,0.13528146422535767
112,2,Right,4.479280143610781,-0.0042435929406310635
116,1,Left,-7.995791775374089,0.1927214075291965
135,2,Right,4.321171002737622,0.11316963634788388
139,2,Right,0.9326039015785395,-0.37215476984364804
152,1,Left,-5.4191978167435355,0.12327038863509299
161,1,Left,-8.374098336022024,0.13001347121595347
171,2,Right,4.129658783728843,0.020462407003227687
182,2,Right,1.1486352340354031,-0.15919092740029697
188,1,Left,-8.187579106238008,0.1382743234133542
201,1,Left,-7.368484971109435,0.12277445295885418
209,1,Left,-4.717980224324893,0.11249895643732105
215,3,Sure,-0.1257792835655724,-0.33630694627107477
216,2,Right,4.75558381307518,0.11768147668802423
226,1,Left,-2.3225150495694757,0.006032589735212588
229,2,Right,4.076580291317284,0.09630230298575221
245,2,Right,5.695324218181509,0.059348397741029596
249,1,Left,-1.9561789282164852,-0.0037520319255628337
252,2,Right,0.2811477547103179,-0.2559454918388066
257,2,Right,0.6731035729604571,-0.35007031375601705
259,1,Left,-0.36504609808150207,-0.2971971879743409
264,2,Right,1.6605137237087726,-0.08179423138389805
266,1,Left,-0.4163913937142637,-0.2674983314300276
269,3,Sure,-0.12165832256675083,-0.36918808209891346
270,1,Left,-0.33273181430341264,-0.14236125653963097
272,2,Right,2.672195937804641,-0.07925845114134561
288,1,Left,-6.904537835135402,0.12359045410262655
291,3,Sure,-0.03733263734549658,-0.37902978076509664
292,1,Left,-3.079945103835069,0.10993853943388636
294,2,Right,5.338291230448355,0.12221941498872196
296,2,Right,4.465461298196385,0.05898441575538634
307,1,Left,-2.2031623678861822,0.026998826110300186
311,2,Right,4.183881644749804,0.034604461226673724
324,2,Right,1.5081109658287282,-0.29664080857419345
328,2,Right,4.541972888368229,-0.009741261550647057
333,2,Right,2.337409002374964,-0.09398818825229215
334,3,Sure,-0.15627188598488798,-0.3577846138541316
339,2,Right,3.521694879871322,-0.004843879820023708
351,1,Left,-11.76722826800925,0.14461279934267166
353,2,Right,1.222590585888883,-0.3022318601847904
359,2,Right,3.9987673250305993,0.019444618659000424
361,2,Right,4.714716268863917,0.12014442318576743
364,1,Left,-1.7287723108375426,-0.026375596494747845
365,1,Left,-11.812035164619427,0.16000492439185768
369,2,Right,0.7601818488303317,-0.41526374867107146
390,3,Sure,-0.8729264124562018,-0.2953421371210778
391,1,Left,-4.229653933726579,0.1297302272345809
401,2,Right,6.841373452140823,0.1612809424515814
412,2,Right,4.33602042710976,0.02646935249270173
413,2,Right,2.921854200386679,-0.03235988183530665
417,2,Right,3.3521073990803947,-0.02899509585359445
418,1,Left,-4.5685963720594955,0.1489738239207052
419,2,Right,1.3085747376241463,-0.0685524076261404
432,2,Right,0.31398474806653054,-0.222842638199743
435,2,Right,5.587083402144465,0.11692576727800225
438,1,Left,-6.058904095067636,0.1310516510069337
463,3,Sure,-0.28846776702787996,-0.3423514721006537
467,1,Left,-10.755317436528582,0.2442111864015808
469,1,Left,-3.7046608628531503,0.09977797123092366
470,1,Left,-0.07628272002119346,-0.2626619651436736
473,2,Right,4.741321045505507,0.047274934374981994
478,2,Right,2.4182752990127736,0.014149879514798453
480,2,Right,5.810674016763898,0.1106512027594812
481,1,Left,-9.998641147008694,0.14798154567222085
500,2,Right,7.364348900515864,0.15110706429338974
502,1,Left,-10.34597212147636,0.15075072954177024
508,2,Right,5.272875126957524,0.12333579117460973
514,1,Left,-1.6331146636188862,-0.03988259449168887
515,1,Left,-0.8903513399049366,-0.10670579857670096
526,2,Right,3.6349772514667555,-0.0026674513630141165
534,2,Right,6.943060392403439,0.14001488080822228
541,1,Left,-2.5257967773456307,0.052298035094946176
547,2,Right,2.162001588368211,-0.07430725979260332
575,2,Right,2.0565754244480003,-0.2139582904280534
579,2,Right,5.597310144125295,0.1152445555032103
601,2,Right,4.390094571672224,0.050530961939579
604,2,Right,0.9858518862467036,-0.27819674133864236
608,1,Left,-1.0264840541890097,-0.2164715868757945
613,1,Left,-0.8451968939494643,-0.24967035961943415
620,2,Right,4.728337514785233,0.026221983734822842
623,2,Right,4.368310159325372,0.11179199396146884
624,2,Right,8.17140572592477,0.24919764209963877
628,1,Left,-9.179434395312533,0.1286812277145671
636,1,Left,-0.19253361216723314,-0.14702183398586904
642,1,Left,-7.331131050761937,0.12588693592578662
644,1,Left,-4.918549967259208,0.14429125620032981
649,2,Right,4.900620686042989,0.013812411273477071
660,2,Right,0.7505652906279695,-0.17598637132125897
671,2,Right,5.166175272790359,0.07739072811737309
676,1,Left,-2.2534673593585084,0.028831689452736238
706,2,Right,2.8729404757056476,-0.0326588326719406
707,1,Left,-8.43012542871365,0.1299265993867638
717,1,Left,-2.8911250577556435,0.04607889398654015
724,1,Left,-8.302754785871006,0.19615364060768015
726,3,Sure,0.16155266116058076,-0.40462255633123295
733,1,Left,-6.335400596271398,0.11721271471319823
761,2,Right,0.4124568405506959,-0.23807826438684024
762,1,Left,-3.0820318922313237,0.11043827775684797
763,2,Right,0.17326959121614224,-0.23607733597282224
768,2,Right,5.218411062810672,0.1279305914644863
775,1,Left,-7.214650001963947,0.13479885859142682
788,1,Left,-4.967027129600803,0.11710873506938772
789,2,Right,1.4569108755678277,-0.14789568619563226
794,1,Left,-6.378220582892777,0.14713540528996014
800,2,Right,0.8581082767715903,-0.37903591306638956
816,1,Left,-0.024542999758435238,-0.18960426038207817
828,2,Right,3.5583438084630536,-0.006358637181316542
829,1,Left,-5.907071748067012,0.15970814010154094
832,2,Right,4.21741172479537,0.04758038192715104
836,2,Right,0.7661043145145369,-0.2759425721576864
838,2,Right,1.7767137560079906,-0.10924844968578866
903,2,Right,4.088824654426464,0.10837528743259718
908,1,Left,-6.106568530663202,0.11469450332290436
910,2,Right,1.776018783779767,-0.19860518725319634
916,3,Sure,-0.49167601930877675,-0.32380298688278114
925,1,Left,-5.252209279831695,0.14192729696591982
933,1,Left,-0.7609513561848783,-0.12591241785778415
937,2,Right,7.065534820042223,0.14222298168623568
941,1,Left,-2.169091290897452,0.01627693855426029
950,1,Left,-1.98005507977491,0.0004645215774109294
952,1,Left,-6.0923955679913435,0.11645002514349306
956,1,Left,-4.0519745931201125,0.10733308350394107
963,2,Right,5.278234948186543,0.11973558616833459
965,2,Right,0.691867640903717,-0.17419945912353144
972,1,Left,-8.06721858391389,0.12623765285565697
973,2,Right,6.562028823517491,0.1188823436227336
975,2,Right,1.4301827185486888,-0.07351773948260999
