source_trial_id,n_sure_repeats,n_direction_repeats,mean_confidence_sure,mean_confidence_direction,sure_minus_direction
58,22,78,-0.12880800049081428,-0.02865215371502094,-0.10015584677579334
73,1,99,-0.11988906197897402,-0.18992281456089263,0.07003375258191862
77,49,51,-0.06965750107917214,-0.03670038438244111,-0.03295711669673103
139,35,65,-0.10407843001302713,-0.053168120526744446,-0.05091030948628269
215,73,27,-0.10612887196155235,-0.08967775635559726,-0.016451115605955094
249,11,89,-0.17621830303975974,-0.05079484000839454,-0.1254234630313652
257,30,70,-0.12437704822392634,-0.08855314667795035,-0.03582390154597599
259,27,73,-0.14418490115964994,-0.13082702861113232,-0.013357872548517613
266,3,97,-0.23523850883705857,-0.19448230780756942,-0.04075620102948915
269,75,25,-0.16192248687455552,-0.1336276916042028,-0.028294795270352724
272,1,99,-0.20505471391421645,0.030613723915584944,-0.2356684378298014
291,55,45,-0.1697955367290825,-0.08989619547743592,-0.07989934125164659
324,25,75,-0.10556652232664886,0.029446464872751495,-0.13501298719940036
334,90,10,-0.10826150374142453,-0.07656932870105257,-0.03169217504037196
353,43,57,-0.05348553130525448,0.02103435782898336,-0.07451988913423784
369,49,51,-0.12274656384287949,-0.055511755720572334,-0.06723480812230716
390,70,30,-0.22546287719638775,-0.11896155752369879,-0.10650131967268896
463,91,9,-0.10901571133282235,-0.03549542769638995,-0.0735202836364324
575,5,95,-0.1362007436322139,0.017918492165014514,-0.15411923579722842
604,6,94,-0.14046809314432349,-0.0410152368636975,-0.09945285628062599
608,32,68,-0.11812214182470378,-0.08705440595228849,-0.031067735872415292
613,50,50,-0.15103947939650664,-0.13768099625475966,-0.01335848314174698
726,60,40,-0.18673237376120005,-0.07442225568529755,-0.11231011807590251
800,42,58,-0.09675334714611983,-0.04279360892662863,-0.053959738219491196
910,8,92,-0.09806449841298764,0.03495738987187478,-0.13302188828486242
916,90,10,-0.1334104341329968,-0.04919471851923743,-0.08421571561375937
