source_trial_id,p_sure,variability_class
19,0.0,stable Direction
22,0.0,stable Direction
25,0.0,stable Direction
28,0.0,stable Direction
32,0.0,stable Direction
33,0.0,stable Direction
38,0.0,stable Direction
47,0.0,stable Direction
58,0.22,variable
73,0.01,variable
75,0.0,stable Direction
77,0.49,variable
89,0.0,stable Direction
112,0.0,stable Direction
116,0.0,stable Direction
139,0.35,variable
152,0.0,stable Direction
171,0.0,stable Direction
188,0.0,stable Direction
209,0.0,stable Direction
215,0.73,variable
226,0.0,stable Direction
245,0.0,stable Direction
249,0.11,variable
257,0.3,variable
259,0.27,variable
266,0.03,variable
269,0.75,variable
272,0.01,variable
291,0.55,variable
296,0.0,stable Direction
311,0.0,stable Direction
324,0.25,variable
328,0.0,stable Direction
334,0.9,variable
339,0.0,stable Direction
353,0.43,variable
359,0.0,stable Direction
369,0.49,variable
390,0.7,variable
412,0.0,stable Direction
413,0.0,stable Direction
417,0.0,stable Direction
418,0.0,stable Direction
463,0.91,variable
467,0.0,stable Direction
469,0.0,stable Direction
470,0.0,stable Direction
473,0.0,stable Direction
480,0.0,stable Direction
526,0.0,stable Direction
575,0.05,variable
601,0.0,stable Direction
604,0.06,variable
608,0.32,variable
613,0.5,variable
620,0.0,stable Direction
628,0.0,stable Direction
649,0.0,stable Direction
671,0.0,stable Direction
706,0.0,stable Direction
717,0.0,stable Direction
724,0.0,stable Direction
726,0.6,variable
762,0.0,stable Direction
775,0.0,stable Direction
788,0.0,stable Direction
794,0.0,stable Direction
800,0.42,variable
828,0.0,stable Direction
829,0.0,stable Direction
832,0.0,stable Direction
910,0.08,variable
916,0.9,variable
973,0.0,stable Direction
