event,relative_time_ms,choice_test_roc_auc,confidence_test_pearson_r,choice_familywise_threshold,confidence_familywise_threshold
motion_onset,-100,0.5,nan,0.9475563909774435,0.5772429578477691
motion_onset,-90,0.5,nan,0.9475563909774435,0.5772429578477691
motion_onset,-80,0.5,nan,0.9475563909774435,0.5772429578477691
motion_onset,-70,0.5,nan,0.9475563909774435,0.5772429578477691
motion_onset,-60,0.5,nan,0.9475563909774435,0.5772429578477691
motion_onset,-50,0.5,nan,0.9475563909774435,0.5772429578477691
motion_onset,-40,0.5,nan,0.9475563909774435,0.5772429578477691
motion_onset,-30,0.5,nan,0.9475563909774435,0.5772429578477691
motion_onset,-20,0.5,nan,0.9475563909774435,0.5772429578477691
motion_onset,-10,0.5,nan,0.9475563909774435,0.5772429578477691
motion_onset,0,0.5,nan,0.9475563909774435,0.5772429578477691
motion_onset,10,0.871919191919192,0.42118963052397934,0.9475563909774435,0.5772429578477691
motion_onset,20,0.904040404040404,0.45868302952551043,0.9475563909774435,0.5772429578477691
motion_onset,30,0.9232323232323232,0.47243289536727984,0.9475563909774435,0.5772429578477691
motion_onset,40,0.9266666666666665,0.48660864130831305,0.9475563909774435,0.5772429578477691
motion_onset,50,0.9294949494949495,0.49883446785908886,0.9475563909774435,0.5772429578477691
motion_onset,60,0.9371717171717171,0.5138761101683542,0.9475563909774435,0.5772429578477691
motion_onset,70,0.9446464646464647,0.5194928348084152,0.9475563909774435,0.5772429578477691
motion_onset,80,0.953131313131313,0.5304146665850289,0.9475563909774435,0.5772429578477691
motion_onset,90,0.9595959595959597,0.5335089703269505,0.9475563909774435,0.5772429578477691
motion_onset,100,0.9664646464646465,0.5410668360111905,0.9475563909774435,0.5772429578477691
motion_onset,110,0.9688888888888889,0.5517212432994547,0.9475563909774435,0.5772429578477691
motion_onset,120,0.9761616161616162,0.5633351453915564,0.9475563909774435,0.5772429578477691
motion_onset,130,0.9785858585858586,0.5717870242526514,0.9475563909774435,0.5772429578477691
motion_onset,140,0.9814141414141414,0.580047921408028,0.9475563909774435,0.5772429578477691
motion_onset,150,0.9816161616161616,0.5872083837760186,0.9475563909774435,0.5772429578477691
motion_onset,160,0.9828282828282828,0.5918085596426776,0.9475563909774435,0.5772429578477691
motion_onset,170,0.9834343434343433,0.6014558636917506,0.9475563909774435,0.5772429578477691
motion_onset,180,0.9832323232323232,0.6106046689425957,0.9475563909774435,0.5772429578477691
motion_onset,190,0.983030303030303,0.6196983083379791,0.9475563909774435,0.5772429578477691
motion_onset,200,0.9826262626262626,0.626933656940179,0.9475563909774435,0.5772429578477691
motion_onset,210,0.9816161616161616,0.6345228613895089,0.9475563909774435,0.5772429578477691
motion_onset,220,0.9814141414141414,0.6373545670390818,0.9475563909774435,0.5772429578477691
motion_onset,230,0.9818181818181818,0.6409665982578906,0.9475563909774435,0.5772429578477691
motion_onset,240,0.9808080808080808,0.641831237561236,0.9475563909774435,0.5772429578477691
motion_onset,250,0.9793939393939394,0.6446050861228961,0.9475563909774435,0.5772429578477691
motion_onset,260,0.976969696969697,0.6458106295148789,0.9475563909774435,0.5772429578477691
motion_onset,270,0.9761616161616161,0.6493224169784009,0.9475563909774435,0.5772429578477691
motion_onset,280,0.9755555555555555,0.64912896835167,0.9475563909774435,0.5772429578477691
motion_onset,290,0.9755555555555555,0.6493883232203163,0.9475563909774435,0.5772429578477691
motion_onset,300,0.9759595959595959,0.6467958952627585,0.9475563909774435,0.5772429578477691
motion_onset,310,0.9793939393939394,0.6442462874212658,0.9475563909774435,0.5772429578477691
motion_onset,320,0.9806060606060605,0.6431096409957496,0.9475563909774435,0.5772429578477691
motion_onset,330,0.982020202020202,0.6429937175745627,0.9475563909774435,0.5772429578477691
motion_onset,340,0.9836363636363636,0.6427949527995132,0.9475563909774435,0.5772429578477691
motion_onset,350,0.9842424242424243,0.6438277234001559,0.9475563909774435,0.5772429578477691
motion_onset,360,0.9844444444444445,0.6444840165392755,0.9475563909774435,0.5772429578477691
motion_onset,370,0.9854545454545455,0.6456029990673697,0.9475563909774435,0.5772429578477691
motion_onset,380,0.9852525252525253,0.6486240617058877,0.9475563909774435,0.5772429578477691
motion_onset,390,0.9866666666666667,0.6499388458857076,0.9475563909774435,0.5772429578477691
motion_onset,400,0.9870707070707071,0.6514176665555449,0.9475563909774435,0.5772429578477691
motion_offset,-350,0.9806060606060606,0.6539240523003119,0.9475563909774435,0.5772429578477691
motion_offset,-340,0.982020202020202,0.662044953033147,0.9475563909774435,0.5772429578477691
motion_offset,-330,0.9834343434343433,0.6705559726328854,0.9475563909774435,0.5772429578477691
motion_offset,-320,0.9844444444444443,0.6776982958759618,0.9475563909774435,0.5772429578477691
motion_offset,-310,0.986060606060606,0.6811612116850503,0.9475563909774435,0.5772429578477691
motion_offset,-300,0.9874747474747475,0.6825653595574956,0.9475563909774435,0.5772429578477691
motion_offset,-290,0.9896969696969697,0.6823235523199781,0.9475563909774435,0.5772429578477691
motion_offset,-280,0.990909090909091,0.6824929513721808,0.9475563909774435,0.5772429578477691
motion_offset,-270,0.9913131313131314,0.6826846923018922,0.9475563909774435,0.5772429578477691
motion_offset,-260,0.9915151515151515,0.6870128974451352,0.9475563909774435,0.5772429578477691
motion_offset,-250,0.9901010101010101,0.6927073844899481,0.9475563909774435,0.5772429578477691
motion_offset,-240,0.98989898989899,0.6996040405994427,0.9475563909774435,0.5772429578477691
motion_offset,-230,0.9903030303030304,0.7055913095531843,0.9475563909774435,0.5772429578477691
motion_offset,-220,0.9905050505050506,0.7110204287409928,0.9475563909774435,0.5772429578477691
motion_offset,-210,0.9913131313131314,0.7148511312791311,0.9475563909774435,0.5772429578477691
motion_offset,-200,0.9917171717171718,0.719407415260481,0.9475563909774435,0.5772429578477691
motion_offset,-190,0.9925252525252526,0.7241274799633394,0.9475563909774435,0.5772429578477691
motion_offset,-180,0.9933333333333334,0.7278442084242516,0.9475563909774435,0.5772429578477691
motion_offset,-170,0.9939393939393939,0.7308693120543623,0.9475563909774435,0.5772429578477691
motion_offset,-160,0.9939393939393939,0.734093569980672,0.9475563909774435,0.5772429578477691
motion_offset,-150,0.9941414141414142,0.7353402966505121,0.9475563909774435,0.5772429578477691
motion_offset,-140,0.9941414141414142,0.7356561914209446,0.9475563909774435,0.5772429578477691
motion_offset,-130,0.9945454545454546,0.7360715471967778,0.9475563909774435,0.5772429578477691
motion_offset,-120,0.9945454545454546,0.7367038941764027,0.9475563909774435,0.5772429578477691
motion_offset,-110,0.9945454545454546,0.7370759207111228,0.9475563909774435,0.5772429578477691
motion_offset,-100,0.9945454545454546,0.7377932476093515,0.9475563909774435,0.5772429578477691
motion_offset,-90,0.9947474747474748,0.738778115231253,0.9475563909774435,0.5772429578477691
motion_offset,-80,0.9947474747474747,0.739060370794145,0.9475563909774435,0.5772429578477691
motion_offset,-70,0.9953535353535353,0.7388003747598162,0.9475563909774435,0.5772429578477691
motion_offset,-60,0.9955555555555555,0.7383370117291678,0.9475563909774435,0.5772429578477691
motion_offset,-50,0.9961616161616161,0.7381472707943464,0.9475563909774435,0.5772429578477691
motion_offset,-40,0.996969696969697,0.7379322324988481,0.9475563909774435,0.5772429578477691
motion_offset,-30,0.9975757575757576,0.7387843540859834,0.9475563909774435,0.5772429578477691
motion_offset,-20,0.9973737373737374,0.7399079719346251,0.9475563909774435,0.5772429578477691
motion_offset,-10,0.9979797979797981,0.7413193265820017,0.9475563909774435,0.5772429578477691
motion_offset,0,0.9981818181818183,0.7424515402068168,0.9475563909774435,0.5772429578477691
motion_offset,10,0.9985858585858587,0.7436260618519783,0.9475563909774435,0.5772429578477691
motion_offset,20,0.9985858585858587,0.7438960403287418,0.9475563909774435,0.5772429578477691
motion_offset,30,0.9985858585858587,0.7445424525521434,0.9475563909774435,0.5772429578477691
motion_offset,40,0.9987878787878788,0.7452406651054481,0.9475563909774435,0.5772429578477691
motion_offset,50,0.9987878787878788,0.7462342264702144,0.9475563909774435,0.5772429578477691
motion_offset,60,0.9991919191919192,0.7473469590432399,0.9475563909774435,0.5772429578477691
motion_offset,70,0.9991919191919192,0.7485553381478273,0.9475563909774435,0.5772429578477691
motion_offset,80,0.9991919191919192,0.7498346783335544,0.9475563909774435,0.5772429578477691
motion_offset,90,0.9991919191919192,0.7511459773826241,0.9475563909774435,0.5772429578477691
motion_offset,100,0.9995959595959596,0.7524498154678685,0.9475563909774435,0.5772429578477691
motion_offset,110,0.9995959595959596,0.7537278034618328,0.9475563909774435,0.5772429578477691
motion_offset,120,0.9995959595959596,0.7549634871161526,0.9475563909774435,0.5772429578477691
motion_offset,130,0.9995959595959596,0.7561465948936524,0.9475563909774435,0.5772429578477691
motion_offset,140,0.9995959595959596,0.7572853260262056,0.9475563909774435,0.5772429578477691
motion_offset,150,0.9995959595959596,0.7583615588803815,0.9475563909774435,0.5772429578477691
motion_offset,160,0.9995959595959596,0.7593833152291697,0.9475563909774435,0.5772429578477691
motion_offset,170,0.9995959595959596,0.7603487560275947,0.9475563909774435,0.5772429578477691
motion_offset,180,0.9995959595959596,0.761245997477978,0.9475563909774435,0.5772429578477691
motion_offset,190,0.9995959595959596,0.7620781793944316,0.9475563909774435,0.5772429578477691
motion_offset,200,0.9995959595959596,0.7628318958780445,0.9475563909774435,0.5772429578477691
motion_offset,210,0.9995959595959596,0.7635093590925637,0.9475563909774435,0.5772429578477691
motion_offset,220,0.9995959595959596,0.7641034253620838,0.9475563909774435,0.5772429578477691
motion_offset,230,0.9995959595959596,0.7646305320905726,0.9475563909774435,0.5772429578477691
motion_offset,240,0.9995959595959596,0.7650778469243357,0.9475563909774435,0.5772429578477691
motion_offset,250,0.9995959595959596,0.7654601051607349,0.9475563909774435,0.5772429578477691
motion_offset,260,0.9995959595959596,0.7657828431662589,0.9475563909774435,0.5772429578477691
motion_offset,270,0.9995959595959596,0.7660565097598402,0.9475563909774435,0.5772429578477691
motion_offset,280,0.9995959595959596,0.7662840003066883,0.9475563909774435,0.5772429578477691
motion_offset,290,0.9995959595959596,0.7664732320568837,0.9475563909774435,0.5772429578477691
motion_offset,300,0.9995959595959596,0.7666327183835518,0.9475563909774435,0.5772429578477691
motion_offset,310,0.9995959595959596,0.7667562039931034,0.9475563909774435,0.5772429578477691
motion_offset,320,0.9995959595959596,0.7668565356245652,0.9475563909774435,0.5772429578477691
motion_offset,330,0.9997979797979798,0.7669278424693423,0.9475563909774435,0.5772429578477691
motion_offset,340,0.9997979797979798,0.7669868643433376,0.9475563909774435,0.5772429578477691
motion_offset,350,0.9997979797979798,0.767031827252663,0.9475563909774435,0.5772429578477691
motion_offset,360,0.9997979797979798,0.7670720180017254,0.9475563909774435,0.5772429578477691
motion_offset,370,0.9997979797979798,0.7671204669553626,0.9475563909774435,0.5772429578477691
motion_offset,380,0.9997979797979798,0.7671724823268466,0.9475563909774435,0.5772429578477691
motion_offset,390,0.9997979797979798,0.7672324120498818,0.9475563909774435,0.5772429578477691
motion_offset,400,0.9997979797979798,0.7673056815980097,0.9475563909774435,0.5772429578477691
sure_target_onset,-300,1.0,0.75994914314561,0.9475563909774435,0.5772429578477691
sure_target_onset,-290,1.0,0.7606858421282132,0.9475563909774435,0.5772429578477691
sure_target_onset,-280,1.0,0.761373678236625,0.9475563909774435,0.5772429578477691
sure_target_onset,-270,1.0,0.7620191307931723,0.9475563909774435,0.5772429578477691
sure_target_onset,-260,1.0,0.7626404063980938,0.9475563909774435,0.5772429578477691
sure_target_onset,-250,1.0,0.7632346120926805,0.9475563909774435,0.5772429578477691
sure_target_onset,-240,1.0,0.7638289713850164,0.9475563909774435,0.5772429578477691
sure_target_onset,-230,1.0,0.7644165648758169,0.9475563909774435,0.5772429578477691
sure_target_onset,-220,1.0,0.7649806948074823,0.9475563909774435,0.5772429578477691
sure_target_onset,-210,1.0,0.7655047818338369,0.9475563909774435,0.5772429578477691
sure_target_onset,-200,1.0,0.7659806344074044,0.9475563909774435,0.5772429578477691
sure_target_onset,-190,1.0,0.7663964197443587,0.9475563909774435,0.5772429578477691
sure_target_onset,-180,1.0,0.7667496885998359,0.9475563909774435,0.5772429578477691
sure_target_onset,-170,1.0,0.7670468731427205,0.9475563909774435,0.5772429578477691
sure_target_onset,-160,1.0,0.7673025568719051,0.9475563909774435,0.5772429578477691
sure_target_onset,-150,1.0,0.7675208780732364,0.9475563909774435,0.5772429578477691
sure_target_onset,-140,1.0,0.7677138048621549,0.9475563909774435,0.5772429578477691
sure_target_onset,-130,1.0,0.7678773244468845,0.9475563909774435,0.5772429578477691
sure_target_onset,-120,1.0,0.768013571561641,0.9475563909774435,0.5772429578477691
sure_target_onset,-110,1.0,0.7681177565971677,0.9475563909774435,0.5772429578477691
sure_target_onset,-100,1.0,0.7681942292450324,0.9475563909774435,0.5772429578477691
sure_target_onset,-90,1.0,0.7682384271078524,0.9475563909774435,0.5772429578477691
sure_target_onset,-80,1.0,0.7682559924049708,0.9475563909774435,0.5772429578477691
sure_target_onset,-70,1.0,0.7682519447930538,0.9475563909774435,0.5772429578477691
sure_target_onset,-60,1.0,0.768225915653097,0.9475563909774435,0.5772429578477691
sure_target_onset,-50,1.0,0.7681738103356871,0.9475563909774435,0.5772429578477691
sure_target_onset,-40,1.0,0.7680980065218913,0.9475563909774435,0.5772429578477691
sure_target_onset,-30,1.0,0.7680079272886919,0.9475563909774435,0.5772429578477691
sure_target_onset,-20,1.0,0.767901871224328,0.9475563909774435,0.5772429578477691
sure_target_onset,-10,1.0,0.7677891948738093,0.9475563909774435,0.5772429578477691
sure_target_onset,0,1.0,0.7676811368217892,0.9475563909774435,0.5772429578477691
sure_target_onset,10,1.0,0.7675759536001354,0.9475563909774435,0.5772429578477691
sure_target_onset,20,1.0,0.7674886938265912,0.9475563909774435,0.5772429578477691
sure_target_onset,30,1.0,0.7677076720271693,0.9475563909774435,0.5772429578477691
sure_target_onset,40,1.0,0.7686326165701204,0.9475563909774435,0.5772429578477691
sure_target_onset,50,1.0,0.7704869835065058,0.9475563909774435,0.5772429578477691
sure_target_onset,60,1.0,0.7734870390310105,0.9475563909774435,0.5772429578477691
sure_target_onset,70,1.0,0.7776208623272278,0.9475563909774435,0.5772429578477691
sure_target_onset,80,1.0,0.7823272551947956,0.9475563909774435,0.5772429578477691
sure_target_onset,90,1.0,0.7868590179526268,0.9475563909774435,0.5772429578477691
sure_target_onset,100,1.0,0.7907033404440419,0.9475563909774435,0.5772429578477691
go_cue,-500,0.9993939393939394,0.7590431324774463,0.9475563909774435,0.5772429578477691
go_cue,-490,0.9993939393939394,0.7595504050732306,0.9475563909774435,0.5772429578477691
go_cue,-480,0.9993939393939394,0.7598670176375324,0.9475563909774435,0.5772429578477691
go_cue,-470,0.9993939393939394,0.7599345886515984,0.9475563909774435,0.5772429578477691
go_cue,-460,0.9993939393939394,0.7597851955182803,0.9475563909774435,0.5772429578477691
go_cue,-450,0.9993939393939394,0.7594585305981274,0.9475563909774435,0.5772429578477691
go_cue,-440,0.9993939393939394,0.7589197617006775,0.9475563909774435,0.5772429578477691
go_cue,-430,0.9993939393939394,0.7583362582946923,0.9475563909774435,0.5772429578477691
go_cue,-420,0.9993939393939394,0.757955620491131,0.9475563909774435,0.5772429578477691
go_cue,-410,0.9993939393939394,0.7577749993951223,0.9475563909774435,0.5772429578477691
go_cue,-400,0.9993939393939394,0.7576969303520074,0.9475563909774435,0.5772429578477691
go_cue,-390,0.9993939393939394,0.7577725143643147,0.9475563909774435,0.5772429578477691
go_cue,-380,0.9993939393939394,0.7579253349633324,0.9475563909774435,0.5772429578477691
go_cue,-370,0.9993939393939394,0.7578576012238707,0.9475563909774435,0.5772429578477691
go_cue,-360,0.9993939393939394,0.7576272334953291,0.9475563909774435,0.5772429578477691
go_cue,-350,0.9993939393939394,0.7575814880878616,0.9475563909774435,0.5772429578477691
go_cue,-340,0.9993939393939394,0.7575183512770609,0.9475563909774435,0.5772429578477691
go_cue,-330,0.9993939393939394,0.757393808017646,0.9475563909774435,0.5772429578477691
go_cue,-320,0.9993939393939394,0.757037160827424,0.9475563909774435,0.5772429578477691
go_cue,-310,0.9993939393939394,0.7563116277817167,0.9475563909774435,0.5772429578477691
go_cue,-300,0.9993939393939394,0.7551742806673603,0.9475563909774435,0.5772429578477691
go_cue,-290,0.9995959595959596,0.7540590274954417,0.9475563909774435,0.5772429578477691
go_cue,-280,0.9995959595959596,0.7529753305044476,0.9475563909774435,0.5772429578477691
go_cue,-270,0.9995959595959596,0.752005031394523,0.9475563909774435,0.5772429578477691
go_cue,-260,1.0,0.7514291272207786,0.9475563909774435,0.5772429578477691
go_cue,-250,1.0,0.7514768492976406,0.9475563909774435,0.5772429578477691
go_cue,-240,1.0,0.7517981492485123,0.9475563909774435,0.5772429578477691
go_cue,-230,1.0,0.7523891594067242,0.9475563909774435,0.5772429578477691
go_cue,-220,1.0,0.7533990971253522,0.9475563909774435,0.5772429578477691
go_cue,-210,1.0,0.7547185138755036,0.9475563909774435,0.5772429578477691
go_cue,-200,1.0,0.7562008953782096,0.9475563909774435,0.5772429578477691
go_cue,-190,1.0,0.7579307382052871,0.9475563909774435,0.5772429578477691
go_cue,-180,1.0,0.7597495656265398,0.9475563909774435,0.5772429578477691
go_cue,-170,1.0,0.7614921475831292,0.9475563909774435,0.5772429578477691
go_cue,-160,1.0,0.7631646897271714,0.9475563909774435,0.5772429578477691
go_cue,-150,1.0,0.7647272422901558,0.9475563909774435,0.5772429578477691
go_cue,-140,1.0,0.7660527522662227,0.9475563909774435,0.5772429578477691
go_cue,-130,1.0,0.7672556065810543,0.9475563909774435,0.5772429578477691
go_cue,-120,1.0,0.7683836616344112,0.9475563909774435,0.5772429578477691
go_cue,-110,1.0,0.7694472120748308,0.9475563909774435,0.5772429578477691
go_cue,-100,1.0,0.7704325469938432,0.9475563909774435,0.5772429578477691
go_cue,-90,1.0,0.7713517475347869,0.9475563909774435,0.5772429578477691
go_cue,-80,1.0,0.7722157671378709,0.9475563909774435,0.5772429578477691
go_cue,-70,1.0,0.7730188926682621,0.9475563909774435,0.5772429578477691
go_cue,-60,1.0,0.773781700778508,0.9475563909774435,0.5772429578477691
go_cue,-50,1.0,0.7745013121817849,0.9475563909774435,0.5772429578477691
go_cue,-40,1.0,0.7751620987185419,0.9475563909774435,0.5772429578477691
go_cue,-30,1.0,0.7757595168402239,0.9475563909774435,0.5772429578477691
go_cue,-20,1.0,0.776282632432573,0.9475563909774435,0.5772429578477691
go_cue,-10,1.0,0.7767089497123736,0.9475563909774435,0.5772429578477691
go_cue,0,1.0,0.7770286305037144,0.9475563909774435,0.5772429578477691
go_cue,10,1.0,0.7772581432512148,0.9475563909774435,0.5772429578477691
go_cue,20,1.0,0.7772012730594721,0.9475563909774435,0.5772429578477691
go_cue,30,1.0,0.776725057725684,0.9475563909774435,0.5772429578477691
go_cue,40,1.0,0.7758351862148953,0.9475563909774435,0.5772429578477691
go_cue,50,1.0,0.7745240791218304,0.9475563909774435,0.5772429578477691
go_cue,60,1.0,0.7727985765685332,0.9475563909774435,0.5772429578477691
go_cue,70,1.0,0.770801629201139,0.9475563909774435,0.5772429578477691
go_cue,80,1.0,0.7686199901747719,0.9475563909774435,0.5772429578477691
go_cue,90,1.0,0.7661986496971195,0.9475563909774435,0.5772429578477691
go_cue,100,1.0,0.7635049428142706,0.9475563909774435,0.5772429578477691
go_cue,110,1.0,0.7605245945770167,0.9475563909774435,0.5772429578477691
go_cue,120,1.0,0.7572757688992916,0.9475563909774435,0.5772429578477691
go_cue,130,1.0,0.7538387324854215,0.9475563909774435,0.5772429578477691
go_cue,140,1.0,0.750314862368859,0.9475563909774435,0.5772429578477691
go_cue,150,1.0,0.7467872495087282,0.9475563909774435,0.5772429578477691
go_cue,160,1.0,0.7433787691298941,0.9475563909774435,0.5772429578477691
go_cue,170,1.0,0.7401860607297652,0.9475563909774435,0.5772429578477691
go_cue,180,1.0,0.7372852907366034,0.9475563909774435,0.5772429578477691
go_cue,190,1.0,0.7347274134652954,0.9475563909774435,0.5772429578477691
go_cue,200,1.0,0.732559811983182,0.9475563909774435,0.5772429578477691
go_cue,210,0.9997979797979798,0.7307878912686041,0.9475563909774435,0.5772429578477691
go_cue,220,0.9997979797979798,0.7293443449828497,0.9475563909774435,0.5772429578477691
go_cue,230,0.9997979797979798,0.7282212757122859,0.9475563909774435,0.5772429578477691
go_cue,240,0.9995959595959596,0.7273702133667095,0.9475563909774435,0.5772429578477691
go_cue,250,0.9995959595959596,0.7267586955858377,0.9475563909774435,0.5772429578477691
go_cue,260,0.9995959595959596,0.7263558249501942,0.9475563909774435,0.5772429578477691
go_cue,270,0.9995959595959596,0.7261407593478348,0.9475563909774435,0.5772429578477691
go_cue,280,0.9995959595959596,0.7261057978947454,0.9475563909774435,0.5772429578477691
go_cue,290,0.9995959595959596,0.7262162945855131,0.9475563909774435,0.5772429578477691
go_cue,300,0.9995959595959596,0.7264648965879549,0.9475563909774435,0.5772429578477691
