source_trial_id,final_choice_name,pc1,pc2
469,Left,4.597504615783691,3.9943039417266846
209,Left,5.590338230133057,2.8778741359710693
266,Left,1.1835899353027344,4.809526443481445
575,Right,-1.747157335281372,4.275681495666504
836,Right,-0.4029286503791809,1.4118260145187378
97,Left,5.793464183807373,-4.138298988342285
89,Left,7.037148952484131,1.0206130743026733
171,Right,-4.5124125480651855,0.7010977864265442
470,Left,0.6742205619812012,5.0023627281188965
473,Right,-5.269009113311768,-0.0946996733546257
272,Right,-2.4936723709106445,2.422419548034668
328,Right,-4.930631637573242,-0.2437763512134552
620,Right,-5.25165319442749,-0.5351002216339111
32,Right,-8.47853946685791,-4.759152412414551
636,Left,0.5155843496322632,3.246265172958374
502,Left,10.631202697753906,-7.955888748168945
182,Right,-0.930052638053894,1.7408530712127686
768,Right,-6.2620720863342285,-3.901914119720459
98,Left,8.670605659484863,-5.884365081787109
508,Right,-6.502590656280518,-3.3514392375946045
22,Right,-4.7053728103637695,0.7853142023086548
604,Right,-0.5424385070800781,4.795116424560547
38,Left,3.9129912853240967,4.743593215942383
644,Left,5.107693672180176,-3.4114832878112793
95,Right,-4.798391342163086,-1.1219278573989868
353,Right,-1.0239771604537964,5.47824764251709
547,Right,-2.2071311473846436,0.1614658385515213
264,Right,-1.5985382795333862,1.2704163789749146
339,Right,-3.739701986312866,2.084059715270996
419,Right,-1.1874418258666992,2.3503448963165283
85,Right,-7.1117706298828125,-4.1849565505981445
369,Right,-0.3767171800136566,5.693031311035156
726,Sure,0.30117034912109375,6.256417274475098
269,Sure,0.7052307724952698,6.194601058959961
418,Left,5.18554162979126,0.21717305481433868
401,Right,-8.493953704833984,-6.254389762878418
733,Left,6.572752475738525,-3.6922621726989746
229,Right,-4.761398792266846,-2.042208671569824
33,Right,-3.9164016246795654,1.8647420406341553
789,Right,-1.3094338178634644,1.0363099575042725
707,Left,8.70113468170166,-5.762811183929443
432,Right,0.08868701010942459,2.9325270652770996
215,Sure,0.6850588917732239,6.065727233886719
956,Left,4.271612167358398,-1.8841254711151123
364,Left,1.990852952003479,1.0168191194534302
359,Right,-4.3456573486328125,1.2534964084625244
270,Left,0.6489617228507996,3.0622920989990234
941,Left,2.419809103012085,-0.28295591473579407
69,Left,5.026803970336914,-3.2677133083343506
601,Right,-4.866481304168701,0.5863219499588013
514,Left,1.8993858098983765,0.9933232069015503
19,Left,3.000225067138672,3.76656436920166
579,Right,-6.865235328674316,-4.1837687492370605
500,Right,-9.117341995239258,-7.401346683502197
188,Left,9.036746978759766,-1.509223461151123
112,Right,-4.883993625640869,0.36692139506340027
307,Left,2.4514355659484863,0.11935754120349884
478,Right,-2.632148504257202,0.5828054547309875
252,Right,0.11397065222263336,1.2962639331817627
334,Sure,0.5597242116928101,6.570631980895996
975,Right,-1.3282183408737183,1.9780004024505615
43,Left,2.621171236038208,-0.3400409519672394
910,Right,-1.643279790878296,4.869136810302734
832,Right,-4.655317783355713,0.8832935690879822
963,Right,-6.502434730529785,-3.3902366161346436
66,Left,10.348176002502441,-7.741213798522949
161,Left,8.643071174621582,-5.722796440124512
724,Left,9.094059944152832,-2.671401023864746
937,Right,-8.732308387756348,-6.878353118896484
676,Left,2.5009114742279053,-0.23679840564727783
829,Left,6.476210117340088,-1.1672518253326416
788,Left,5.8469672203063965,2.399480104446411
706,Right,-2.9309585094451904,3.2013938426971436
903,Right,-4.895757675170898,-1.5138276815414429
800,Right,-0.4412251114845276,5.383127689361572
391,Left,4.4311628341674805,-2.799790620803833
526,Right,-3.8815579414367676,1.9220860004425049
763,Right,0.22974467277526855,1.952630877494812
908,Left,6.341763496398926,-3.4428107738494873
925,Left,5.443633079528809,-3.538299798965454
139,Right,-0.5328478813171387,5.361077785491943
75,Left,11.726518630981445,-5.212212085723877
79,Left,11.255434036254883,-8.712711334228516
534,Right,-8.578448295593262,-6.644145488739014
58,Right,-0.581411600112915,5.251107692718506
613,Left,1.542698860168457,6.255218982696533
365,Left,12.120014190673828,-9.850174903869629
288,Left,7.1505889892578125,-4.292312145233154
973,Right,-7.588762283325195,-3.334942579269409
73,Left,0.7300994396209717,4.594936847686768
259,Left,1.052321195602417,5.631502628326416
311,Right,-4.590124130249023,0.9343754649162292
671,Right,-5.887869358062744,-1.6426396369934082
216,Right,-5.723745822906494,-2.8561367988586426
291,Sure,0.6841139793395996,5.8945536613464355
226,Left,3.18221378326416,5.1257171630859375
467,Left,11.427324295043945,-6.3093671798706055
49,Right,-5.465263843536377,-2.4284489154815674
152,Left,6.295570373535156,1.8186136484146118
649,Right,-5.418857097625732,-0.5759644508361816
933,Left,1.068856954574585,1.480258584022522
481,Left,10.276839256286621,-7.585881233215332
292,Left,3.2918624877929688,-2.385892868041992
515,Left,1.1917082071304321,0.8673040270805359
245,Right,-6.426504611968994,-1.9646316766738892
296,Right,-4.951386451721191,0.2780432105064392
249,Left,2.75533127784729,6.144613265991211
950,Left,2.2358224391937256,0.4306841790676117
838,Right,-1.7207494974136353,0.6731681823730469
351,Left,12.08041763305664,-9.704899787902832
361,Right,-5.640223026275635,-2.8768372535705566
660,Right,-0.4430418908596039,2.6855342388153076
413,Right,-2.940349578857422,2.1665310859680176
463,Sure,0.7215613722801208,6.628739833831787
47,Right,-5.168705463409424,0.10766755789518356
116,Left,8.779434204101562,-2.3768248558044434
201,Left,7.623991012573242,-4.687439918518066
762,Left,3.981492519378662,5.058120250701904
17,Left,4.740182399749756,-4.340365886688232
828,Right,-3.783803939819336,2.0530521869659424
624,Right,-10.235774040222168,-8.584543228149414
324,Right,-1.251368522644043,5.1537909507751465
25,Left,7.67927885055542,-2.4610605239868164
294,Right,-6.468505859375,-3.9569363594055176
816,Left,0.3931802809238434,2.8658154010772705
417,Right,-3.5000035762786865,2.356271266937256
916,Sure,1.0684012174606323,6.562511444091797
623,Right,-5.1507954597473145,-2.4051597118377686
135,Right,-5.165379524230957,-2.04057240486145
608,Left,1.7195262908935547,6.395541191101074
775,Left,8.073200225830078,-0.3302139341831207
761,Right,-0.010393748991191387,2.659898281097412
480,Right,-6.632856369018555,-2.230909824371338
27,Right,-5.976784706115723,-2.4717390537261963
717,Left,3.795396089553833,4.569615364074707
438,Left,6.264098167419434,-3.8978805541992188
642,Left,7.583670139312744,-4.717604160308838
28,Right,-5.298336505889893,-0.7350302338600159
972,Left,8.335140228271484,-5.360637187957764
965,Right,-0.37403202056884766,2.8858261108398438
435,Right,-6.8369317054748535,-4.235580921173096
412,Right,-4.794175624847412,-0.08210475742816925
628,Left,10.010419845581055,-2.6324291229248047
541,Left,2.7662463188171387,-1.311904788017273
333,Right,-2.406193733215332,-0.49046793580055237
77,Sure,-0.29747462272644043,5.818178653717041
952,Left,6.332770824432373,-3.414996385574341
794,Left,7.239842891693115,0.26858294010162354
390,Sure,1.5128073692321777,6.867784023284912
257,Right,-0.1710689812898636,5.1702189445495605
