event,relative_time_ms,n_test,n_test_left,n_test_right,choice_projection_mean_left,choice_projection_mean_right,choice_projection_right_minus_left,choice_projection_cohens_d,confidence_projection_pearson_r,confidence_projection_spearman_rho,n_test_later_sure,n_test_later_direction,confidence_projection_mean_later_sure,confidence_projection_mean_later_direction,confidence_projection_sure_minus_direction
motion_onset,-100,150,72,69,0.9856042757871162,0.9856042757871158,-3.3306690738754696e-16,-1.4193282754962606,nan,nan,9,66,-0.23005007922313336,-0.2300500792231333,-5.551115123125783e-17
motion_onset,-90,150,72,69,0.9650184245544791,0.9650184245544787,-3.3306690738754696e-16,-1.8960030554318463,nan,nan,9,66,-0.20929280361802635,-0.20929280361802638,2.7755575615628914e-17
motion_onset,-80,150,72,69,0.9458567697244771,0.9458567697244771,0.0,nan,nan,nan,9,66,-0.18774354129243964,-0.18774354129243964,0.0
motion_onset,-70,150,72,69,0.928371378378476,0.9283713783784763,2.220446049250313e-16,1.4193282754962604,nan,nan,9,66,-0.16579884966017877,-0.16579884966017877,0.0
motion_onset,-60,150,72,69,0.9127480792436844,0.9127480792436844,0.0,0.0,nan,nan,9,66,-0.1437949384001845,-0.14379493840018448,-2.7755575615628914e-17
motion_onset,-50,150,72,69,0.8991065012398644,0.8991065012398642,-1.1102230246251565e-16,-1.3894443333777555,nan,nan,9,66,-0.12202290598487678,-0.12202290598487678,0.0
motion_onset,-40,150,72,69,0.8875146400372673,0.8875146400372673,0.0,0.0,nan,nan,9,66,-0.10073066608608135,-0.10073066608608135,0.0
motion_onset,-30,150,72,69,0.8778662368955492,0.8778662368955492,0.0,0.0,nan,nan,9,66,-0.08002633732269952,-0.08002633732269952,0.0
motion_onset,-20,150,72,69,0.8699410844558039,0.8699410844558038,-1.1102230246251565e-16,-1.4193282754962604,nan,nan,9,66,-0.05985293048507126,-0.05985293048507125,-6.938893903907228e-18
motion_onset,-10,150,72,69,0.8635249352615791,0.8635249352615793,1.1102230246251565e-16,0.6320010184772821,nan,nan,9,66,-0.04015936230811139,-0.0401593623081114,1.3877787807814457e-17
motion_onset,0,150,72,69,0.8584371683824549,0.8584371683824547,-2.220446049250313e-16,-1.4193282754962604,nan,nan,9,66,-0.020915542703130827,-0.02091554270313083,3.469446951953614e-18
motion_onset,10,150,72,69,0.8511785808505599,0.8599853344716458,0.008806753621085961,1.5662630610611432,0.18414560396767027,0.3601991199608872,9,66,-0.00185412860287873,-0.001946802645099449,9.267404222071895e-05
motion_onset,20,150,72,69,0.841600130498544,0.8684868642032868,0.026886733704742816,1.6907187889351076,0.1582346675761157,0.3472705453575714,9,66,0.01721561342578396,0.01672601820104387,0.00048959522474009
motion_onset,30,150,72,69,0.829257037198444,0.8835710383771792,0.054314001178735194,1.7580780537567076,0.14417467942247386,0.34662340548468823,9,66,0.03598942879735814,0.034935007333380466,0.0010544214639776756
motion_onset,40,150,72,69,0.8147936301330957,0.9050498451257912,0.09025621499269554,1.7929614881684952,0.13631373117917311,0.34485621583181475,9,66,0.05417075003436844,0.05236787171564965,0.0018028783187187952
motion_onset,50,150,72,69,0.7978512646764966,0.9326086995144968,0.13475743483800018,1.8086267494903356,0.12768204897357602,0.3415565136228277,9,66,0.07178462701823424,0.06868344016497392,0.0031011868532603154
motion_onset,60,150,72,69,0.7811555372350122,0.9617445944272422,0.18058905719223006,1.8388601471167474,0.11400563993302996,0.3412613893950842,9,66,0.08828757099468526,0.08332768506829857,0.004959885926386687
motion_onset,70,150,72,69,0.7648457369498404,0.9911455932415557,0.22629985629171534,1.8628480835199364,0.10172918426465155,0.3376096715409574,9,66,0.10335486876346968,0.09597970059179319,0.007375168171676494
motion_onset,80,150,72,69,0.7487337661965243,1.0214876375493502,0.2727538713528259,1.8846345187149829,0.08874921534273178,0.33765234010400463,9,66,0.11673221977675022,0.10668317091028481,0.010049048866465404
motion_onset,90,150,72,69,0.7322821068452529,1.0529539737997078,0.32067186695445493,1.898355398722163,0.07664184150484954,0.3316574069958665,9,66,0.12848703994000885,0.11518444247906726,0.01330259746094159
motion_onset,100,150,72,69,0.7157567463272619,1.0860524317280649,0.37029568540080293,1.9142250802278422,0.0659368559848031,0.33221565402906794,9,66,0.13816294129121187,0.12164455447841604,0.016518386812795827
motion_onset,110,150,72,69,0.6999676567125991,1.1190562597861842,0.4190886030735851,1.9169969325112757,0.05716671482780627,0.332084092626339,9,66,0.14562861458427515,0.12616675369650945,0.019461860887765692
motion_onset,120,150,72,69,0.6834431643461716,1.1528006140568483,0.4693574497106767,1.9269997302930286,0.0490484392132721,0.33691630739143963,9,66,0.15120670591101476,0.12901798593512084,0.022188719975893917
motion_onset,130,150,72,69,0.6661955113578828,1.1863456795324756,0.5201501681745928,1.9355016416629789,0.04161929286595396,0.3384559313747278,9,66,0.15498796718021332,0.1300551167203359,0.02493285045987742
motion_onset,140,150,72,69,0.6474622190225138,1.2197614771971514,0.5722992581746377,1.9526031775771984,0.03406917210598428,0.341048046579848,9,66,0.15722755760158436,0.12965366070649753,0.027573896895086825
motion_onset,150,150,72,69,0.6277522145525949,1.2531719718426975,0.6254197572901026,1.9686784446748091,0.02565038928863313,0.34238143917507446,9,66,0.15835406969273558,0.12781448665499934,0.03053958303773624
motion_onset,160,150,72,69,0.6066300016966159,1.2870258286468486,0.6803958269502327,1.9886898305146659,0.016817055142761776,0.3419440864038402,9,66,0.15873221210786045,0.12473516678127146,0.033997045326588995
motion_onset,170,150,72,69,0.5851017111164263,1.320952643199675,0.7358509320832487,2.0067562730442505,0.007575254647407007,0.3406853637939464,9,66,0.1577451335668699,0.12055853811637084,0.03718659545049906
motion_onset,180,150,72,69,0.5628182318186357,1.3550192136125814,0.7922009817939457,2.0271596591228587,-0.001549687799382558,0.3394337526112272,9,66,0.15601612178824237,0.11546098171081054,0.04055514007743183
motion_onset,190,150,72,69,0.5402302363129247,1.388853080936194,0.8486228446232694,2.043505704252692,-0.010343695706778882,0.3371687630561358,9,66,0.15338852040768863,0.10939380907210464,0.043994711335584
motion_onset,200,150,72,69,0.5160730758612151,1.4217759892117712,0.9057029133505561,2.0595546346557327,-0.018339400389346495,0.3354406862527224,9,66,0.1496463982148008,0.10257899666004161,0.04706740155475919
motion_onset,210,150,72,69,0.490407721137276,1.4539621919677599,0.963554470830484,2.0742941729583833,-0.025069973308713724,0.33474376638961734,9,66,0.1449716567133137,0.09522862831321305,0.04974302840010064
motion_onset,220,150,72,69,0.46291675473962113,1.4865031462569918,1.0235863915173706,2.0886637020284726,-0.031138896105597693,0.33514911773856615,9,66,0.13975617094253764,0.0872739566643821,0.05248221427815554
motion_onset,230,150,72,69,0.43415076954360377,1.5190178291894183,1.0848670596458145,2.102610544791097,-0.03658616648536088,0.3360700475576692,9,66,0.1339679668337578,0.07873083985559703,0.05523712697816077
motion_onset,240,150,72,69,0.4042048888958302,1.5512958030481072,1.147090914152277,2.1171365762242567,-0.041490770760382004,0.3356575847815459,9,66,0.1273590181881216,0.06992108023459588,0.05743793795352571
motion_onset,250,150,72,69,0.3743576525664756,1.5832136061943234,1.2088559536278478,2.130068403753411,-0.045731215618109326,0.33717231876972314,9,66,0.12008849053729459,0.060819302311422074,0.059269188225872516
motion_onset,260,150,72,69,0.34419945521156453,1.6149447042314031,1.2707452490198385,2.141988714518589,-0.04972914478049022,0.33487532779234636,9,66,0.11196200597860716,0.05136578804010937,0.06059621793849779
motion_onset,270,150,72,69,0.31366041904349334,1.6459017075947933,1.3322412885513,2.15376693074237,-0.05245094895661795,0.33138717276323393,9,66,0.1033913687703713,0.04178105096951052,0.061610317800860785
motion_onset,280,150,72,69,0.283360150539893,1.676884298005961,1.393524147466068,2.1633650945926863,-0.05500755963727208,0.3285639361749412,9,66,0.09406771648013247,0.0322410045019796,0.06182671197815287
motion_onset,290,150,72,69,0.2527251622846421,1.7081541800295723,1.4554290177449303,2.1732205821874153,-0.05712792190876007,0.3244001955642473,9,66,0.08473616639325718,0.022684753945078847,0.06205141244817833
motion_onset,300,150,72,69,0.22101342124231318,1.7398110413032335,1.5187976200609203,2.184766207050177,-0.058848088632532845,0.3211644961998311,9,66,0.07540448022099487,0.013364931381654215,0.06203954883934065
motion_onset,310,150,72,69,0.18813762305447668,1.7711841376852604,1.5830465146307837,2.199358572481352,-0.05970764242384133,0.31670207564780656,9,66,0.0659800086307601,0.0043039593219468585,0.06167604930881324
motion_onset,320,150,72,69,0.1541708263089459,1.8019165194457167,1.6477456931367709,2.215328107776656,-0.06053671661361038,0.31014533979287967,9,66,0.05641812998257153,-0.004442870650667137,0.06086100063323867
motion_onset,330,150,72,69,0.11908349306564962,1.831946318357613,1.7128628252919633,2.2321022784100193,-0.060528123791252976,0.3034392639672875,9,66,0.0472698385183077,-0.012931555105580252,0.06020139362388795
motion_onset,340,150,72,69,0.08325682411188948,1.8614555333469316,1.7781987092350422,2.2481554858933337,-0.06005856820226002,0.29522200986710523,9,66,0.03772310724162837,-0.021033810654275856,0.058756917895904225
motion_onset,350,150,72,69,0.04636665298730538,1.8897356218062513,1.8433689688189459,2.2622921111663343,-0.058723204262512485,0.28963598382150324,9,66,0.028041047387253635,-0.028877483297022992,0.05691853068427663
motion_onset,360,150,72,69,0.008663782030396711,1.9180088736328695,1.9093450916024728,2.2756911732920657,-0.05697880506238718,0.2862473887728344,9,66,0.018305174612112122,-0.03634112628895782,0.054646300901069936
motion_onset,370,150,72,69,-0.029329346529662372,1.9460950608279945,1.975424407357657,2.288787551962441,-0.05434550057529573,0.28322858793724165,9,66,0.008470791444831205,-0.04344935558774585,0.05192014703257705
motion_onset,380,150,72,69,-0.06780871283160253,1.9737623347725248,2.0415710476041276,2.301582767384042,-0.050794709551680944,0.2761136050491133,9,66,-0.001613503944093443,-0.05015432990083596,0.048540825956742514
motion_onset,390,150,72,69,-0.10714334783405434,2.0014682198194937,2.108611567653548,2.312917618523698,-0.04671170580713574,0.2657095870927597,9,66,-0.011391239497992237,-0.056593624781830956,0.04520238528383872
motion_onset,400,150,72,69,-0.14759182116927136,2.029089304571867,2.1766811257411387,2.3246108336222595,-0.042332010385293536,0.25396150940041784,9,66,-0.02128962856808251,-0.06264029331658992,0.04135066474850741
motion_offset,-350,150,72,69,-0.49337687779077694,2.055780663724366,2.549157541515143,1.7660875628878783,-0.12836553942172998,-0.07293657495888707,9,66,0.05349896934167296,-0.017751387588128952,0.07125035692980192
motion_offset,-340,150,72,69,-0.530445574059017,2.08265908866639,2.613104662725407,1.784674276610954,-0.1276670795915997,-0.0697826570069781,9,66,0.05226144148487154,-0.018634389317579447,0.07089583080245099
motion_offset,-330,150,72,69,-0.5698165503861031,2.109255817003374,2.679072367389477,1.803968535805045,-0.12632512512236477,-0.07208675941152941,9,66,0.05020260669095731,-0.019492565369776116,0.06969517206073342
motion_offset,-320,150,72,69,-0.6099769308035746,2.135798364275441,2.7457752950790155,1.8236197751783836,-0.12502430355748384,-0.07823103249033292,9,66,0.04779719143299805,-0.0204770785310535,0.06827426996405155
motion_offset,-310,150,72,69,-0.6509050240432024,2.1619021849535107,2.812807208996713,1.8429448489191,-0.12356568547961477,-0.08324103293479711,9,66,0.04478680777447766,-0.021415448477087422,0.06620225625156509
motion_offset,-300,150,72,69,-0.6931551614444034,2.187750661158184,2.880905822602587,1.862055442887468,-0.12199654476936368,-0.08456731410284901,9,66,0.04148177410248639,-0.022342621365661987,0.06382439546814839
motion_offset,-290,150,72,69,-0.7356270902898187,2.2140033765928377,2.9496304668826565,1.8812757085592,-0.1203038680002314,-0.08616027378994623,9,66,0.03819879945371956,-0.023388663257459735,0.06158746271117929
motion_offset,-280,150,72,69,-0.7773132502826005,2.2403917505273534,3.0177050008099537,1.899087613371066,-0.11758321445317305,-0.08781368060802702,9,66,0.03500710980962017,-0.02462922263558426,0.05963633244520443
motion_offset,-270,150,72,69,-0.8196062233501713,2.2668919069364137,3.086498130286585,1.9169569108719764,-0.11367592165677942,-0.0897479887995022,9,66,0.03142817035914587,-0.026084135830694192,0.05751230618984006
motion_offset,-260,150,72,69,-0.8618103076358739,2.2930897567231225,3.1549000643589964,1.933885076999452,-0.10927989158647701,-0.08730165785146007,9,66,0.027809884096224695,-0.027814498208576934,0.05562438230480163
motion_offset,-250,150,72,69,-0.9040013432702163,2.318372491180258,3.222373834450474,1.9504819946577867,-0.1040151292745409,-0.07892795235343793,9,66,0.02345743689897056,-0.029499961495844176,0.05295739839481474
motion_offset,-240,150,72,69,-0.9473644127226168,2.3430481941603714,3.290412606882988,1.9673869990164436,-0.09759760740960587,-0.07347704342415218,9,66,0.018575640044101442,-0.031049612951564234,0.04962525299566568
motion_offset,-230,150,72,69,-0.9904133873116976,2.3674326048911642,3.357845992202862,1.9834653249964513,-0.0909383474176734,-0.06411484954886884,9,66,0.013528983192993378,-0.03275945590837759,0.04628843910137097
motion_offset,-220,150,72,69,-1.0336881934735855,2.39150243779574,3.4251906312693254,1.9981783377809044,-0.0839149595608758,-0.05446819858660385,9,66,0.007770485136785108,-0.03441567703834168,0.04218616217512679
motion_offset,-210,150,72,69,-1.07801083880581,2.4164650021865186,3.4944758409923287,2.013715563847196,-0.07642827418817003,-0.04203386817191876,9,66,0.0015591834439376933,-0.036070297291155025,0.037629480735092716
motion_offset,-200,150,72,69,-1.1228123048889802,2.441854159288062,3.5646664641770425,2.0296079739758706,-0.06848652916991636,-0.03692430774701098,9,66,-0.004883039413553429,-0.03790589006981444,0.03302285065626101
motion_offset,-190,150,72,69,-1.1685187476645873,2.467767049006716,3.636285796671303,2.04513981063962,-0.06013054361395412,-0.02596204275745589,9,66,-0.011598020542720935,-0.03980595121484288,0.028207930672121944
motion_offset,-180,150,72,69,-1.2152904037135028,2.493544272717356,3.7088346764308584,2.06074854116878,-0.05157323265902432,-0.025218898617716343,9,66,-0.018306526000066794,-0.04166035666464504,0.02335383066457825
motion_offset,-170,150,72,69,-1.2628296666360552,2.518864160883809,3.7816938275198644,2.07669580653612,-0.042873286109313895,-0.012695675363349482,9,66,-0.024694463610014827,-0.04348140817552051,0.01878694456550568
motion_offset,-160,150,72,69,-1.311641248636606,2.542939175999251,3.8545804246358566,2.0919702932461677,-0.03281916564352696,0.001349393306369172,9,66,-0.03114569241356862,-0.04512902485400385,0.013983332440435231
motion_offset,-150,150,72,69,-1.3603053985522255,2.566483878756476,3.9267892773087016,2.106557040203093,-0.022565244979278806,0.01450553357927019,9,66,-0.0373985701369989,-0.04656485803076472,0.00916628789376582
motion_offset,-140,150,72,69,-1.4082487489100013,2.5886300166438496,3.996878765553851,2.1202668337665136,-0.0122293039281143,0.025503355704697986,9,66,-0.04370560542569015,-0.04785101990963538,0.004145414483945231
motion_offset,-130,150,72,69,-1.4567785550910841,2.610308771783324,4.067087326874408,2.133750768333522,-0.0004760042518696912,0.03853149028845727,9,66,-0.05008022465284587,-0.04887224208306053,-0.0012079825697853402
motion_offset,-120,150,72,69,-1.5057952380102073,2.63237375780711,4.138168995817317,2.147607017937144,0.012048344114138661,0.05239166185163785,9,66,-0.05664740332511374,-0.049707804592051874,-0.006939598733061866
motion_offset,-110,150,72,69,-1.554444071390809,2.6548257863224887,4.209269857713298,2.1612494875317805,0.024421581816323912,0.06439575092226321,9,66,-0.06314792472571885,-0.05047926402807682,-0.012668660697642033
motion_offset,-100,150,72,69,-1.6036710963653253,2.6770110739486945,4.280682170314019,2.1744116010017556,0.03726599416774565,0.07440508467042979,9,66,-0.06929721680273945,-0.05126477066966107,-0.018032446133078382
motion_offset,-90,150,72,69,-1.6541996718172252,2.700288097853562,4.354487769670787,2.1881225185513498,0.05062192165464945,0.08810524912218322,9,66,-0.07502279776233466,-0.05215636100512793,-0.022866436757206725
motion_offset,-80,150,72,69,-1.7047741735291488,2.7236014693805597,4.4283756429097085,2.20233973697561,0.06425404145045387,0.10047202097871016,9,66,-0.08060112086727265,-0.05299979109853266,-0.027601329768739996
motion_offset,-70,150,72,69,-1.7544094617317358,2.7462238711087714,4.500633332840508,2.214857435345282,0.07877257542198278,0.118659495977599,9,66,-0.08554491090625413,-0.053864118676610194,-0.031680792229643935
motion_offset,-60,150,72,69,-1.804427859343433,2.768209049998557,4.57263690934199,2.2272751758085945,0.09322038941514504,0.13469931996977644,9,66,-0.09022674423197935,-0.05467006351768646,-0.03555668071429289
motion_offset,-50,150,72,69,-1.854035078261874,2.7905855301837557,4.64462060844563,2.2400158383029654,0.10815691463531762,0.1437841681852527,9,66,-0.0946984639044678,-0.0553603372417477,-0.0393381266627201
motion_offset,-40,150,72,69,-1.9028240010797388,2.812392163269752,4.71521616434949,2.252590864228808,0.12367607400672069,0.1606844748655496,9,66,-0.09900407607913839,-0.05592533617944327,-0.043078739899695115
motion_offset,-30,150,72,69,-1.95134522002276,2.8344911848793037,4.785836404902064,2.264228557670402,0.13946556918495828,0.17115605138006137,9,66,-0.10302739863825652,-0.05649014815053371,-0.046537250487722816
motion_offset,-20,150,72,69,-2.00078013973427,2.855781073290469,4.856561213024739,2.27563837537327,0.15421490769735136,0.17924529979110185,9,66,-0.10697713815885926,-0.05674223510219443,-0.05023490305666483
motion_offset,-10,150,72,69,-2.0499317308565455,2.8770470268853536,4.9269787577418995,2.286757143282785,0.1686374932891358,0.192468998622161,9,66,-0.11080536562373827,-0.05677374719051908,-0.05403161843321919
motion_offset,0,150,72,69,-2.099701791965701,2.89801675769122,4.997718549656922,2.297734939900545,0.183132822897906,0.20297613227254546,9,66,-0.11471270029796024,-0.05659310417329056,-0.05811959612466968
motion_offset,10,150,72,69,-2.146717521175972,2.9132717434126745,5.059989264588646,2.3077644905754227,0.19596043925509285,0.2068234143739722,9,66,-0.11861959348988425,-0.05634238349519115,-0.062277209994693106
motion_offset,20,150,72,69,-2.1908106985643174,2.922701150400042,5.113511848964359,2.317448409707243,0.20748031847513762,0.21058180363571713,9,66,-0.12258167274578116,-0.0558750066809948,-0.06670666606478637
motion_offset,30,150,72,69,-2.2313580496399004,2.927570177088102,5.158928226728003,2.3271038102860846,0.21939086130973368,0.20593804169074184,9,66,-0.12655936341861004,-0.05522320033044156,-0.07133616308816848
motion_offset,40,150,72,69,-2.2681669514615246,2.9276043192367895,5.195771270698314,2.3361555887108802,0.23183669984656602,0.20079647984354862,9,66,-0.13036593781337516,-0.054265865770035386,-0.07610007204333977
motion_offset,50,150,72,69,-2.3012758868668173,2.9227007810234773,5.223976667890295,2.3444333058159836,0.2435698128205894,0.19346104271300948,9,66,-0.13393172992467536,-0.05288339446715339,-0.08104833545752196
motion_offset,60,150,72,69,-2.3336971919237177,2.918663768100394,5.252360960024111,2.35276981541782,0.2562560786208602,0.19222009867105205,9,66,-0.1373320473495904,-0.05081199438115453,-0.08652005296843587
motion_offset,70,150,72,69,-2.365524497550671,2.915447772031702,5.280972269582373,2.3611671818032467,0.2691913192243337,0.19251166718520824,9,66,-0.1405728143238723,-0.04823161547099346,-0.09234119885287885
motion_offset,80,150,72,69,-2.3968365758264856,2.913010802517021,5.309847378343507,2.369628410174899,0.28187746241682005,0.19440686252722342,9,66,-0.1436600635292799,-0.04528585819795172,-0.09837420533132818
motion_offset,90,150,72,69,-2.4276983673532238,2.9113179131610103,5.339016280514234,2.378158387445621,0.29399141606312196,0.1980088003911285,9,66,-0.14660007536748287,-0.04208578137313208,-0.10451429399435079
motion_offset,100,150,72,69,-2.458155628509625,2.9103383850576003,5.368494013567226,2.386764639943619,0.3053345877189614,0.20653540157340328,9,66,-0.14939935554820383,-0.03872541024411988,-0.11067394530408395
motion_offset,110,150,72,69,-2.488242663983026,2.9100414353048527,5.398284099287879,2.395457050027485,0.3158156058801289,0.21507622561002715,9,66,-0.15206450195018084,-0.03528481686592077,-0.11677968508426007
motion_offset,120,150,72,69,-2.5179891214410492,2.9103970594466353,5.428386180887685,2.4042434651934306,0.32542821581520975,0.22290590692919687,9,66,-0.15460238298854317,-0.031832074832820745,-0.12277030815572243
motion_offset,130,150,72,69,-2.547420145933238,2.911375476302202,5.45879562223544,2.4131312449616282,0.33420670884557163,0.2309275967820792,9,66,-0.1570199482821032,-0.02842667754612104,-0.12859327073598215
motion_offset,140,150,72,69,-2.576556440858725,2.9129468088822565,5.489503249740982,2.42212626817836,0.3422323652024987,0.23708253700164456,9,66,-0.1593241648870853,-0.025115884454475865,-0.13420828043260946
motion_offset,150,150,72,69,-2.605426197649028,2.9150788240369243,5.520505021685953,2.4312270317580733,0.3496272886848688,0.2414809547090982,9,66,-0.16152208246349484,-0.02192886812991794,-0.1395932143335769
motion_offset,160,150,72,69,-2.6340578089175914,2.9177388205508326,5.551796629468424,2.4404300571643502,0.356518732891002,0.2466580736921641,9,66,-0.16362080302798573,-0.018884030689960054,-0.14473677233802568
motion_offset,170,150,72,69,-2.6624732851542543,2.9208945286155563,5.583367813769811,2.449732719254081,0.3630226372162061,0.2589039512867239,9,66,-0.16562732239518485,-0.015991138662500938,-0.14963618373268392
motion_offset,180,150,72,69,-2.6906902954638396,2.924512725257057,5.615203020720896,2.4591316867446174,0.36924554340887056,0.27262189430641365,9,66,-0.1675485196622002,-0.01325378313848984,-0.15429473652371034
motion_offset,190,150,72,69,-2.7187242781481404,2.9285617407716598,5.6472860189198,2.4686242125690705,0.3752725103680701,0.2828587937241655,9,66,-0.1693912812414785,-0.010671616363914406,-0.15871966487756412
motion_offset,200,150,72,69,-2.7465896163829067,2.9330141447542952,5.6796037611372014,2.4782087872819742,0.38116717091190483,0.2913107249211076,9,66,-0.17116221500091758,-0.008240839921787412,-0.16292137507913015
motion_offset,210,150,72,69,-2.774299241583442,2.937845299920944,5.7121445415043866,2.4878841809446333,0.3869817216891896,0.2952789012845015,9,66,-0.17286786599553533,-0.005951601148767071,-0.16691626484676825
motion_offset,220,150,72,69,-2.8018654589705982,2.9430319528304962,5.7448974118010945,2.49764964812281,0.39275606725724577,0.30306235832703676,9,66,-0.17451447578411017,-0.0037884647914702293,-0.17072601099263993
motion_offset,230,150,72,69,-2.8292981176761276,2.9485535263347904,5.7778516440109176,2.507505303734378,0.3985219476134822,0.3094875327792347,9,66,-0.17610815335750296,-0.0017327072809555206,-0.17437544607654745
motion_offset,240,150,72,69,-2.8566041908346063,2.9543905983007077,5.810994789135314,2.5174500982481094,0.4043008211484702,0.32205698031023605,9,66,-0.17765473140952948,0.00023537641088458783,-0.17789010782041406
motion_offset,250,150,72,69,-2.883783771375209,2.9605249883364606,5.844308759711669,2.5274807365629006,0.41010724667613163,0.3311204942441886,9,66,-0.1791596992103631,0.00213228326889,-0.1812919824792531
motion_offset,260,150,72,69,-2.910833529838722,2.966940087551107,5.877773617389829,2.5375935365330147,0.41594506591280345,0.33700164451753417,9,66,-0.18062843552443597,0.003968722129061811,-0.18459715765349777
motion_offset,270,150,72,69,-2.9377502504623374,2.973621457290416,5.911371707752753,2.5477853901376744,0.42182308600437735,0.3478999066625183,9,66,-0.18206591221610902,0.005754318755796117,-0.18782023097190514
motion_offset,280,150,72,69,-2.964530071224775,2.980556809861856,5.945086881086631,2.5580532635833015,0.42775015084333756,0.3547482110316014,9,66,-0.18347688931005204,0.007497368261926724,-0.19097425757197878
motion_offset,290,150,72,69,-2.9911702884608817,2.987735262676547,5.978905551137428,2.5683947447985664,0.4337362381581937,0.3639219520867594,9,66,-0.1848657758928107,0.009205238598421256,-0.19407101449123196
motion_offset,300,150,72,69,-3.0176720910435386,2.995146528002063,6.012818619045602,2.578808728902629,0.439794892280496,0.37390995155340245,9,66,-0.18623675255722377,0.010887152797967918,-0.1971239053551917
motion_offset,310,150,72,69,-3.0440367469817122,3.002780067832116,6.046816814813829,2.5892921669843227,0.4459492327999892,0.37933241477399,9,66,-0.18759367075954095,0.012553974470832837,-0.2001476452303738
motion_offset,320,150,72,69,-3.070262488975776,3.010624981013153,6.080887469988928,2.599839524081534,0.4522139605068253,0.38514245077559006,9,66,-0.18894008735558962,0.014212037951303505,-0.20315212530689314
motion_offset,330,150,72,69,-3.096344968582503,3.0186695422420518,6.115014510824555,2.6104423411792665,0.4585991335315808,0.39334548202142317,9,66,-0.19027930990678085,0.015864022201647145,-0.206143332108428
motion_offset,340,150,72,69,-3.1222783644275527,3.0269012379241587,6.149179602351712,2.6210908995607975,0.4651128800560195,0.40159118183030357,9,66,-0.1916142953692281,0.017510588724849587,-0.2091248840940777
motion_offset,350,150,72,69,-3.1480555758508593,3.035308664972437,6.1833642408232965,2.631774905923504,0.4717598087408826,0.40750788923952175,9,66,-0.19294791255200205,0.019151922416222548,-0.2120998349682246
motion_offset,360,150,72,69,-3.1736682102070066,3.0438809653927934,6.2175491755998,2.642485536224279,0.47853540612557405,0.41427085648251033,9,66,-0.19428249154294502,0.020787207286620143,-0.21506969882956517
motion_offset,370,150,72,69,-3.1991093305797715,3.0526075483806734,6.251716878960445,2.6532148867414977,0.4854377357997687,0.42007378105693594,9,66,-0.19562038540489404,0.022418537332073586,-0.21803892273696762
motion_offset,380,150,72,69,-3.2243746784944474,3.0614792590319664,6.285853937526413,2.6639564398617335,0.49246757037201055,0.42591226276723415,9,66,-0.1969634861644529,0.024049857815831268,-0.22101334398028416
motion_offset,390,150,72,69,-3.2494615729762395,3.0704887453892686,6.319950318365509,2.6747047742000554,0.4996255486407408,0.43616338503933505,9,66,-0.19831575051254746,0.025683849447145538,-0.22399959995969299
motion_offset,400,150,72,69,-3.2743687868804203,3.0796277398129224,6.353996526693343,2.6854551126221082,0.5069087434449582,0.44343837503889066,9,66,-0.19968154975435612,0.02732032371913044,-0.22700187347348655
sure_target_onset,-300,75,29,37,-3.1355741817069687,3.087509440204734,6.2230836219117025,2.8106946087067017,0.3790322350652282,0.22591749644381223,9,66,-0.18065235935016447,0.013130363630917095,-0.19378272298108157
sure_target_onset,-290,75,29,37,-3.163087859494222,3.095476012848519,6.258563872342741,2.8220798056690435,0.3871315297739166,0.2359317211948791,9,66,-0.18203000798732585,0.015038430854971946,-0.1970684388422978
sure_target_onset,-280,75,29,37,-3.190399268534465,3.1036825906580794,6.294081859192545,2.8334879425425927,0.39541897614599464,0.25183499288762445,9,66,-0.1833896693617139,0.01692012775910896,-0.20030979712082284
sure_target_onset,-270,75,29,37,-3.217503032195269,3.112117004430321,6.32962003662559,2.844916839978579,0.40389135342992194,0.25812233285917496,9,66,-0.18473580872048478,0.01878040710566395,-0.20351621582614873
sure_target_onset,-260,75,29,37,-3.244396261294966,3.1207668192641176,6.365163080559084,2.8563651808302866,0.41253904116856316,0.26839260312944524,9,66,-0.18607248890354008,0.02062223790253715,-0.20669472680607723
sure_target_onset,-250,75,29,37,-3.271076473864251,3.1296209802633013,6.4006974541275525,2.86783172634632,0.42134073032964775,0.28054054054054056,9,66,-0.18740354166584028,0.022444407681735966,-0.20984794934757625
sure_target_onset,-240,75,29,37,-3.2975424898504913,3.1386702126646373,6.436212702515128,2.879316884412571,0.4302729277762784,0.2980654338549075,9,66,-0.188732322789258,0.024245183243990505,-0.2129775060332485
sure_target_onset,-230,75,29,37,-3.3237955806850468,3.1479022125402047,6.4716977932252515,2.8908222270108954,0.4393160703359011,0.31550497866287336,9,66,-0.19006203659179977,0.02602271109242509,-0.21608474768422486
sure_target_onset,-220,75,29,37,-3.3498404429787754,3.157306331121762,6.507146774100537,2.902346673360597,0.4484541621551679,0.32517780938833574,9,66,-0.19139547653582994,0.027776922968358316,-0.21917239950418826
sure_target_onset,-210,75,29,37,-3.375681946652515,3.1668738689504563,6.542555815602972,2.9138879892698513,0.45766754066867094,0.34085348506401136,9,66,-0.19273511212594097,0.029505938412141268,-0.22224105053808224
sure_target_onset,-200,75,29,37,-3.4013260181662854,3.176596503810239,6.577922521976524,2.9254454392666998,0.46694080495730034,0.3484210526315789,9,66,-0.19408324930392115,0.03120950250178962,-0.22529275180571076
sure_target_onset,-190,75,29,37,-3.4267750936751673,3.1864654526449443,6.613240546320112,2.9370181328049747,0.47624175169920413,0.3564153627311522,9,66,-0.19544174800637182,0.032884986068706136,-0.22832673407507795
sure_target_onset,-180,75,29,37,-3.4520300606375125,3.196475763163865,6.6485058238013774,2.948604901177015,0.48553403528560907,0.3650071123755334,9,66,-0.19681444863081865,0.03452931126240214,-0.23134375989322079
sure_target_onset,-170,75,29,37,-3.477089497304833,3.206623161921203,6.683712659226036,2.960204250611189,0.4947865349752012,0.37302987197724036,9,66,-0.19820556737827552,0.036140527914945625,-0.23434609529322115
sure_target_onset,-160,75,29,37,-3.5019512647301063,3.2169024154064525,6.718853680136559,2.9718144337085706,0.503978331850892,0.3837553342816501,9,66,-0.1996183844746477,0.03771802388977977,-0.23733640836442746
sure_target_onset,-150,75,29,37,-3.5266125560629034,3.2273066572759417,6.753919213338845,2.9834320850032863,0.5130864916969743,0.3975817923186344,9,66,-0.2010558986654036,0.03925998744722759,-0.2403158861126312
sure_target_onset,-140,75,29,37,-3.5510732166659342,3.2378301272964283,6.788903343962362,2.995052620042842,0.5220962902971648,0.41052631578947363,9,66,-0.20252227565348427,0.04076565712191386,-0.24328793277539812
sure_target_onset,-130,75,29,37,-3.5753328134868347,3.2484674625415146,6.823800276028349,3.0066707018316574,0.530996115619527,0.4184637268847795,9,66,-0.2040182489579888,0.0422343053167402,-0.24625255427472903
sure_target_onset,-120,75,29,37,-3.5993927372584924,3.2592134135306288,6.858606150789122,3.0182815429987953,0.5397763397637849,0.4238122332859175,9,66,-0.2055426231972547,0.04366488579053754,-0.24920750898779223
sure_target_onset,-110,75,29,37,-3.62325632033839,3.2700619269373665,6.893318247275756,3.029881531875616,0.5484218422966859,0.43923186344238974,9,66,-0.20709384714565038,0.04505475980843275,-0.25214860695408314
sure_target_onset,-100,75,29,37,-3.646927394814501,3.281008678482676,6.927936073297177,3.041467147429174,0.5569212387286634,0.4437837837837838,9,66,-0.20866962382392884,0.04640211284552617,-0.25507173666945504
sure_target_onset,-90,75,29,37,-3.6704119484269078,3.2920486781891416,6.96246062661605,3.053036218202103,0.5652733361965969,0.45285917496443806,9,66,-0.2102654295404024,0.04770706696096881,-0.2579724965013712
sure_target_onset,-80,75,29,37,-3.693717372959002,3.303176292120522,6.996893665079524,3.06458754760426,0.5734765933572001,0.46563300142247505,9,66,-0.21187726786344455,0.04896978470582997,-0.26084705256927454
sure_target_onset,-70,75,29,37,-3.716853503765731,3.3143852312725044,7.031238735038235,3.0761209696061362,0.581528416456692,0.47035561877667137,9,66,-0.2135016940428032,0.050189617919816513,-0.2636913119626197
sure_target_onset,-60,75,29,37,-3.739829816914469,3.3256714459922305,7.065501262906699,3.08763788672043,0.58942694346778,0.4785206258890469,9,66,-0.21513793485755717,0.05136815205315182,-0.266506086910709
sure_target_onset,-50,75,29,37,-3.7626560051112308,3.3370313020732705,7.099687307184501,3.099141221978876,0.5971564328742881,0.48617354196301565,9,66,-0.21678641950671942,0.05250559038508443,-0.26929200989180385
sure_target_onset,-40,75,29,37,-3.7853401653852563,3.348462169254945,7.133802334640201,3.1106354326690906,0.6046973288416432,0.4918634423897582,9,66,-0.21844709602515164,0.05360084650590525,-0.2720479425310569
sure_target_onset,-30,75,29,37,-3.8078898111417927,3.3599617201073566,7.167851531249149,3.1221257064070636,0.6120330947601084,0.49684210526315786,9,66,-0.2201194529117903,0.05465231013366903,-0.27477176304545936
sure_target_onset,-20,75,29,37,-3.830312122108306,3.3715286852655195,7.201840807373825,3.133617311631578,0.6191498982231783,0.5069416785206259,9,66,-0.22180347220868926,0.05565942386972467,-0.2774628960784139
sure_target_onset,-10,75,29,37,-3.8526146771173115,3.3831616560181184,7.23577633313543,3.1451140655875824,0.6260328610792472,0.517524893314367,9,66,-0.223498436508322,0.05662080208066862,-0.2801192385889906
sure_target_onset,0,75,29,37,-3.874802395992732,3.394858364128024,7.269660760120756,3.1566204851104755,0.6326801557796113,0.5319487908961593,9,66,-0.22520169409893911,0.05753596178869121,-0.28273765588763033
sure_target_onset,10,75,29,37,-3.9037055486357,3.39978935756805,7.30349490620375,3.16813917969259,0.6390949717835438,0.5411664295874822,9,66,-0.22527891915899112,0.060036492298328005,-0.28531541145731915
sure_target_onset,20,75,29,37,-3.938074113179651,3.3989803072265183,7.337054420406169,3.179641993220693,0.6455568649082157,0.5460028449502133,9,66,-0.22435631992959706,0.06383063969091392,-0.288186959620511
sure_target_onset,30,75,29,37,-3.9767051949654704,3.393322073888607,7.370027268854077,3.191107537229208,0.6521504225521763,0.5522617354196301,9,66,-0.22296953804493697,0.0685864354802959,-0.2915559735252329
sure_target_onset,40,75,29,37,-4.018458341696748,3.383566117773132,7.40202445946988,3.2025346638286645,0.6588718722312149,0.5566145092460882,9,66,-0.22158722826751298,0.0739613523780876,-0.2955485806456006
sure_target_onset,50,75,29,37,-4.062263451686786,3.3703432181966875,7.432606669883474,3.21393857388387,0.6657055756013932,0.5759886201991464,9,66,-0.22061828197433245,0.07963018969986337,-0.3002484716741958
sure_target_onset,60,75,29,37,-4.10029252889722,3.3610045174896426,7.461297046386862,3.225345326866125,0.6726340419463961,0.5890753911806543,9,66,-0.2220441074308152,0.08367248606934015,-0.30571659350015534
sure_target_onset,70,75,29,37,-4.1328498830068945,3.354968650664482,7.487818533671376,3.236809553604152,0.6794147404327758,0.5991749644381222,9,66,-0.22554246995079005,0.08612846932087628,-0.31167093927166634
sure_target_onset,80,75,29,37,-4.160245612303245,3.3517367674657734,7.511982379769019,3.2483827938928997,0.6859759455684704,0.6089615931721195,9,66,-0.23088160758707454,0.08711289826888026,-0.3179945058559548
sure_target_onset,90,75,29,37,-4.182774619596513,3.3509066057519274,7.53368122534844,3.260098517298027,0.6923129806141434,0.617325746799431,9,66,-0.23788821486001233,0.08678612915633073,-0.32467434401634304
sure_target_onset,100,75,29,37,-4.20070151615461,3.3521564951090412,7.552858011263652,3.271963735604835,0.6984446785070986,0.6252347083926032,9,66,-0.2464158379650835,0.08531917553067717,-0.3317350134957607
go_cue,-500,150,72,69,-3.608798195622149,3.217832967636864,6.826631163259012,2.828102641925262,0.6072939184996914,0.5251984532645896,9,66,-0.2390082706209127,0.05408508353145344,-0.29309335415236615
go_cue,-490,150,72,69,-3.6320502029169117,3.2249240594536026,6.856974262370514,2.837818557948721,0.6150373678831206,0.5355704697986577,9,66,-0.2445511121845102,0.05547074774460468,-0.3000218599291149
go_cue,-480,150,72,69,-3.655071269047301,3.23211575776843,6.887187026815731,2.84744628576497,0.6227551710994247,0.5459282634783769,9,66,-0.25050114582178107,0.056689622284428115,-0.30719076810620916
go_cue,-470,150,72,69,-3.677707288452129,3.239283358931948,6.916990647384077,2.8570355422201277,0.6304546748898816,0.5567056313613938,9,66,-0.25676702377188704,0.0577351902940963,-0.31450221406598333
go_cue,-460,150,72,69,-3.7000168517748486,3.2464269198118068,6.946443771586655,2.8666555095636,0.6381474292681446,0.5684217076314503,9,66,-0.2634587158503094,0.05862316098357108,-0.32208187683388045
go_cue,-450,150,72,69,-3.7217626825734444,3.2535469763925238,6.975309658965968,2.876258798396069,0.6457507703727894,0.5765749588870617,9,66,-0.2707926805249135,0.059304994497516035,-0.33009767502242954
go_cue,-440,150,72,69,-3.7429346146200135,3.260742604353334,7.003677218973348,2.886031217682889,0.6533465069709735,0.5862820569803102,9,66,-0.27889047152782137,0.059759362187020826,-0.3386498337148422
go_cue,-430,150,72,69,-3.7635207015353984,3.268095513444496,7.031616214979895,2.8960373284405203,0.6608037774722229,0.5939908440375128,9,66,-0.2876435769699718,0.05997843308102335,-0.34762201005099513
go_cue,-420,150,72,69,-3.7837021808768236,3.275471486662415,7.0591736675392385,2.9061312359722837,0.6678851695661956,0.5998648828836838,9,66,-0.29693035767659715,0.06004464024549374,-0.35697499792209086
go_cue,-410,150,72,69,-3.8033415591006343,3.2827387414382443,7.086080300538878,2.916106348181909,0.6745615307868915,0.6069691986310504,9,66,-0.3066527539100618,0.05994326554319358,-0.3665960194532554
go_cue,-400,150,72,69,-3.8224152741007202,3.2898800205205276,7.112295294621248,2.9259384020228985,0.6809486131106304,0.6145855371349838,9,66,-0.31657915266047837,0.05966282851047297,-0.3762419811709513
go_cue,-390,150,72,69,-3.840995666241892,3.2968841315167743,7.137879797758666,2.935469661974505,0.6870263353985291,0.6228525712253878,9,66,-0.3267690721849188,0.059215150843178424,-0.3859842230280972
go_cue,-380,150,72,69,-3.858949667209549,3.303748924102291,7.162698591311839,2.94459291561911,0.6928241667985586,0.6309880439130628,9,66,-0.33722865393298307,0.05855186418008324,-0.3957805181130663
go_cue,-370,150,72,69,-3.875977452863821,3.310685502494447,7.186662955358267,2.9534826659472384,0.6984967005636201,0.6414311747188763,9,66,-0.3481362905983368,0.057549265038111995,-0.40568555563644876
go_cue,-360,150,72,69,-3.892119069942134,3.3176927821127893,7.209811852054923,2.9623081279832677,0.7040324883759267,0.6508822614338415,9,66,-0.3594416180073611,0.05624562522968031,-0.41568724323704137
go_cue,-350,150,72,69,-3.9074109946632385,3.3246711210771926,7.232082115740431,2.971092380609027,0.7092841731330685,0.6586408284812658,9,66,-0.37127086768003303,0.05470952380027153,-0.4259803914803046
go_cue,-340,150,72,69,-3.9217938328575874,3.331724105209937,7.2535179380675245,2.979955928363333,0.7142649688811221,0.6686643850837815,9,66,-0.38347003872272406,0.052939204853541755,-0.4364092435762658
go_cue,-330,150,72,69,-3.9353179354616765,3.3386251279627053,7.273943063424381,2.9887543311118403,0.7188813572301176,0.6792212987243877,9,66,-0.39588697766778935,0.05104108062785422,-0.4469280582956436
go_cue,-320,150,72,69,-3.9481204205012244,3.345365371301232,7.293485791802457,2.997618838150018,0.7231643275929628,0.6880216898528824,9,66,-0.40843002390908884,0.04906590581019018,-0.457495929719279
go_cue,-310,150,72,69,-3.9603148269615662,3.3521245603751044,7.312439387336671,3.006634451806163,0.7271628554067906,0.695140228454598,9,66,-0.42099234752596,0.04700018760677695,-0.4679925351327369
go_cue,-300,150,72,69,-3.9720928798866546,3.358859975265813,7.330952855152468,3.0158225518602806,0.7308839727807549,0.705522912129428,9,66,-0.4334513807515184,0.044901727459571196,-0.4783531082110896
go_cue,-290,150,72,69,-3.9835207671270405,3.365341498204132,7.348862265331173,3.02497624419028,0.7342261504806135,0.7145828703497933,9,66,-0.44565811820286455,0.042841275995026705,-0.48849939419789123
go_cue,-280,150,72,69,-3.9945584715977236,3.3717758202946637,7.366334291892388,3.0341932193241856,0.7372816089194402,0.7196675407795902,9,66,-0.45749675501981674,0.04074333435908367,-0.4982400893789004
go_cue,-270,150,72,69,-4.0051646538482215,3.3780535423860436,7.383218196234266,3.043280420320555,0.740066656515773,0.7220889817325215,9,66,-0.4688210986922942,0.03862451532433072,-0.5074456140166249
go_cue,-260,150,72,69,-4.0152090619098875,3.3841823169891567,7.399391378899044,3.052081276052405,0.7425251892576231,0.7273869949775545,9,66,-0.4794685745316143,0.036447387073090816,-0.5159159616047051
go_cue,-250,150,72,69,-4.024485425148411,3.390047330910478,7.41453275605889,3.0604008007212644,0.7446405033041731,0.7311844970887595,9,66,-0.48930896589691497,0.034185769138309806,-0.5234947350352248
go_cue,-240,150,72,69,-4.032916552576454,3.3958378813773167,7.42875443395377,3.0683750398748524,0.7465481982503406,0.7362620560913818,9,66,-0.4982783724025336,0.03176283857748594,-0.5300412109800196
go_cue,-230,150,72,69,-4.040639842302123,3.401403895041588,7.442043737343711,3.0758611779777882,0.7482204547107423,0.7381750300013334,9,66,-0.5063251218475726,0.029250800026941137,-0.5355759218745137
go_cue,-220,150,72,69,-4.047599802034701,3.406704712292862,7.454304514327562,3.082817201391153,0.7495921827815214,0.7405964709542647,9,66,-0.5133955064494327,0.026654077085679448,-0.5400495835351121
go_cue,-210,150,72,69,-4.053945627272128,3.4117003846568754,7.465646011929003,3.0892783819110785,0.7507241324641948,0.7399066625183343,9,66,-0.5194798606697195,0.024038900763579143,-0.5435187614332987
go_cue,-200,150,72,69,-4.059705907866654,3.4165700323221344,7.476275940188788,3.0953159384956006,0.7516584652414915,0.7415245122005422,9,66,-0.5245712817478222,0.02136758752538423,-0.5459388692732065
go_cue,-190,150,72,69,-4.064997047340658,3.421273297850658,7.486270345191316,3.1010564350257157,0.752341331041691,0.7441735188230587,9,66,-0.5286416339546831,0.018671160691765287,-0.5473127946464484
go_cue,-180,150,72,69,-4.069913181047072,3.425889576318236,7.495802757365308,3.106621812238519,0.7528570217621724,0.748539935108227,9,66,-0.5316650058636286,0.0159519490707345,-0.5476169549343631
go_cue,-170,150,72,69,-4.074445154930087,3.430495140984329,7.504940295914416,3.111988898304673,0.7532225239765534,0.752074314413974,9,66,-0.5336649371221096,0.013193691083705189,-0.5468586282058148
go_cue,-160,150,72,69,-4.078506987797848,3.435057825680891,7.513564813478739,3.1170517133368745,0.75340896242864,0.7575785590470688,9,66,-0.5346777058439954,0.010381627751645075,-0.5450593335956405
go_cue,-150,150,72,69,-4.082134384404551,3.439549963887255,7.521684348291806,3.121772188553252,0.7534229690822241,0.7628161251611183,9,66,-0.5347548752522604,0.007539312575518693,-0.542294187827779
go_cue,-140,150,72,69,-4.085275615081432,3.44394139927137,7.5292170143528026,3.1259719764699945,0.7533065486188375,0.773614827325659,9,66,-0.5339871820738572,0.004658930874832473,-0.5386461129486897
go_cue,-130,150,72,69,-4.08779701991668,3.4481903645478242,7.535987384464504,3.129596020121744,0.7530281453899145,0.780121783190364,9,66,-0.5324609778200894,0.0016981746016534731,-0.5341591524217428
go_cue,-120,150,72,69,-4.089763273738255,3.4522522782755405,7.542015552013796,3.132625561984404,0.7526263416690934,0.7868349704431308,9,66,-0.5302374463968442,-0.0013556858482719413,-0.5288817605485723
go_cue,-110,150,72,69,-4.0912163090517435,3.4560891092903194,7.547305418342063,3.135051661227731,0.7521233343185635,0.7900386683852617,9,66,-0.527364514304749,-0.004515848977755492,-0.5228486653269935
go_cue,-100,150,72,69,-4.092194583237246,3.4596664035902736,7.55186098682752,3.136871018194534,0.7515497806634741,0.7931819191964088,9,66,-0.5238769302154955,-0.00778721665059689,-0.5160897135648986
go_cue,-90,150,72,69,-4.092739773708569,3.4629542392223733,7.5556940129309424,3.138084350870267,0.7509731322691746,0.7971892084092628,9,66,-0.5197729907555364,-0.011155017410003451,-0.5086179733455329
go_cue,-80,150,72,69,-4.092892504762234,3.4659423269748486,7.558834831737082,3.138713313003647,0.7504375902443187,0.8001688963953955,9,66,-0.5150557403898555,-0.014598632614168864,-0.5004571077756866
go_cue,-70,150,72,69,-4.092708029689288,3.468622190491481,7.5613302201807695,3.1388003382685423,0.7499552742849087,0.8027076758967067,9,66,-0.509748965699221,-0.01809825307859871,-0.4916507126206223
go_cue,-60,150,72,69,-4.092248548376844,3.470987795672387,7.563236344049232,3.138401125282826,0.7495334527131211,0.8064731765856261,9,66,-0.5039003203553682,-0.021634568644836174,-0.4822657517105321
go_cue,-50,150,72,69,-4.091573079026097,3.473036765606915,7.564609844633012,3.1375715639325112,0.7491616905800923,0.807867016311836,9,66,-0.4975604142937673,-0.02518291182974258,-0.4723775024640247
go_cue,-40,150,72,69,-4.0907310870807185,3.4747712161536444,7.5655023032343625,3.136366338009237,0.7487853481000569,0.809534645984266,9,66,-0.4907824817607083,-0.028724247079529527,-0.4620582346811788
go_cue,-30,150,72,69,-4.089776958292536,3.476191668472631,7.565968626765167,3.134838003102252,0.7483477428097887,0.810875150006667,9,66,-0.48364838268759985,-0.03224090232234505,-0.4514074803652548
go_cue,-20,150,72,69,-4.088761753445398,3.477305482688564,7.5660672361339625,3.1330370826754095,0.7477967886183322,0.8090190675141118,9,66,-0.47622188087761586,-0.035715145176354504,-0.44050673570126136
go_cue,-10,150,72,69,-4.087739343415034,3.478117902996985,7.565857246412019,3.131010372262171,0.7470841385031289,0.8081052491221833,9,66,-0.4685472614322826,-0.039139562386692146,-0.42940769904559045
go_cue,0,150,72,69,-4.086766656579723,3.4786332107761653,7.565399867355888,3.1288027111766037,0.7461735164805,0.8046846526512289,9,66,-0.4606677248734628,-0.04251221489785488,-0.4181555099756079
go_cue,10,150,72,69,-4.083251654284897,3.482428288783811,7.565679943068709,3.12645814959681,0.7446471901366026,0.8015485132672564,9,66,-0.4567507823832039,-0.049949370660001054,-0.40680141172320283
go_cue,20,150,72,69,-4.0776228774313426,3.48904390486925,7.566666782300592,3.1239539524728723,0.7426345739032642,0.7943659718209698,9,66,-0.4562775699649548,-0.06153657703778429,-0.39474099292717046
go_cue,30,150,72,69,-4.070281152073152,3.498126105859877,7.568407257933028,3.1212904003940527,0.7401936665534878,0.7847691008489266,9,66,-0.4590690887086628,-0.07737773855837607,-0.38169135015028677
go_cue,40,150,72,69,-4.061602067970723,3.509430074699941,7.5710321426706635,3.11851545258714,0.7374175133171077,0.7741446286501622,9,66,-0.4652340811479121,-0.0975788174239418,-0.3676552637239703
go_cue,50,150,72,69,-4.051938863172356,3.522778623528889,7.574717486701244,3.115701331752493,0.734396103221112,0.7665887372772124,9,66,-0.4749764810064052,-0.12223126532623634,-0.35274521568016887
go_cue,60,150,72,69,-4.044274507159004,3.5344604155227923,7.578734922681797,3.1130826458290852,0.7318106393254065,0.7574576647851016,9,66,-0.48431183337015515,-0.1472671063008492,-0.337044727069306
go_cue,70,150,72,69,-4.038543503589267,3.5448306867144566,7.583374190303724,3.1108541685514752,0.729666151751762,0.7506520289790658,9,66,-0.4938540525720145,-0.17258958829199714,-0.3212644642800173
go_cue,80,150,72,69,-4.034668879502942,3.554160060732961,7.588828940235903,3.1091570654925884,0.7280262983826477,0.7466909640428465,9,66,-0.5038184849210238,-0.19802583644000393,-0.30579264848101984
go_cue,90,150,72,69,-4.032560368151183,3.562632188610213,7.595192556761395,3.108064245357598,0.7268993943336101,0.7356398062136096,9,66,-0.5140925953004316,-0.22334862749645806,-0.29074396780397355
go_cue,100,150,72,69,-4.032114434834366,3.570380571737503,7.602495006571869,3.1076102033769963,0.7262686179194345,0.7287381661407174,9,66,-0.5244273476029322,-0.24831387224709944,-0.27611347535583275
go_cue,110,150,72,69,-4.033215970113989,3.57751978319185,7.610735753305839,3.1078082433901826,0.7260897743715833,0.7220712031645851,9,66,-0.5346042008818005,-0.27269230727115357,-0.26191189361064693
go_cue,120,150,72,69,-4.035740343372639,3.5841369768564744,7.619877320229113,3.1086382892130575,0.7262545480806509,0.7221103160140451,9,66,-0.5444244842685465,-0.29628801495705387,-0.24813646931149264
go_cue,130,150,72,69,-4.039564969305245,3.5902999575255055,7.62986492683075,3.11007378848497,0.7266050046479112,0.7200515578470155,9,66,-0.5537247028381895,-0.31894771197066,-0.2347769908675295
go_cue,140,150,72,69,-4.044567052553889,3.5960543268881184,7.640621379442008,3.1120788129476815,0.7269386864271453,0.7149491088492822,9,66,-0.5623682816715152,-0.3405494791254588,-0.2218188025460564
go_cue,150,150,72,69,-4.050626214552696,3.6014293938823094,7.652055608435005,3.1146098844657093,0.7270181316113997,0.7123001022267657,9,66,-0.5702351496635965,-0.36099363203885804,-0.20924151762473842
go_cue,160,150,72,69,-4.057624910422311,3.6064404047509315,7.664065315173243,3.117617944789186,0.7265856126921489,0.7082074758878173,9,66,-0.5772314885476985,-0.38019928003401193,-0.19703220851368652
go_cue,170,150,72,69,-4.065453005157434,3.61110336426344,7.676556369420874,3.121052193648125,0.7253674302831397,0.7032863682830348,9,66,-0.5832991364743587,-0.39810694051853257,-0.18519219595582614
go_cue,180,150,72,69,-4.074005085058941,3.6154306481076977,7.689435733166638,3.124860254514372,0.7230853817255455,0.701672074314414,9,66,-0.5884170466577292,-0.41466753534883977,-0.17374951130888944
go_cue,190,150,72,69,-4.083178795777187,3.619437372555917,7.702616168333103,3.1289887822509104,0.7194839229002563,0.7000791146273169,9,66,-0.5925800161168167,-0.4298553452782434,-0.16272467083857328
go_cue,200,150,72,69,-4.092878650821485,3.6231425474273453,7.71602119824883,3.1333860593777576,0.7143396609443337,0.6953002355660252,9,66,-0.5958202095452092,-0.44367338599778394,-0.15214682354742526
go_cue,210,150,72,69,-4.103020066293086,3.626564704227169,7.729584770520255,3.13799284952816,0.707463620634288,0.6866029601315614,9,66,-0.5982193681942882,-0.4561486812859661,-0.14207068690832214
go_cue,220,150,72,69,-4.113516030710771,3.6297211642462828,7.743237194957054,3.142749357637413,0.6987001008891988,0.6802702342326327,9,66,-0.5998413992774219,-0.46732854160450854,-0.13251285767291332
go_cue,230,150,72,69,-4.124283178701791,3.63262837347585,7.756911552177641,3.1475961183689702,0.6879499145283158,0.6697666562958354,9,66,-0.60071966603441,-0.4772715424779729,-0.12344812355643708
go_cue,240,150,72,69,-4.135244547780548,3.63530160831098,7.7705461560915285,3.152475937657938,0.6751826031073447,0.6566887417218543,9,66,-0.6008797635734646,-0.48604427491043645,-0.11483548866302817
go_cue,250,150,72,69,-4.146327423571682,3.63775497229551,7.784082395867192,3.15733496254773,0.66042937723188,0.6433085914929553,9,66,-0.6003488120744717,-0.4937198238698074,-0.10662898820466427
go_cue,260,150,72,69,-4.157460562270838,3.639996103432108,7.7974566657029465,3.162126405494503,0.6437722978251071,0.6266571847637673,9,66,-0.5991313811606938,-0.5003697269885656,-0.09876165417212812
go_cue,270,150,72,69,-4.168579039287347,3.6420319813477313,7.810611020635078,3.166809611957832,0.6253993898822992,0.6120609804880218,9,66,-0.5973018268592646,-0.5060650885670719,-0.0912367382921927
go_cue,280,150,72,69,-4.1796241134437295,3.6438711963645845,7.8234953098083135,3.171349922163209,0.6055268378963813,0.595861149384417,9,66,-0.5949575358037366,-0.5108817945157377,-0.08407574128799888
go_cue,290,150,72,69,-4.190543980803512,3.6455228524126233,7.836066833216135,3.1757177558602816,0.5843962560322445,0.5717960798257701,9,66,-0.5922224417545614,-0.5148984209054838,-0.07732402084907763
go_cue,300,150,72,69,-4.201294305838502,3.646996439762953,7.848290745601455,3.179889437153421,0.5622233225419204,0.5576514511756078,9,66,-0.5892020818041308,-0.5181879324637756,-0.07101414934035521
