event,relative_time_ms,n_train,n_test,n_train_direction,n_test_direction,zero_variance_units,choice_test_accuracy,choice_test_roc_auc,confidence_test_pearson_r,confidence_test_spearman_rho,confidence_test_r2,choice_familywise_threshold,choice_exceeds_familywise_threshold,confidence_familywise_threshold,confidence_exceeds_familywise_threshold
motion_onset,-100,700,150,678,141,0,0.48936170212765956,0.5,nan,nan,-0.0014166010526106554,0.9609972041006525,False,0.611830093734164,False
motion_onset,-90,700,150,678,141,0,0.48936170212765956,0.5,nan,nan,-0.0014166010526106554,0.9609972041006525,False,0.611830093734164,False
motion_onset,-80,700,150,678,141,1,0.48936170212765956,0.5,nan,nan,-0.0014166010526106554,0.9609972041006525,False,0.611830093734164,False
motion_onset,-70,700,150,678,141,1,0.48936170212765956,0.5,nan,nan,-0.0014166010526106554,0.9609972041006525,False,0.611830093734164,False
motion_onset,-60,700,150,678,141,0,0.48936170212765956,0.5,nan,nan,-0.0014166010526106554,0.9609972041006525,False,0.611830093734164,False
motion_onset,-50,700,150,678,141,0,0.48936170212765956,0.5,nan,nan,-0.0014166010526106554,0.9609972041006525,False,0.611830093734164,False
motion_onset,-40,700,150,678,141,0,0.48936170212765956,0.5,nan,nan,-0.0014166010526106554,0.9609972041006525,False,0.611830093734164,False
motion_onset,-30,700,150,678,141,0,0.48936170212765956,0.5,nan,nan,-0.0014166010526106554,0.9609972041006525,False,0.611830093734164,False
motion_onset,-20,700,150,678,141,0,0.48936170212765956,0.5,nan,nan,-0.0014166010526106554,0.9609972041006525,False,0.611830093734164,False
motion_onset,-10,700,150,678,141,0,0.48936170212765956,0.5,nan,nan,-0.0014166010526106554,0.9609972041006525,False,0.611830093734164,False
motion_onset,0,700,150,678,141,0,0.48936170212765956,0.5,nan,nan,-0.0014166010526106554,0.9609972041006525,False,0.611830093734164,False
motion_onset,10,700,150,678,141,0,0.7659574468085106,0.8820450885668276,0.4211895994409797,0.5972905462464999,0.17482597390606525,0.9609972041006525,False,0.611830093734164,False
motion_onset,20,700,150,678,141,0,0.8368794326241135,0.9172705314009661,0.4578931988683969,0.6378470154229078,0.20654267673744953,0.9609972041006525,False,0.611830093734164,False
motion_onset,30,700,150,678,141,0,0.8368794326241135,0.9311594202898551,0.4749048153536337,0.6533677052313437,0.22199781008813324,0.9609972041006525,False,0.611830093734164,False
motion_onset,40,700,150,678,141,0,0.851063829787234,0.9388083735909822,0.4911129900356613,0.6679603537935019,0.23692201518090905,0.9609972041006525,False,0.611830093734164,False
motion_onset,50,700,150,678,141,0,0.851063829787234,0.9418276972624798,0.5110791157341926,0.678894173074359,0.2570680723616535,0.9609972041006525,False,0.611830093734164,False
motion_onset,60,700,150,678,141,0,0.851063829787234,0.949476650563607,0.524977336100611,0.6868234143739722,0.27187854801873756,0.9609972041006525,False,0.611830093734164,False
motion_onset,70,700,150,678,141,0,0.8723404255319149,0.9565217391304348,0.5300706056495282,0.6871967643006357,0.27799190728491285,0.9609972041006525,False,0.611830093734164,False
motion_onset,80,700,150,678,141,0,0.8865248226950354,0.9643719806763286,0.5434607182471268,0.69627094537535,0.29221252676806375,0.9609972041006525,True,0.611830093734164,False
motion_onset,90,700,150,678,141,0,0.900709219858156,0.9726247987117552,0.5467698230797321,0.6941446286501622,0.2961399243692663,0.9609972041006525,True,0.611830093734164,False
motion_onset,100,700,150,678,141,0,0.900709219858156,0.9752415458937199,0.5534384130755357,0.6990870705364683,0.30325083609522807,0.9609972041006525,True,0.611830093734164,False
motion_onset,110,700,150,678,141,0,0.900709219858156,0.9766505636070854,0.5627008490011346,0.7066998533268145,0.313669872691541,0.9609972041006525,True,0.611830093734164,False
motion_onset,120,700,150,678,141,0,0.9078014184397163,0.980072463768116,0.5740122464422774,0.7136370505355794,0.32690581556435716,0.9609972041006525,True,0.611830093734164,False
motion_onset,130,700,150,678,141,0,0.9078014184397163,0.9810789049919484,0.5860852539584598,0.7206418063025023,0.34149239563613,0.9609972041006525,True,0.611830093734164,False
motion_onset,140,700,150,678,141,0,0.9078014184397163,0.9826892109500807,0.597518895811192,0.7227290101782302,0.35551596218811143,0.9609972041006525,True,0.611830093734164,False
motion_onset,150,700,150,678,141,0,0.9078014184397163,0.9842995169082126,0.6045384542397733,0.732137428330148,0.36434281370798705,0.9609972041006525,True,0.611830093734164,False
motion_onset,160,700,150,678,141,0,0.9078014184397163,0.9853059581320451,0.6054272059138477,0.7307364771767635,0.3654888357346312,0.9609972041006525,True,0.611830093734164,False
motion_onset,170,700,150,678,141,0,0.9148936170212766,0.9865136876006442,0.6099601376700158,0.7316076270056446,0.37099294878907063,0.9609972041006525,True,0.611830093734164,False
motion_onset,180,700,150,678,141,0,0.9219858156028369,0.9857085346215781,0.6135176292326183,0.7285994933108139,0.3754583695782683,0.9609972041006525,True,0.611830093734164,True
motion_onset,190,700,150,678,141,0,0.9148936170212766,0.9845008051529791,0.6171410906473036,0.7258580381350282,0.38003140360761656,0.9609972041006525,True,0.611830093734164,True
motion_onset,200,700,150,678,141,0,0.9290780141843972,0.9857085346215781,0.6197106852994761,0.7228036801635629,0.38328939224093717,0.9609972041006525,True,0.611830093734164,True
motion_onset,210,700,150,678,141,0,0.9219858156028369,0.9842995169082126,0.6238854318324666,0.719059513756167,0.3884361772599916,0.9609972041006525,True,0.611830093734164,True
motion_onset,220,700,150,678,141,0,0.9219858156028369,0.9847020933977456,0.6234840394406914,0.7189350637806124,0.3878294549905913,0.9609972041006525,True,0.611830093734164,True
motion_onset,230,700,150,678,141,0,0.9219858156028369,0.9853059581320451,0.6238148166419738,0.7186648295479799,0.3882118836456241,0.9609972041006525,True,0.611830093734164,True
motion_onset,240,700,150,678,141,0,0.9219858156028369,0.9840982286634461,0.6215219824510022,0.7208018134139296,0.3850263802995274,0.9609972041006525,True,0.611830093734164,True
motion_onset,250,700,150,678,141,0,0.9219858156028369,0.9828904991948471,0.6218442471033375,0.7185368238588382,0.38529993952379793,0.9609972041006525,True,0.611830093734164,True
motion_onset,260,700,150,678,141,0,0.9219858156028369,0.9822866344605475,0.6211520303062423,0.7162647228765724,0.38429286519891337,0.9609972041006525,True,0.611830093734164,True
motion_onset,270,700,150,678,141,0,0.9148936170212766,0.9806763285024155,0.6249268983146798,0.716734077070092,0.38884436920455334,0.9609972041006525,True,0.611830093734164,True
motion_onset,280,700,150,678,141,0,0.9219858156028369,0.9782608695652174,0.6271370487528427,0.7073007689230632,0.3914726290898377,0.9609972041006525,True,0.611830093734164,True
motion_onset,290,700,150,678,141,0,0.9219858156028369,0.9776570048309179,0.6300299100934951,0.7011493844170853,0.395100144803615,0.9609972041006525,True,0.611830093734164,True
motion_onset,300,700,150,678,141,0,0.9219858156028369,0.9772544283413849,0.6300628641686558,0.7000328903506823,0.3948969717632598,0.9609972041006525,True,0.611830093734164,True
motion_onset,310,700,150,678,141,0,0.9148936170212766,0.9788647342995169,0.6306132795551196,0.6990479576870083,0.39545188770390227,0.9609972041006525,True,0.611830093734164,True
motion_onset,320,700,150,678,141,0,0.9219858156028369,0.9802737520128825,0.6324770093194099,0.7012560558247034,0.39772558973417094,0.9609972041006525,True,0.611830093734164,True
motion_onset,330,700,150,678,141,0,0.9290780141843972,0.9818840579710145,0.6352994434074425,0.7055335792701899,0.4013296431665726,0.9609972041006525,True,0.611830093734164,True
motion_onset,340,700,150,678,141,0,0.9290780141843972,0.9826892109500804,0.6381235018903776,0.7059851548957733,0.4048373901355866,0.9609972041006525,True,0.611830093734164,True
motion_onset,350,700,150,678,141,0,0.9290780141843972,0.9842995169082125,0.6415195874963154,0.7029556869194187,0.4089593642441297,0.9609972041006525,True,0.611830093734164,True
motion_onset,360,700,150,678,141,0,0.9361702127659575,0.9849033816425121,0.6445904789340398,0.699595537579448,0.4125285435683892,0.9609972041006525,True,0.611830093734164,True
motion_onset,370,700,150,678,141,0,0.9290780141843972,0.9855072463768115,0.6477079723164256,0.7011351615627361,0.41634644950372157,0.9609972041006525,True,0.611830093734164,True
motion_onset,380,700,150,678,141,0,0.9290780141843972,0.9857085346215781,0.6529556958967488,0.7027174541090716,0.42329371909445146,0.9609972041006525,True,0.611830093734164,True
motion_onset,390,700,150,678,141,0,0.9290780141843972,0.9869162640901771,0.6562231022610401,0.7017076314502868,0.4277627868425933,0.9609972041006525,True,0.611830093734164,True
motion_onset,400,700,150,678,141,0,0.9219858156028369,0.9873188405797102,0.6584659640253059,0.7037735010444909,0.43082438417964386,0.9609972041006525,True,0.611830093734164,True
motion_offset,-350,700,150,678,141,0,0.900709219858156,0.9812801932367149,0.639226956782663,0.7054766878527935,0.40417776398049543,0.9609972041006525,True,0.611830093734164,True
motion_offset,-340,700,150,678,141,0,0.9078014184397163,0.9836956521739131,0.6461317616198454,0.7093844170852038,0.41290237782699757,0.9609972041006525,True,0.611830093734164,True
motion_offset,-330,700,150,678,141,0,0.9290780141843972,0.9861111111111112,0.6529401971378619,0.7140210676030045,0.42158739146259994,0.9609972041006525,True,0.611830093734164,True
motion_offset,-320,700,150,678,141,0,0.950354609929078,0.9881239935587762,0.6577999266565463,0.7162576114493978,0.42780039679241966,0.9609972041006525,True,0.611830093734164,True
motion_offset,-310,700,150,678,141,0,0.9432624113475178,0.9897342995169082,0.6581736437173267,0.7150451131161385,0.42878812019098766,0.9609972041006525,True,0.611830093734164,True
motion_offset,-300,700,150,678,141,0,0.950354609929078,0.9907407407407407,0.6569477945313832,0.7140246233165919,0.427512650874169,0.9609972041006525,True,0.611830093734164,True
motion_offset,-290,700,150,678,141,0,0.950354609929078,0.9923510466988728,0.6549010171489055,0.7137721676518957,0.42515562647042926,0.9609972041006525,True,0.611830093734164,True
motion_offset,-280,700,150,678,141,0,0.950354609929078,0.9929549114331722,0.653418594799744,0.7179572425441132,0.4233358564925599,0.9609972041006525,True,0.611830093734164,True
motion_offset,-270,700,150,678,141,0,0.950354609929078,0.9929549114331724,0.6524499249153716,0.7183945953153473,0.4224233521145968,0.9609972041006525,True,0.611830093734164,True
motion_offset,-260,700,150,678,141,0,0.9574468085106383,0.9929549114331723,0.6569673630435622,0.7219894217520779,0.4280049717389893,0.9609972041006525,True,0.611830093734164,True
motion_offset,-250,700,150,678,141,0,0.9574468085106383,0.9921497584541064,0.6630615319145314,0.724211742744122,0.43548828720651545,0.9609972041006525,True,0.611830093734164,True
motion_offset,-240,700,150,678,141,0,0.9574468085106383,0.9917471819645733,0.6698860775848753,0.7295950931152496,0.4439945107111041,0.9609972041006525,True,0.611830093734164,True
motion_offset,-230,700,150,678,141,0,0.9574468085106383,0.9927536231884058,0.6752078847618961,0.7361696075381129,0.45066697820387625,0.9609972041006525,True,0.611830093734164,True
motion_offset,-220,700,150,678,141,0,0.9574468085106383,0.9921497584541064,0.679689481128307,0.7421716520734255,0.4562097021075111,0.9609972041006525,True,0.611830093734164,True
motion_offset,-210,700,150,678,141,0,0.9574468085106383,0.9923510466988728,0.682362912205402,0.7427441219609761,0.4594868878095253,0.9609972041006525,True,0.611830093734164,True
motion_offset,-200,700,150,678,141,0,0.950354609929078,0.9925523349436394,0.6860526249618417,0.7424134405973599,0.4640760151294855,0.9609972041006525,True,0.611830093734164,True
motion_offset,-190,700,150,678,141,0,0.950354609929078,0.9933574879227053,0.6904720253828962,0.7423103249033292,0.46944833784455264,0.9609972041006525,True,0.611830093734164,True
motion_offset,-180,700,150,678,141,0,0.950354609929078,0.9933574879227053,0.6939618270040724,0.7426267834125962,0.4738317880883077,0.9609972041006525,True,0.611830093734164,True
motion_offset,-170,700,150,678,141,0,0.950354609929078,0.9943639291465378,0.697062120515004,0.7434730432463665,0.47774067585022395,0.9609972041006525,True,0.611830093734164,True
motion_offset,-160,700,150,678,141,0,0.950354609929078,0.9941626409017713,0.7002236896739674,0.7428650162229433,0.4819538487797699,0.9609972041006525,True,0.611830093734164,True
motion_offset,-150,700,150,678,141,0,0.950354609929078,0.9941626409017714,0.702519596111168,0.74202231210276,0.48518145496693743,0.9609972041006525,True,0.611830093734164,True
motion_offset,-140,700,150,678,141,0,0.9574468085106383,0.9943639291465378,0.703658238967314,0.7413538379483533,0.48712283092821507,0.9609972041006525,True,0.611830093734164,True
motion_offset,-130,700,150,678,141,0,0.9574468085106383,0.9947665056360708,0.7053327717840662,0.7417342993021914,0.4898101399633139,0.9609972041006525,True,0.611830093734164,True
motion_offset,-120,700,150,678,141,0,0.9574468085106383,0.9949677938808373,0.7078426781585829,0.7415529579092406,0.4935744292386165,0.9609972041006525,True,0.611830093734164,True
motion_offset,-110,700,150,678,141,0,0.9574468085106383,0.9953703703703705,0.7103795089203094,0.7425556691408508,0.4970414428221547,0.9609972041006525,True,0.611830093734164,True
motion_offset,-100,700,150,678,141,0,0.9574468085106383,0.996376811594203,0.7133888145934283,0.7474589981776968,0.5010685139626132,0.9609972041006525,True,0.611830093734164,True
motion_offset,-90,700,150,678,141,0,0.9574468085106383,0.996376811594203,0.7169613894508369,0.7503142361882751,0.5056641065278473,0.9609972041006525,True,0.611830093734164,True
motion_offset,-80,700,150,678,141,0,0.9574468085106383,0.996376811594203,0.7201330437585666,0.7553277923463265,0.5096511703120925,0.9609972041006525,True,0.611830093734164,True
motion_offset,-70,700,150,678,141,0,0.9574468085106383,0.9965780998389694,0.7218556048016005,0.7555482465887373,0.5117069887636173,0.9609972041006525,True,0.611830093734164,True
motion_offset,-60,700,150,678,141,0,0.9645390070921985,0.9967793880837359,0.7236493969180307,0.7550895595359794,0.5141067935337573,0.9609972041006525,True,0.611830093734164,True
motion_offset,-50,700,150,678,141,0,0.9645390070921985,0.9971819645732689,0.724969067740415,0.7536352726787858,0.5159948951915099,0.9609972041006525,True,0.611830093734164,True
motion_offset,-40,700,150,678,141,0,0.9645390070921985,0.9973832528180354,0.7259307449991356,0.7541472954353527,0.5176963629639417,0.9609972041006525,True,0.611830093734164,True
motion_offset,-30,700,150,678,141,0,0.9645390070921985,0.9975845410628019,0.7277094674235454,0.7542539668429709,0.5205181848925369,0.9609972041006525,True,0.611830093734164,True
motion_offset,-20,700,150,678,141,0,0.9716312056737588,0.9977858293075684,0.7300720255756994,0.7519783101471176,0.5241634977766593,0.9609972041006525,True,0.611830093734164,True
motion_offset,-10,700,150,678,141,0,0.9716312056737588,0.9981884057971014,0.7324235019993833,0.7549508867060758,0.5279109352230815,0.9609972041006525,True,0.611830093734164,True
motion_offset,0,700,150,678,141,0,0.9787234042553191,0.998389694041868,0.7340502860434621,0.7553846837637229,0.5305834045358558,0.9609972041006525,True,0.611830093734164,True
motion_offset,10,700,150,678,141,0,0.9787234042553191,0.9985909822866345,0.7360871785291245,0.7564833992621895,0.5335850599263532,0.9609972041006525,True,0.611830093734164,True
motion_offset,20,700,150,678,141,0,0.9787234042553191,0.9985909822866345,0.7370252649779657,0.7548904395750923,0.5352153538343483,0.9609972041006525,True,0.611830093734164,True
motion_offset,30,700,150,678,141,0,0.9787234042553191,0.9985909822866345,0.738327390272389,0.7544210853815726,0.5372797810276608,0.9609972041006525,True,0.611830093734164,True
motion_offset,40,700,150,678,141,0,0.9787234042553191,0.9985909822866345,0.739719824337366,0.7578132361438286,0.5393216030989516,0.9609972041006525,True,0.611830093734164,True
motion_offset,50,700,150,678,141,0,0.9787234042553191,0.9985909822866345,0.7418695667369708,0.7622472109871551,0.5424535836942281,0.9609972041006525,True,0.611830093734164,True
motion_offset,60,700,150,678,141,0,0.9787234042553191,0.9985909822866345,0.743891084531928,0.7691737410551581,0.5454093594766458,0.9609972041006525,True,0.611830093734164,True
motion_offset,70,700,150,678,141,0,0.9787234042553191,0.998792270531401,0.745766183908904,0.7742228543490821,0.5481676397054832,0.9609972041006525,True,0.611830093734164,True
motion_offset,80,700,150,678,141,0,0.9787234042553191,0.9989935587761675,0.747508472201857,0.7807013645050892,0.5507622529277569,0.9609972041006525,True,0.611830093734164,True
motion_offset,90,700,150,678,141,0,0.9787234042553191,0.9989935587761675,0.7491026426397227,0.7887052757900352,0.5531748919928522,0.9609972041006525,True,0.611830093734164,True
motion_offset,100,700,150,678,141,0,0.9787234042553191,0.9989935587761675,0.7505749578280554,0.79281568069692,0.5554564090726024,0.9609972041006525,True,0.611830093734164,True
motion_offset,110,700,150,678,141,0,0.9787234042553191,0.9989935587761675,0.7519505364687165,0.7980781368060803,0.5576471642460801,0.9609972041006525,True,0.611830093734164,True
motion_offset,120,700,150,678,141,0,0.9787234042553191,0.9989935587761675,0.7532510574848154,0.8044677541224055,0.559775114972199,0.9609972041006525,True,0.611830093734164,True
motion_offset,130,700,150,678,141,0,0.9787234042553191,0.999194847020934,0.7545089238570923,0.8082830348015468,0.561893099845574,0.9609972041006525,True,0.611830093734164,True
motion_offset,140,700,150,678,141,0,0.9787234042553191,0.999194847020934,0.7557270200238149,0.8115116227387885,0.5640021130142239,0.9609972041006525,True,0.611830093734164,True
motion_offset,150,700,150,678,141,0,0.9787234042553191,0.999194847020934,0.7569301315511237,0.8151917863016135,0.5661333188476647,0.9609972041006525,True,0.611830093734164,True
motion_offset,160,700,150,678,141,0,0.9787234042553191,0.999194847020934,0.758120854614805,0.8191279612427219,0.568282747303825,0.9609972041006525,True,0.611830093734164,True
motion_offset,170,700,150,678,141,0,0.9787234042553191,0.9993961352657005,0.7592955545565876,0.8214498422152097,0.570434813977575,0.9609972041006525,True,0.611830093734164,True
motion_offset,180,700,150,678,141,0,0.9787234042553191,0.9993961352657005,0.7604571055832628,0.8232703675718922,0.5725873561414049,0.9609972041006525,True,0.611830093734164,True
motion_offset,190,700,150,678,141,0,0.9787234042553191,0.9993961352657005,0.761576387276564,0.8287106093604161,0.5746858284531178,0.9609972041006525,True,0.611830093734164,True
motion_offset,200,700,150,678,141,0,0.9787234042553191,0.9993961352657005,0.7626630514715944,0.8336210498244367,0.5767411449724789,0.9609972041006525,True,0.611830093734164,True
motion_offset,210,700,150,678,141,0,0.9787234042553191,0.9993961352657005,0.7636867432236628,0.836358949286635,0.5786973269752365,0.9609972041006525,True,0.611830093734164,True
motion_offset,220,700,150,678,141,0,0.9787234042553191,0.9993961352657005,0.764636135919944,0.8382968131916974,0.5805319196533112,0.9609972041006525,True,0.611830093734164,True
motion_offset,230,700,150,678,141,0,0.9787234042553191,0.9993961352657005,0.7655111142994012,0.8398506600293346,0.5822416138462561,0.9609972041006525,True,0.611830093734164,True
motion_offset,240,700,150,678,141,0,0.9787234042553191,0.9993961352657005,0.7663109165001829,0.8411129383528158,0.5838210688099985,0.9609972041006525,True,0.611830093734164,True
motion_offset,250,700,150,678,141,0,0.9787234042553191,0.9993961352657005,0.7670240625425112,0.8421014267300769,0.5852536604597991,0.9609972041006525,True,0.611830093734164,True
motion_offset,260,700,150,678,141,0,0.9787234042553191,0.9993961352657005,0.7676595800300193,0.8420978710164897,0.5865495348972827,0.9609972041006525,True,0.611830093734164,True
motion_offset,270,700,150,678,141,0,0.9787234042553191,0.9993961352657005,0.7682206678710971,0.8397724343304148,0.5877140673979986,0.9609972041006525,True,0.611830093734164,True
motion_offset,280,700,150,678,141,0,0.9787234042553191,0.9993961352657005,0.7687095638343092,0.8366682963687275,0.5887491329891932,0.9609972041006525,True,0.611830093734164,True
motion_offset,290,700,150,678,141,0,0.9787234042553191,0.9993961352657005,0.7691443998873211,0.8333792613005023,0.5896803632443017,0.9609972041006525,True,0.611830093734164,True
motion_offset,300,700,150,678,141,0,0.9787234042553191,0.9993961352657005,0.7695277838638457,0.8327641228499044,0.5905122034284944,0.9609972041006525,True,0.611830093734164,True
motion_offset,310,700,150,678,141,0,0.9787234042553191,0.9993961352657005,0.7698575764747915,0.8345953153473489,0.591239845053253,0.9609972041006525,True,0.611830093734164,True
motion_offset,320,700,150,678,141,0,0.9787234042553191,0.9993961352657005,0.770130316039118,0.8336068269700875,0.5918583970797067,0.9609972041006525,True,0.611830093734164,True
motion_offset,330,700,150,678,141,0,0.9716312056737588,0.9993961352657005,0.7703417010181379,0.8338415040668474,0.5923630246734914,0.9609972041006525,True,0.611830093734164,True
motion_offset,340,700,150,678,141,0,0.9716312056737588,0.9993961352657005,0.7705140866663375,0.8349544424196632,0.5927873890569256,0.9609972041006525,True,0.611830093734164,True
motion_offset,350,700,150,678,141,0,0.9787234042553191,0.9993961352657005,0.7706544948130021,0.834019289746211,0.5931447294314607,0.9609972041006525,True,0.611830093734164,True
motion_offset,360,700,150,678,141,0,0.9787234042553191,0.9993961352657005,0.770774494555049,0.8341472954353528,0.593452887149601,0.9609972041006525,True,0.611830093734164,True
motion_offset,370,700,150,678,141,0,0.9787234042553191,0.9993961352657005,0.7708916655531457,0.8331054713542825,0.5937402162504186,0.9609972041006525,True,0.611830093734164,True
motion_offset,380,700,150,678,141,0,0.9787234042553191,0.9993961352657005,0.7710097070205233,0.8337099426641185,0.5940139851436759,0.9609972041006525,True,0.611830093734164,True
motion_offset,390,700,150,678,141,0,0.9787234042553191,0.9993961352657005,0.7711213077593213,0.8354842437441664,0.5942643867380415,0.9609972041006525,True,0.611830093734164,True
motion_offset,400,700,150,678,141,0,0.9787234042553191,0.9993961352657005,0.7712278203614735,0.836149162184986,0.594495089953492,0.9609972041006525,True,0.611830093734164,True
sure_target_onset,-300,362,75,340,66,0,1.0,1.0,0.8135910419515104,0.8508677098150782,0.6591670323541519,0.9609972041006525,True,0.611830093734164,True
sure_target_onset,-290,362,75,340,66,0,1.0,1.0,0.8150356770456426,0.8504409672830725,0.6611710479079658,0.9609972041006525,True,0.611830093734164,True
sure_target_onset,-280,362,75,340,66,0,1.0,1.0,0.8163693682361417,0.8503271692745376,0.6629935664722522,0.9609972041006525,True,0.611830093734164,True
sure_target_onset,-270,362,75,340,66,0,1.0,1.0,0.8176017876320409,0.8475391180654337,0.6646515139930926,0.9609972041006525,True,0.611830093734164,True
sure_target_onset,-260,362,75,340,66,0,1.0,1.0,0.818733125586451,0.8482219061166428,0.6661470503762451,0.9609972041006525,True,0.611830093734164,True
sure_target_onset,-250,362,75,340,66,0,1.0,1.0,0.8197794933991412,0.8503271692745376,0.6675061315571229,0.9609972041006525,True,0.611830093734164,True
sure_target_onset,-240,362,75,340,66,0,1.0,1.0,0.8207520156832295,0.8504978662873398,0.6687449193299879,0.9609972041006525,True,0.611830093734164,True
sure_target_onset,-230,362,75,340,66,0,1.0,1.0,0.8216575906517734,0.84950213371266,0.6698756426817816,0.9609972041006525,True,0.611830093734164,True
sure_target_onset,-220,362,75,340,66,0,1.0,1.0,0.8225046524601562,0.8509530583214794,0.6709119895378512,0.9609972041006525,True,0.611830093734164,True
sure_target_onset,-210,362,75,340,66,0,1.0,1.0,0.8233020170549477,0.8504694167852062,0.6718682205326616,0.9609972041006525,True,0.611830093734164,True
sure_target_onset,-200,362,75,340,66,0,1.0,1.0,0.8240424700624674,0.8490753911806543,0.6727338540121002,0.9609972041006525,True,0.611830093734164,True
sure_target_onset,-190,362,75,340,66,0,1.0,1.0,0.8247177067653763,0.8485348506401137,0.673495423305028,0.9609972041006525,True,0.611830093734164,True
sure_target_onset,-180,362,75,340,66,0,1.0,1.0,0.8253243289967541,0.8493883357041251,0.6741454685624425,0.9609972041006525,True,0.611830093734164,True
sure_target_onset,-170,362,75,340,66,0,1.0,1.0,0.8258473700885056,0.8485917496443812,0.6746568424252458,0.9609972041006525,True,0.611830093734164,True
sure_target_onset,-160,362,75,340,66,0,1.0,1.0,0.8262813217097866,0.8485348506401137,0.6750193935710063,0.9609972041006525,True,0.611830093734164,True
sure_target_onset,-150,362,75,340,66,0,1.0,1.0,0.8266244883576379,0.8479374110953057,0.6752297712202705,0.9609972041006525,True,0.611830093734164,True
sure_target_onset,-140,362,75,340,66,0,1.0,1.0,0.8268827164467307,0.847823613086771,0.6752993365858808,0.9609972041006525,True,0.611830093734164,True
sure_target_onset,-130,362,75,340,66,0,1.0,1.0,0.8270615245368672,0.8507539118065433,0.6752382758708783,0.9609972041006525,True,0.611830093734164,True
sure_target_onset,-120,362,75,340,66,0,1.0,1.0,0.8271682346889507,0.8514082503556187,0.675061536539769,0.9609972041006525,True,0.611830093734164,True
sure_target_onset,-110,362,75,340,66,0,1.0,1.0,0.8272098100555209,0.8487908961593171,0.6747823099944149,0.9609972041006525,True,0.611830093734164,True
sure_target_onset,-100,362,75,340,66,0,1.0,1.0,0.8271944880171715,0.847425320056899,0.6744163061683293,0.9609972041006525,True,0.611830093734164,True
sure_target_onset,-90,362,75,340,66,0,1.0,1.0,0.8271276964952784,0.8471977240398294,0.6739748796481152,0.9609972041006525,True,0.611830093734164,True
sure_target_onset,-80,362,75,340,66,0,1.0,1.0,0.8270087187840518,0.8466571834992888,0.6734582999161725,0.9609972041006525,True,0.611830093734164,True
sure_target_onset,-70,362,75,340,66,0,1.0,1.0,0.8268435287133852,0.8461450924608819,0.6728762556342089,0.9609972041006525,True,0.611830093734164,True
sure_target_onset,-60,362,75,340,66,0,1.0,1.0,0.8266374913784584,0.844836415362731,0.672238367472727,0.9609972041006525,True,0.611830093734164,True
sure_target_onset,-50,362,75,340,66,0,1.0,1.0,0.8263933025183187,0.8444950213371265,0.6715440100773689,0.9609972041006525,True,0.611830093734164,True
sure_target_onset,-40,362,75,340,66,0,1.0,1.0,0.8261154997217991,0.8411379800853485,0.6707973998085864,0.9609972041006525,True,0.611830093734164,True
sure_target_onset,-30,362,75,340,66,0,1.0,1.0,0.8258028057983959,0.8401422475106685,0.6699924401936737,0.9609972041006525,True,0.611830093734164,True
sure_target_onset,-20,362,75,340,66,0,1.0,1.0,0.8254613403952761,0.8372403982930299,0.6691390117772396,0.9609972041006525,True,0.611830093734164,True
sure_target_onset,-10,362,75,340,66,0,1.0,1.0,0.8250942271906346,0.8350782361308676,0.6682424528618442,0.9609972041006525,True,0.611830093734164,True
sure_target_onset,0,362,75,340,66,0,1.0,1.0,0.8247070354590315,0.832375533428165,0.6673150913266039,0.9609972041006525,True,0.611830093734164,True
sure_target_onset,10,362,75,340,66,0,1.0,1.0,0.8243097118996962,0.8330298719772403,0.6663798792394799,0.9609972041006525,True,0.611830093734164,True
sure_target_onset,20,362,75,340,66,0,1.0,1.0,0.823886755171294,0.8295590327169274,0.6654195364560197,0.9609972041006525,True,0.611830093734164,True
sure_target_onset,30,362,75,340,66,0,1.0,1.0,0.8234529270398734,0.8265433854907538,0.6644672069330447,0.9609972041006525,True,0.611830093734164,True
sure_target_onset,40,362,75,340,66,0,1.0,1.0,0.8230258025009032,0.8254338549075391,0.6635545575419257,0.9609972041006525,True,0.611830093734164,True
sure_target_onset,50,362,75,340,66,0,1.0,1.0,0.8226116235569654,0.8232432432432432,0.6626927198127768,0.9609972041006525,True,0.611830093734164,True
sure_target_onset,60,362,75,340,66,0,1.0,1.0,0.8222122621347665,0.8227596017069702,0.6618848831627848,0.9609972041006525,True,0.611830093734164,True
sure_target_onset,70,362,75,340,66,0,1.0,1.0,0.8218313561984155,0.8218492176386913,0.661131173462703,0.9609972041006525,True,0.611830093734164,True
sure_target_onset,80,362,75,340,66,0,1.0,1.0,0.8214282185587325,0.8197724039829302,0.6603486270499965,0.9609972041006525,True,0.611830093734164,True
sure_target_onset,90,362,75,340,66,0,1.0,1.0,0.8209489531990595,0.8172972972972973,0.6594392799068708,0.9609972041006525,True,0.611830093734164,True
sure_target_onset,100,362,75,340,66,0,1.0,1.0,0.8203786200030505,0.8164722617354195,0.6583666648195097,0.9609972041006525,True,0.611830093734164,True
go_cue,-500,700,150,678,141,0,0.9929078014184397,1.0,0.765305830502891,0.8324974443308594,0.5851575675055753,0.9609972041006525,True,0.611830093734164,True
go_cue,-490,700,150,678,141,0,0.9929078014184397,1.0,0.7650374682687011,0.8259051513400596,0.584605185184277,0.9609972041006525,True,0.611830093734164,True
go_cue,-480,700,150,678,141,0,0.9929078014184397,1.0,0.7648336480693897,0.8182105871372061,0.5841247624615249,0.9609972041006525,True,0.611830093734164,True
go_cue,-470,700,150,678,141,0,0.9929078014184397,1.0,0.7646035916062042,0.8126672296546513,0.5835634371495892,0.9609972041006525,True,0.611830093734164,True
go_cue,-460,700,150,678,141,0,0.9929078014184397,1.0,0.764393912664301,0.806078492377439,0.5829836194294489,0.9609972041006525,True,0.611830093734164,True
go_cue,-450,700,150,678,141,0,0.9929078014184397,1.0,0.7642093850999853,0.8019289746210942,0.5824208116200418,0.9609972041006525,True,0.611830093734164,True
go_cue,-440,700,150,678,141,0,0.9929078014184397,1.0,0.7639718341926205,0.7973954397973243,0.5817920128035238,0.9609972041006525,True,0.611830093734164,True
go_cue,-430,700,150,678,141,0,0.9929078014184397,1.0,0.7638234013551363,0.7971892084092628,0.581308849765271,0.9609972041006525,True,0.611830093734164,True
go_cue,-420,700,150,678,141,0,0.9929078014184397,1.0,0.7640446630579376,0.7955678030134673,0.5813892356732342,0.9609972041006525,True,0.611830093734164,True
go_cue,-410,700,150,678,141,0,0.9929078014184397,1.0,0.7644942830022089,0.7932743677496777,0.5818468297542606,0.9609972041006525,True,0.611830093734164,True
go_cue,-400,700,150,678,141,0,0.9929078014184397,1.0,0.7649044511453525,0.7896759855993599,0.5822380015608022,0.9609972041006525,True,0.611830093734164,True
go_cue,-390,700,150,678,141,0,0.9929078014184397,1.0,0.7652939837889131,0.7855478021245388,0.5825859864911349,0.9609972041006525,True,0.611830093734164,True
go_cue,-380,700,150,678,141,0,0.9929078014184397,1.0,0.7655583310093067,0.7847335437130539,0.582713902965949,0.9609972041006525,True,0.611830093734164,True
go_cue,-370,700,150,678,141,0,0.9929078014184397,1.0,0.7654624792125178,0.7822196542068537,0.58232084402233,0.9609972041006525,True,0.611830093734164,True
go_cue,-360,700,150,678,141,0,0.9929078014184397,1.0,0.7651365390028888,0.7812027201208944,0.5816218340977712,0.9609972041006525,True,0.611830093734164,True
go_cue,-350,700,150,678,141,0,0.9929078014184397,1.0,0.7649642979300779,0.7793964176185608,0.5812489821476887,0.9609972041006525,True,0.611830093734164,True
go_cue,-340,700,150,678,141,0,0.9929078014184397,1.0,0.7649022307932344,0.7799831103604605,0.5811456388292557,0.9609972041006525,True,0.611830093734164,True
go_cue,-330,700,150,678,141,0,0.9929078014184397,1.0,0.7649857527879622,0.7812169429752435,0.5813155241164188,0.9609972041006525,True,0.611830093734164,True
go_cue,-320,700,150,678,141,0,0.9929078014184397,1.0,0.765006344353643,0.7830268011911641,0.5813930482158818,0.9609972041006525,True,0.611830093734164,True
go_cue,-310,700,150,678,141,0,0.9929078014184397,1.0,0.7648446818960123,0.7847015422907685,0.5811633279057435,0.9609972041006525,True,0.611830093734164,True
go_cue,-300,700,150,678,141,0,0.9929078014184397,1.0,0.7644911388766625,0.7866429619094183,0.5805971907790157,0.9609972041006525,True,0.611830093734164,True
go_cue,-290,700,150,678,141,0,0.9929078014184397,1.0,0.7641956220902343,0.7870483132583671,0.5800700954844356,0.9609972041006525,True,0.611830093734164,True
go_cue,-280,700,150,678,141,0,0.9929078014184397,1.0,0.7638576753640182,0.7913080581359172,0.5794711849309215,0.9609972041006525,True,0.611830093734164,True
go_cue,-270,700,150,678,141,0,1.0,1.0,0.763470873423934,0.7944441975198898,0.5788248542505302,0.9609972041006525,True,0.611830093734164,True
go_cue,-260,700,150,678,141,0,1.0,1.0,0.7631049134344181,0.796378505711365,0.5782478870368843,0.9609972041006525,True,0.611830093734164,True
go_cue,-250,700,150,678,141,0,1.0,1.0,0.7627825559371603,0.7962362771678742,0.5777572515600948,0.9609972041006525,True,0.611830093734164,True
go_cue,-240,700,150,678,141,0,1.0,1.0,0.7621921224936499,0.7997137650562248,0.576839281772798,0.9609972041006525,True,0.611830093734164,True
go_cue,-230,700,150,678,141,0,1.0,1.0,0.7613832196488572,0.8051006711409396,0.5755664028771504,0.9609972041006525,True,0.611830093734164,True
go_cue,-220,700,150,678,141,0,1.0,1.0,0.7604604562286127,0.8116858527045647,0.5740995944256471,0.9609972041006525,True,0.611830093734164,True
go_cue,-210,700,150,678,141,0,0.9929078014184397,1.0,0.7593550256873839,0.8148682163651718,0.572346517932097,0.9609972041006525,True,0.611830093734164,True
go_cue,-200,700,150,678,141,0,0.9929078014184397,1.0,0.7580418263568607,0.8185981599182186,0.5702963289000609,0.9609972041006525,True,0.611830093734164,True
go_cue,-190,700,150,678,141,0,0.9929078014184397,1.0,0.7566390812298056,0.8217236321614295,0.5681249210387276,0.9609972041006525,True,0.611830093734164,True
go_cue,-180,700,150,678,141,0,0.9929078014184397,1.0,0.7550951657586513,0.8235299346637629,0.5657504009016197,0.9609972041006525,True,0.611830093734164,True
go_cue,-170,700,150,678,141,0,0.9929078014184397,1.0,0.7534628605193536,0.8225307791457399,0.5632650996821251,0.9609972041006525,True,0.611830093734164,True
go_cue,-160,700,150,678,141,0,0.9929078014184397,1.0,0.7518893472280325,0.8230712476110049,0.5608952361014206,0.9609972041006525,True,0.611830093734164,True
go_cue,-150,700,150,678,141,0,0.9929078014184397,1.0,0.7504687851829523,0.8228010133783725,0.558789605740653,0.9609972041006525,True,0.611830093734164,True
go_cue,-140,700,150,678,141,0,0.9929078014184397,1.0,0.7492230695844692,0.82376816747411,0.557003154059043,0.9609972041006525,True,0.611830093734164,True
go_cue,-130,700,150,678,141,0,0.9929078014184397,1.0,0.7481952545778807,0.8244224187741678,0.5555922285252457,0.9609972041006525,True,0.611830093734164,True
go_cue,-120,700,150,678,141,0,0.9929078014184397,1.0,0.7473571837576387,0.8234765989599537,0.5545001740230233,0.9609972041006525,True,0.611830093734164,True
go_cue,-110,700,150,678,141,0,0.9929078014184397,1.0,0.7466780315947268,0.8234268189697321,0.5536721590094235,0.9609972041006525,True,0.611830093734164,True
go_cue,-100,700,150,678,141,0,0.9929078014184397,1.0,0.7461425697612478,0.8216774078847948,0.5530752710429978,0.9609972041006525,True,0.611830093734164,True
go_cue,-90,700,150,678,141,0,0.9929078014184397,1.0,0.7457520822635461,0.8198497711009378,0.5527050021265363,0.9609972041006525,True,0.611830093734164,True
go_cue,-80,700,150,678,141,0,0.9929078014184397,1.0,0.7455362540077312,0.8189359527090094,0.552599401873854,0.9609972041006525,True,0.611830093734164,True
go_cue,-70,700,150,678,141,0,0.9929078014184397,1.0,0.7455073444879796,0.8168807502555671,0.5527755958585691,0.9609972041006525,True,0.611830093734164,True
go_cue,-60,700,150,678,141,0,0.9929078014184397,1.0,0.7456757461815359,0.8158175918929731,0.5532488851426521,0.9609972041006525,True,0.611830093734164,True
go_cue,-50,700,150,678,141,0,0.9929078014184397,1.0,0.7460563715755516,0.8136450508911508,0.5540427768477771,0.9609972041006525,True,0.611830093734164,True
go_cue,-40,700,150,678,141,0,0.9929078014184397,1.0,0.7466279198516724,0.812781012489444,0.555122573831969,0.9609972041006525,True,0.611830093734164,True
go_cue,-30,700,150,678,141,0,0.9929078014184397,1.0,0.7473736480105175,0.8104306858082582,0.556461728598465,0.9609972041006525,True,0.611830093734164,True
go_cue,-20,700,150,678,141,0,0.9929078014184397,1.0,0.7482472658847675,0.8089408418151919,0.5579830624581489,0.9609972041006525,True,0.611830093734164,True
go_cue,-10,700,150,678,141,0,0.9929078014184397,1.0,0.7492021488026916,0.8078065691808525,0.5596174473389258,0.9609972041006525,True,0.611830093734164,True
go_cue,0,700,150,678,141,0,0.9929078014184397,1.0,0.7501979156288916,0.8074829992444108,0.5613028247850183,0.9609972041006525,True,0.611830093734164,True
go_cue,10,700,150,678,141,0,0.9929078014184397,1.0,0.7512021677338417,0.8054811324947776,0.562987469913945,0.9609972041006525,True,0.611830093734164,True
go_cue,20,700,150,678,141,0,0.9929078014184397,1.0,0.7522697032277516,0.8058935952709009,0.564773070642974,0.9609972041006525,True,0.611830093734164,True
go_cue,30,700,150,678,141,0,0.9929078014184397,1.0,0.7533964812442526,0.8014311747188764,0.5666483379233567,0.9609972041006525,True,0.611830093734164,True
go_cue,40,700,150,678,141,0,0.9929078014184397,1.0,0.7545912309563649,0.8003360149339971,0.5686222570538118,0.9609972041006525,True,0.611830093734164,True
go_cue,50,700,150,678,141,0,0.9929078014184397,1.0,0.7558322727407604,0.7984763767278545,0.5706595677077677,0.9609972041006525,True,0.611830093734164,True
go_cue,60,700,150,678,141,0,0.9929078014184397,1.0,0.7570368019859062,0.7953757944797546,0.5726278988848355,0.9609972041006525,True,0.611830093734164,True
go_cue,70,700,150,678,141,0,0.9929078014184397,1.0,0.7580932916952212,0.79424863327259,0.5743496229663192,0.9609972041006525,True,0.611830093734164,True
go_cue,80,700,150,678,141,0,0.9929078014184397,1.0,0.7589401580155285,0.793541046268723,0.5757343038062802,0.9609972041006525,True,0.611830093734164,True
go_cue,90,700,150,678,141,0,0.9929078014184397,1.0,0.7595575564982275,0.7935232677007867,0.5767532404624032,0.9609972041006525,True,0.611830093734164,True
go_cue,100,700,150,678,141,0,0.9929078014184397,1.0,0.7599793522489072,0.792922352104538,0.5774592592773091,0.9609972041006525,True,0.611830093734164,True
go_cue,110,700,150,678,141,0,0.9929078014184397,1.0,0.7602466645378605,0.7912760567136318,0.5779144566703487,0.9609972041006525,True,0.611830093734164,True
go_cue,120,700,150,678,141,0,0.9929078014184397,1.0,0.7603892674986493,0.7889719543090804,0.5781625705522646,0.9609972041006525,True,0.611830093734164,True
go_cue,130,700,150,678,141,0,0.9929078014184397,1.0,0.7604617546480822,0.788993288590604,0.5782845875707171,0.9609972041006525,True,0.611830093734164,True
go_cue,140,700,150,678,141,0,0.9929078014184397,1.0,0.7604966807279119,0.7878234588203921,0.5783273204583348,0.9609972041006525,True,0.611830093734164,True
go_cue,150,700,150,678,141,0,0.9929078014184397,0.9997987117552335,0.7605684014484503,0.7888119471976532,0.5784004334183088,0.9609972041006525,True,0.611830093734164,True
go_cue,160,700,150,678,141,0,0.9929078014184397,0.9997987117552335,0.7607029196264874,0.7890395128672385,0.5785397055579632,0.9609972041006525,True,0.611830093734164,True
go_cue,170,700,150,678,141,0,0.9929078014184397,0.9997987117552335,0.7609210151060181,0.7891284057069203,0.5787736581983524,0.9609972041006525,True,0.611830093734164,True
go_cue,180,700,150,678,141,0,0.9929078014184397,0.9997987117552335,0.7611825455084578,0.7921472065425129,0.5790405251985999,0.9609972041006525,True,0.611830093734164,True
go_cue,190,700,150,678,141,0,0.9858156028368794,0.999597423510467,0.7614007891339435,0.7965634028179032,0.5792145682426779,0.9609972041006525,True,0.611830093734164,True
go_cue,200,700,150,678,141,0,0.9787234042553191,0.999597423510467,0.7615050242357927,0.7993439708431486,0.5791986140526149,0.9609972041006525,True,0.611830093734164,True
go_cue,210,700,150,678,141,0,0.9787234042553191,0.999597423510467,0.7613930219954564,0.8009973776612295,0.5788558525175913,0.9609972041006525,True,0.611830093734164,True
go_cue,220,700,150,678,141,0,0.9787234042553191,0.999597423510467,0.7609685918176639,0.8019858660384906,0.5780600437390118,0.9609972041006525,True,0.611830093734164,True
go_cue,230,700,150,678,141,0,0.9787234042553191,0.9993961352657005,0.760172067816882,0.8036606071380951,0.5767356502712947,0.9609972041006525,True,0.611830093734164,True
go_cue,240,700,150,678,141,0,0.9787234042553191,0.9993961352657005,0.7589806509912971,0.8049868883061471,0.5748642014681536,0.9609972041006525,True,0.611830093734164,True
go_cue,250,700,150,678,141,0,0.9787234042553191,0.999194847020934,0.7574266467934596,0.8059362638339483,0.5725003938742799,0.9609972041006525,True,0.611830093734164,True
go_cue,260,700,150,678,141,0,0.9787234042553191,0.999194847020934,0.755602545279712,0.806985199342193,0.5697809382881436,0.9609972041006525,True,0.611830093734164,True
go_cue,270,700,150,678,141,0,0.9787234042553191,0.999194847020934,0.7536324292210296,0.8067860793813058,0.5668881660983893,0.9609972041006525,True,0.611830093734164,True
go_cue,280,700,150,678,141,0,0.9787234042553191,0.999194847020934,0.7516709491647412,0.8067576336726078,0.5640385744853196,0.9609972041006525,True,0.611830093734164,True
go_cue,290,700,150,678,141,0,0.9787234042553191,0.999194847020934,0.7498733909863953,0.8067185208231478,0.5614552498690649,0.9609972041006525,True,0.611830093734164,True
go_cue,300,700,150,678,141,0,0.9787234042553191,0.999194847020934,0.7483316591333351,0.8064767322992132,0.5592615308819077,0.9609972041006525,True,0.611830093734164,True
