bin_index,n_trials,internal_margin_min,internal_margin_max,internal_margin_mean,p_correct_proxy_mean,empirical_accuracy,expected_direction_value_mean,sure_target_mean,external_sensory_margin_mean,external_sure_strength_mean,coherence_mean,sure_available_rate
0,100,8.466839790344238e-05,0.17100244760513306,0.0890741403400898,0.5591333456803129,0.59,0.5591333456803129,0.4806373995758633,1.0264824294671415,0.752957650902677,0.01088,0.72
1,100,0.17377279698848724,0.3886011242866516,0.28490919531323017,0.7571126044518306,0.7,0.7571126044518306,0.2680491477741219,1.7965705493092536,0.5479511284856345,0.022720000000000004,0.68
2,100,0.38993610441684723,0.5311981253325939,0.46403100506991907,0.8767587070068283,0.81,0.8767587070068283,0.1832195480894121,4.1241035343706605,0.3640946437545234,0.05792000000000001,0.59
3,100,0.5313594192266464,0.6315285116434097,0.5879121055465657,0.9272131987971136,0.9,0.9272131987971136,0.15991299401165798,8.10432430677116,0.19281626139863314,0.11328000000000003,0.6
4,100,0.6327779144048691,0.7096503600478172,0.6720877087843837,0.9512077931517766,0.93,0.9512077931517766,0.152211794687262,9.495942502319814,0.17120563653053603,0.12800000000000003,0.59
5,100,0.7106173224747181,0.795722559094429,0.7562265148176812,0.9641133940480299,0.99,0.9641133940480299,0.14808036839103023,15.738744676113129,0.1425516010353489,0.18688000000000002,0.46
6,100,0.7959695905447006,0.8796808049082756,0.8416553587478119,0.9780046144478619,1.0,0.9780046144478619,0.14371166749455067,14.765161903500557,0.17586757711235892,0.20288000000000003,0.19
7,100,0.8809878528118134,0.9524739161133766,0.9154497943259776,0.9827067494535554,0.98,0.9827067494535554,0.14227587883201584,22.24552893400192,0.14282609387185735,0.25056000000000006,0.24
8,100,0.9544913917779922,1.0951717644929886,1.0137490192336553,0.9896530680891964,1.0,0.9896530680891964,0.14027518753807922,24.258252363204956,0.13918375678844852,0.29760000000000003,0.39
9,100,1.0954892113804817,1.6845704540610313,1.261555460758973,0.9962356422723867,1.0,0.9962356422723867,0.1387235387270615,36.52461262702942,0.13794072012995157,0.4262400000000001,0.7
