duration_bin,margin_bin,duration_mean_ms,margin_mean,n_trials,empirical_accuracy
0,0,459.35483870967744,0.18139188993541944,62,0.6774193548387096
0,1,472.72727272727275,0.5174162044602947,44,0.9318181818181818
0,2,467.5,0.6967824598887091,32,1.0
0,3,457.77777777777777,0.8642132882658323,27,1.0
0,4,447.14285714285717,1.1044242949712844,21,1.0
1,0,613.2,0.1942766624316573,50,0.72
1,1,633.4375,0.5314486627030419,32,0.875
1,2,630.5263157894736,0.7126923109171912,38,0.9473684210526315
1,3,634.6341463414634,0.880312751138174,41,1.0
1,4,645.5555555555555,1.132858205296927,45,1.0
2,0,798.1818181818181,0.18473675553545807,33,0.6666666666666666
2,1,785.2,0.5207007832528325,50,0.88
2,2,799.25,0.7155389419058338,40,1.0
2,3,807.5555555555555,0.8709338785459598,45,1.0
2,4,802.0,1.110299733877182,25,1.0
3,0,940.6896551724138,0.19441251199820947,29,0.5172413793103449
3,1,945.5,0.5386160007001308,40,0.85
3,2,951.9565217391304,0.7216848496109773,46,0.9565217391304348
3,3,969.7142857142857,0.8897414529563061,35,0.9714285714285714
3,4,947.2222222222222,1.1325505302197092,54,1.0
4,0,1106.1538461538462,0.1809202879667282,26,0.5384615384615384
4,1,1108.5294117647059,0.5247635784779798,34,0.7058823529411765
4,2,1115.4545454545455,0.7189321606949141,44,0.9090909090909091
4,3,1114.6153846153845,0.8836722757595663,52,0.9807692307692307
4,4,1128.3636363636363,1.1717035743220052,55,1.0
